title,author,img_url,series_name,series_position,description,publishedDate,averageRating,pageCount,categories,publisher,language,previewLink,infoLink,isbn_10,isbn_13
"City of Ashes (The Mortal Instruments, #2)",Cassandra Clare,https://images-na.ssl-images-amazon.com/images/S/compressed.photo.goodreads.com/books/1432730356i/1582996.jpg,,,"Revisit the magic of the Mortal Instruments with this lavish new Collector's Edition of City of Ashes, which has new cover art, stunning endpapers and a letter from Cassie. A must-have gift for any Shadowhunter fan.Love and power are the deadliest temptations... Haunted by her past, Clary is dragged deeper into New York City's terrifying underworld of demons and Shadowhunters[Bokinfo].",2023-07,0,0,Young Adult Fiction,Unknown,en,"http://books.google.co.in/books?id=Ct6izwEACAAJ&dq=City+of+Ashes+(The+Mortal+Instruments,+%232)+Cassandra+Clare&hl=&cd=1&source=gbs_api","http://books.google.co.in/books?id=Ct6izwEACAAJ&dq=City+of+Ashes+(The+Mortal+Instruments,+%232)+Cassandra+Clare&hl=&source=gbs_api",1529514169,9781529514162
"Hush, Hush (Hush, Hush, #1)",Becca Fitzpatrick,https://images-na.ssl-images-amazon.com/images/S/compressed.photo.goodreads.com/books/1358261334i/6339664.jpg,,,"Enter the realm of fallen angels and rising passions with this boxed set that includes Hush, Hush, Crescendo, Silence, and Finale. A gripping saga that chronicles the destiny of Nora and Patch from the beginning of their relationship to the dire events ~ and forces ~ that threaten to tear them apart, this collection of all four Hush, Hush books is the perfect present for loyal fans and series newcomers. Praise for Hush, Hush: 'A rollercoaster of twists and turns...a great, new and different novel' Sunday Express 'A fast-paced, exhilarating read...fans of paranormal romance should be rapt' Publishers Weekly 'Absolutely brilliant!' BellaAndEdward.com Praise for Crescendo: 'Dark, sexy and compelling' The Bookseller 'Great sexual tension… hot, tense and moreish' The Bookbag Praise for Silence: 'An action packed suspenseful story that had my eyes glued to the page and tears falling…Silence is another fascinating, memorable, heart-breaking, story.' Dark Readers 'The perfect escape into fantasy and a love that can break all boundaries.' Sugarscape Praise for Finale: 'Finale was everything I hoped it would be and more. I have been a fan of the Hush, Hush series since the beginning and Finale was the perfect, well, finale.' Bookbabblers 'By far my favorite book in the entire series, it brings all of the elements of the story to a fantastic conclusion.' Book Angel Booktopia 'Fitzpatrick is an awesome author, and her writing constantly kept me turning the pages addictively.' Once Upon a Bookcase",2013-12-19,5,1486,Juvenile Fiction,Simon and Schuster,en,"http://books.google.co.in/books?id=CQsKAQAAQBAJ&printsec=frontcover&dq=Hush,+Hush+(Hush,+Hush,+%231)+Becca+Fitzpatrick&hl=&cd=1&source=gbs_api",https://play.google.com/store/books/details?id=CQsKAQAAQBAJ&source=gbs_api,1471121615,9781471121616
"Clockwork Angel (The Infernal Devices, #1)",Cassandra Clare,https://images-na.ssl-images-amazon.com/images/S/compressed.photo.goodreads.com/books/1693490271i/7171637.jpg,,,"Danger intensifies for the Shadowhunters. If the only way to save the world was to destroy what you loved most, would you do it? The clock is ticking. Everyone must choose. Passion. Power. Secrets. Enchantment. Danger closes in around the Shadowhunters in the third and final instalment of the bestselling Infernal Devices trilogy.",2014-01,0,564,Demonology,Unknown,en,"http://books.google.co.in/books?id=o6qNngEACAAJ&dq=Clockwork+Angel+(The+Infernal+Devices,+%231)+Cassandra+Clare&hl=&cd=1&source=gbs_api","http://books.google.co.in/books?id=o6qNngEACAAJ&dq=Clockwork+Angel+(The+Infernal+Devices,+%231)+Cassandra+Clare&hl=&source=gbs_api",1406357006,9781406357004
"City of Glass (The Mortal Instruments, #3)",Cassandra Clare,https://images-na.ssl-images-amazon.com/images/S/compressed.photo.goodreads.com/books/1369452339i/3777732.jpg,,,"""Includes a sneak peak at book four of the Mortal instruments, and a chapter from the new prequel series, the Infernal devices""--P. [4] of cover.",2010-08-03,5,576,Juvenile Fiction,Simon and Schuster,en,"http://books.google.co.in/books?id=WabhBQAAQBAJ&printsec=frontcover&dq=City+of+Glass+(The+Mortal+Instruments,+%233)+Cassandra+Clare&hl=&cd=1&source=gbs_api","http://books.google.co.in/books?id=WabhBQAAQBAJ&dq=City+of+Glass+(The+Mortal+Instruments,+%233)+Cassandra+Clare&hl=&source=gbs_api",1416972250,9781416972259
"Marked (House of Night, #1)",P.C. Cast,https://images-na.ssl-images-amazon.com/images/S/compressed.photo.goodreads.com/books/1317067002i/30183.jpg,,,"It seems that (un)life is going pretty well for Zoey Redbird. She's settled in at the House of Night finishing school and is coming to terms with the vast powers the vampyre goddess, Nyx, has given her. She even has a boyfriend ... or two. Best of all, Zoey finally feels she has found somewhere she belongs. Then the unthinkable happens. Human teenagers are being killed, and all the evidence points to the vampires at Zoey's school. While danger stalks the humans from Zoey's past life, she begins to realise that the very powers that made her so unique might also threaten those she loves. Then, when she needs her new friends the most, death strikes the House of Night. Zoey finds herself facing a betrayal that could break her heart and jeopardise the very fabric of her world. - Not suitable for younger readers -",2009-02-05,5,223,Juvenile Fiction,Hachette UK,en,"http://books.google.co.in/books?id=HRTfpOFHwb4C&printsec=frontcover&dq=Marked+(House+of+Night,+%231)+P.C.+Cast&hl=&cd=1&source=gbs_api",https://play.google.com/store/books/details?id=HRTfpOFHwb4C&source=gbs_api,0748111344,9780748111343
"Graceling (Graceling Realm, #1)",Kristin Cashore,https://images-na.ssl-images-amazon.com/images/S/compressed.photo.goodreads.com/books/1331548394i/3236307.jpg,,,"Discover the Graceling Realm in this unforgettable, award-winning novel from bestselling author Kristin Cashore. A New York Times bestseller * ALA Best Book for Young Adults * Mythopoeic Fantasy Award for Children's Literature Winner * Publishers Weekly, School Library Journal, Booklist, and BCCB Best Book of the Year “Rageful, exhilarating, wistful in turns"" (New York Times Book Review) with “a knee weakening romance” (Los Angeles Times). Graceling is a thrilling, action-packed fantasy adventure that will resonate deeply with anyone trying to find their way in the world. Graceling tells the story of the vulnerable-yet-strong Katsa, who is smart and beautiful and lives in the Seven Kingdoms where selected people are born with a Grace, a special talent that can be anything at all. Katsa’s Grace is killing. As the king’s niece, she is forced to use her extreme skills as his brutal enforcer. Until the day she meets Prince Po, who is Graced with combat skills, and Katsa’s life begins to change. She never expects to become Po’s friend. She never expects to learn a new truth about her own Grace—or about a terrible secret that lies hidden far away . . . a secret that could destroy all seven kingdoms with words alone. And don’t miss the sequel Fire and companion Bitterblue, both award-winning New York Times bestsellers featuring Kristin Cashore’s elegant, evocative prose and unforgettable characters. This ebook includes sample chapters of Fire, Bitterblue, and Jane, Unlimited.",2009-09-07,4,485,Young Adult Fiction,HarperCollins,en,"http://books.google.co.in/books?id=6c4to5UOjS0C&dq=Graceling+(Graceling+Realm,+%231)+Kristin+Cashore&hl=&cd=1&source=gbs_api","http://books.google.co.in/books?id=6c4to5UOjS0C&dq=Graceling+(Graceling+Realm,+%231)+Kristin+Cashore&hl=&source=gbs_api",0547351275,9780547351278
"Frostbite (Vampire Academy, #2)",Richelle Mead,https://images-na.ssl-images-amazon.com/images/S/compressed.photo.goodreads.com/books/1361098960i/2282133.jpg,,,"St Vladimir's Academy isn't just any boarding school - hidden away, it's a place where vampires are educated in the ways of magic and half-human teens train to protect them. Rose Hathaway is a Dhampir, a bodyguard for her best friend Lissa, a Moroi Vampire Princess. They've been on the run, but now they're being dragged back to St Vladimir's where the girls must survive a world of forbidden romances, a ruthless social scene and terrifying night time rituals. But most of all, staying alive.",2009-05-26,5,309,Juvenile Fiction,Penguin UK,en,"http://books.google.co.in/books?id=e2EI76-_-vIC&dq=Frostbite+(Vampire+Academy,+%232)+Richelle+Mead&hl=&cd=1&source=gbs_api","http://books.google.co.in/books?id=e2EI76-_-vIC&dq=Frostbite+(Vampire+Academy,+%232)+Richelle+Mead&hl=&source=gbs_api",0141328525,9780141328522
"Shiver (The Wolves of Mercy Falls, #1)",Maggie Stiefvater,https://images-na.ssl-images-amazon.com/images/S/compressed.photo.goodreads.com/books/1409283154i/6068551.jpg,,,"Lose yourself in Maggie Stiefvater's NEW YORK TIMES bestselling Shiver series: SHIVER, LINGER, and FOREVER. shiverSam's not just a normal boy -- he has a secret. During the summer he walks and talks as a human, but when the cold comes, he runs with his pack as a wolf. Grace has spent years watching the wolves in the woods behind her house -- but never dreamed that she would fall in love with one of them. Now that they've found each other, the clock ticks down on what could be Grace and Sam's only summer together.lingerCan Grace and Sam last? Each will have to fight to stay together -- whether it means a reckoning with his werewolf past for Sam, or for Grace, facing a future that is less and less certain. Enter Cole, a new wolf who is wrestling with his own demons, embracing the life of a wolf while denying the ties of being human. For Grace, Sam, and Cole, life is harrowing and euphoric, enticing and alarming. As their world falls apart, love is what lingers. But can it be enough?",2011-07-12,5,1140,Young Adult Fiction,Scholastic Inc.,en,"http://books.google.co.in/books?id=abcsSIWWXKYC&printsec=frontcover&dq=Shiver+(The+Wolves+of+Mercy+Falls,+%231)+Maggie+Stiefvater&hl=&cd=1&source=gbs_api",https://play.google.com/store/books/details?id=abcsSIWWXKYC&source=gbs_api,0545387671,9780545387675
"I'd Tell You I Love You, But Then I'd Have to Kill You (Gallagher Girls, #1)",Ally Carter,https://images-na.ssl-images-amazon.com/images/S/compressed.photo.goodreads.com/books/1334491180i/852470.jpg,,,"As a sophomore at a secret spy school and the daughter of a former CIA operative, Cammie is sheltered from ""normal teenage life"" until she meets a local boy while on a class surveillance mission",2010,4,0,Boarding school students,Unknown,en,"http://books.google.co.in/books?id=2Pu4PwAACAAJ&dq=I%27d+Tell+You+I+Love+You,+But+Then+I%27d+Have+to+Kill+You+(Gallagher+Girls,+%231)+Ally+Carter&hl=&cd=1&source=gbs_api","http://books.google.co.in/books?id=2Pu4PwAACAAJ&dq=I%27d+Tell+You+I+Love+You,+But+Then+I%27d+Have+to+Kill+You+(Gallagher+Girls,+%231)+Ally+Carter&hl=&source=gbs_api",1408309513,9781408309513
"The Last Olympian (Percy Jackson and the Olympians, #5)",Rick Riordan,https://images-na.ssl-images-amazon.com/images/S/compressed.photo.goodreads.com/books/1723393514i/4556058.jpg,,,"The fifth book in the bestselling Percy Jackson and the Olympians series - now as a graphic novel! Discover the story behind the Disney+ series. Most people get presents on their sixteenth birthday. I get a prophecy that could save or destroy the world. It happens when you're the son of Poseidon, God of the Sea. According to an ancient prophecy, I turn sixteen and the fate of the entire world is on me. But no pressure. Now Kronos, Lord of the Titans, is beginning his attack on New York City. And the dreaded monster Typhon is also heading our way. So it's me and forty of my demi-god friends versus untold evil . . . Return to the World of Percy Jackson in the best-selling, brand-new adventure featuring the original hero in Percy Jackson and the Olympians: Chalice of the Gods – out now! And don't miss the trio's next adventure in Percy Jackson and the Olympians: Wrath of the Triple Goddess, coming soon!",2019-08-15,0,132,Juvenile Fiction,Penguin UK,en,"http://books.google.co.in/books?id=kIJ6DwAAQBAJ&printsec=frontcover&dq=The+Last+Olympian+(Percy+Jackson+and+the+Olympians,+%235)+Rick+Riordan&hl=&cd=1&source=gbs_api",https://play.google.com/store/books/details?id=kIJ6DwAAQBAJ&source=gbs_api,0241342910,9780241342916
"Cinder (The Lunar Chronicles, #1)",Marissa Meyer,https://images-na.ssl-images-amazon.com/images/S/compressed.photo.goodreads.com/books/1507557775i/36381037.jpg,,,"A forbidden romance. A deadly plague. Earth's fate hinges on one girl . . . CINDER, a gifted mechanic in New Beijing, is also a cyborg. She's reviled by her stepmother and blamed for her stepsister's sudden illness. But when her life becomes entwined with the handsome Prince Kai's, she finds herself at the centre of a violent struggle between the desires of an evil queen - and a dangerous temptation. Cinder is caught between duty and freedom, loyalty and betrayal. Now she must uncover secrets about her mysterious past in order to protect Earth's future. This is not the fairytale you remember. But it's one you won't forget.",2012-01-05,5,328,Juvenile Fiction,Penguin UK,en,"http://books.google.co.in/books?id=AwWIIQPRkGAC&printsec=frontcover&dq=Cinder+(The+Lunar+Chronicles,+%231)+Marissa+Meyer&hl=&cd=1&source=gbs_api",https://play.google.com/store/books/details?id=AwWIIQPRkGAC&source=gbs_api,0141971746,9780141971742
"Matched (Matched, #1)",Ally Condie,https://images-na.ssl-images-amazon.com/images/S/compressed.photo.goodreads.com/books/1367706191i/7735333.jpg,,,"Matched is the first book in an utterly compelling series by Ally Condie. On her seventeenth birthday, Cassia meets her Match. Society dictates he is her perfect partner for life. Except he's not. In Cassia's society, Officials decide who people love. How many children they have. Where they work. When they die. But, as Cassia finds herself falling in love with another boy, she is determined to make some choices of her own. And that's when her whole world begins to unravel . . . 'Don't miss this gripping page turner' - She 'A must read' - The Sun",2010-12-02,4.5,266,Juvenile Fiction,Penguin UK,en,"http://books.google.co.in/books?id=0ofpjCLBT1cC&printsec=frontcover&dq=Matched+(Matched,+%231)+Ally+Condie&hl=&cd=1&source=gbs_api",https://play.google.com/store/books/details?id=0ofpjCLBT1cC&source=gbs_api,0141966696,9780141966694
"The Angel Experiment (Maximum Ride, #1)",James  Patterson,https://images-na.ssl-images-amazon.com/images/S/compressed.photo.goodreads.com/books/1339277875i/13152.jpg,,,"___________________________ ‘Has all the characteristics of his work . . . pace, action, mystery and cool’ SUNDAY TIMES Max. Fang. Iggy. Gasman. Nudge. Angel. Six extraordinary avian-human hybrids, they are the result of a cruel Biotech experiment which manipulated their DNA and turned them into kids with wings. Hunted all their lives, the flock have had to fight life-threatening battles against their shadowy enemies. But as their predators evolved, their unique ability to fly is no longer enough to save them. Driven to the wastelands of Antartica, each day brings a new threat for the flock. While fighting to save their own lives, they have a new mission to undertake . . . One with potentially devastating global consequences. ________________________________ This book was recently reissued with a new cover, so stock may vary.",2008-09-04,4.5,322,Young Adult Fiction,Random House,en,"http://books.google.co.in/books?id=4Ku2YIHS0moC&printsec=frontcover&dq=The+Angel+Experiment+(Maximum+Ride,+%231)+James++Patterson&hl=&cd=1&source=gbs_api",https://play.google.com/store/books/details?id=4Ku2YIHS0moC&source=gbs_api,1407005421,9781407005423
"The Titan’s Curse (Percy Jackson and the Olympians, #3)",Rick Riordan,https://images-na.ssl-images-amazon.com/images/S/compressed.photo.goodreads.com/books/1361038385i/561456.jpg,,,"In this sequel to Dreiser's novel The Financier, the author continues his exploration of the social and economic forces at play in the rise of the new class of super-rich capitalists in early twentieth-century America. Protagonist Frank Cowperwood attempts to leave his shameful past behind and settles in Chicago with his new wife. Will this quintessentially American act of self-reinvention succeed?",2012-02-01,0,675,Fiction,The Floating Press,en,"http://books.google.co.in/books?id=n9AC1RN44wYC&printsec=frontcover&dq=The+Titan%E2%80%99s+Curse+(Percy+Jackson+and+the+Olympians,+%233)+Rick+Riordan&hl=&cd=1&source=gbs_api",https://play.google.com/store/books/details?id=n9AC1RN44wYC&source=gbs_api,1775455068,9781775455066
"Shadow Kiss (Vampire Academy, #3)",Richelle Mead,https://images-na.ssl-images-amazon.com/images/S/compressed.photo.goodreads.com/books/1361099049i/2802316.jpg,,,"Vampire Academy is a dark and dangerous series by Richelle Mead, now in graphic novel form. St Vladimir's Academy isn't just any boarding school - hidden away, it's a place where vampires are educated in the ways of magic and half-human teens train to protect them. Rose Hathaway is a Dhampir, a bodyguard for her best friend Lissa, a Moroi Vampire Princess. They've been on the run, but now they're being dragged back to St Vladimir's where the girls must survive a world of forbidden romances, a ruthless social scene and terrifying night time rituals. The biggest test? To stay alive. Richelle Mead, the New York Times bestselling author of the Vampire Academy series, lives in Seattle in the USA.",2014-01-30,0,149,Juvenile Fiction,Penguin UK,en,"http://books.google.co.in/books?id=zYj5AQAAQBAJ&printsec=frontcover&dq=Shadow+Kiss+(Vampire+Academy,+%233)+Richelle+Mead&hl=&cd=1&source=gbs_api",https://play.google.com/store/books/details?id=zYj5AQAAQBAJ&source=gbs_api,014133861X,9780141338613
"The Battle of the Labyrinth (Percy Jackson and the Olympians, #4)",Rick Riordan,https://images-na.ssl-images-amazon.com/images/S/compressed.photo.goodreads.com/books/1355333381i/8130423.jpg,,,"When demonic cheerleaders invade his high school, Percy Jackson hurries to Camp Half Blood, from whence he and his demigod friends set out on a quest through the Labyrinth, while the war between the Olympians and the evil Titan lord Kronos draws near",2008,0,0,"Animals, Mythical",Unknown,en,"http://books.google.co.in/books?id=s8kMogEACAAJ&dq=The+Battle+of+the+Labyrinth+(Percy+Jackson+and+the+Olympians,+%234)+Rick+Riordan&hl=&cd=1&source=gbs_api","http://books.google.co.in/books?id=s8kMogEACAAJ&dq=The+Battle+of+the+Labyrinth+(Percy+Jackson+and+the+Olympians,+%234)+Rick+Riordan&hl=&source=gbs_api",1484444264,9781484444269
"The Selection (The Selection, #1)",Kiera Cass,https://images-na.ssl-images-amazon.com/images/S/compressed.photo.goodreads.com/books/1322103400i/10507293.jpg,,,"Fall in love—from the very beginning. Discover the first book in the captivating, #1 New York Times bestselling Selection series. This ebook edition contains an excerpt of Kiera Cass's newest novel, The Betrothed, a glittering royal romance sure to captivate Kiera Cass’s legion of loyal readers and lovers of courtly intrigue alike! Prepare to be swept into a world of breathless fairy-tale romance, swoonworthy characters, glittering gowns, and fierce intrigue perfect for readers who loved Divergent, Delirium, or The Wrath & the Dawn. For thirty-five girls, the Selection is the chance of a lifetime. The opportunity to escape a rigid caste system, live in a palace, and compete for the heart of gorgeous Prince Maxon. But for America Singer, being Selected is a nightmare. It means turning her back on her secret love with Aspen, who is a caste below her, and competing for a crown she doesn’t want. Then America meets Prince Maxon—and realizes that the life she’s always dreamed of may not compare to a future she never imagined. Don’t miss The Betrothed, a glittering royal romance sure to captivate Kiera Cass’s legion of loyal readers and lovers of courtly intrigue alike!",2012-04-24,4.5,304,Young Adult Fiction,Harper Collins,en,"http://books.google.co.in/books?id=HbhccC9yumAC&printsec=frontcover&dq=The+Selection+(The+Selection,+%231)+Kiera+Cass&hl=&cd=1&source=gbs_api",https://play.google.com/store/books/details?id=HbhccC9yumAC&source=gbs_api,0062059955,9780062059956
"Blood Promise (Vampire Academy, #4)",Richelle Mead,https://images-na.ssl-images-amazon.com/images/S/compressed.photo.goodreads.com/books/1442530605i/5996153.jpg,,,"Vampire Academy is a dark and dangerous series by Richelle Mead, now in graphic novel form. St Vladimir's Academy isn't just any boarding school - hidden away, it's a place where vampires are educated in the ways of magic and half-human teens train to protect them. Rose Hathaway is a Dhampir, a bodyguard for her best friend Lissa, a Moroi Vampire Princess. They've been on the run, but now they're being dragged back to St Vladimir's where the girls must survive a world of forbidden romances, a ruthless social scene and terrifying night time rituals. The biggest test? To stay alive. Richelle Mead, the New York Times bestselling author of the Vampire Academy series, lives in Seattle in the USA.",2014-01-30,0,149,Juvenile Fiction,Penguin UK,en,"http://books.google.co.in/books?id=zYj5AQAAQBAJ&printsec=frontcover&dq=Blood+Promise+(Vampire+Academy,+%234)+Richelle+Mead&hl=&cd=1&source=gbs_api",https://play.google.com/store/books/details?id=zYj5AQAAQBAJ&source=gbs_api,014133861X,9780141338613
"The Lost Hero (The Heroes of Olympus, #1)",Rick Riordan,https://images-na.ssl-images-amazon.com/images/S/compressed.photo.goodreads.com/books/1464201003i/7736182.jpg,,,"Equipped with a camera and determination, a little girl sets out to track down an elusive red fox. But foxes are sneaky, and it proves more difficult than she thought. Nilah Magruder's debut picture book charmingly tells the story of what it means to not give up and how sometimes what you're looking for is closer than you think.",2016-11-15,0,40,Juvenile Fiction,Feiwel & Friends,en,"http://books.google.co.in/books?id=X0RQDQAAQBAJ&printsec=frontcover&dq=The+Lost+Hero+(The+Heroes+of+Olympus,+%231)+Rick+Riordan&hl=&cd=1&source=gbs_api",https://play.google.com/store/books/details?id=X0RQDQAAQBAJ&source=gbs_api,1250141338,9781250141330
"Legend (Legend, #1)",Marie Lu,https://images-na.ssl-images-amazon.com/images/S/compressed.photo.goodreads.com/books/1501368160i/9275658.jpg,,,"Leviathan has dismantled S.H.A.D.E.-and that means Frankenstein is once again a free agent! Now he can set his sights on his former mentor, Melmoth, the one evil that got away. With bad things happening all across the Multiverse, this may be Frankenstein’s last shot at setting things right. Of course, Melmoth has his own agenda, and it’s going to take more than a lone monster to take him down. So Frankenstein heads to Gotham City in search of allies and recruits Killer Croc, Lady Clayface, Orca and vampire Andrew Bennett. But will even these dread creatures be enough to save humanity before the entire cosmos collapses in on itself?",2019-09-11,0,26,Comics & Graphic Novels,DC Comics,en,"http://books.google.co.in/books?id=WgGoDwAAQBAJ&pg=PT1&dq=Legend+(Legend,+%231)+Marie+Lu&hl=&cd=1&source=gbs_api","http://books.google.co.in/books?id=WgGoDwAAQBAJ&dq=Legend+(Legend,+%231)+Marie+Lu&hl=&source=gbs_api",,
"Pretties (Uglies, #2)",Scott Westerfeld,https://images-na.ssl-images-amazon.com/images/S/compressed.photo.goodreads.com/books/1388314207i/24768.jpg,,,"NOW A NO.1 FILM ON NETFLIX The first book in Scott Westerfeld's international bestselling Uglies series - over six million copies of the series have been sold worldwide! In Tally Youngblood’s world, looks matter. At sixteen everyone undergoes a transformation from “Ugly” to “Pretty” and is catapulted into a high-tech paradise where the only thing that matters is having a great time and you never have to worry or think for yourself. Tally can’t wait. But then, with just weeks to go to Tally’s birthday, her friend Shay runs away and the ugly truth about the world of the Pretties starts to reveal itself. What if the beauty of the Pretties utopia really is just skin deep? ‘Fast paced, exciting and thought-provoking.’ The Bookseller's Choice ‘Superb sci-fi.’ Amanda Craig, The Times Supplement ‘Westerfeld introduces thought-provoking issues’ Publishers Weekly ‘The longing for fairy-tale beauty has never looked so sinister’ Amanda Craig, The Times ‘With a beginning and ending that pack hefty punches, this introduction to a dystopic future promises an exciting series.’ Kirkus *starred review* ‘Naughty children, from Max in Maurice Sendak's Where the Wild Things Are, to Tally in Scott Westerfeld's Uglies trilogy, have the imagination and energy to go beyond convention.’ The Times ‘This exciting story makes you realise how important it is not to judge people by appearances.’ Newcastle Upon Tyne Journal ‘This book is a real thrill-ride and the world utterly convincing.’ Trashionista.com 'Fun, and the many by-the-skin-of-your-teeth escapes and hoverboard chases, plus the non-stop action plotting were enough to catch my attention and have me eagerly wanting more.’ The Book Smugglers Also by Scott Westerfeld: Pretties Specials Extras",2010-03-04,5,324,Juvenile Fiction,Simon and Schuster,en,"http://books.google.co.in/books?id=D9KwSCJtr8MC&printsec=frontcover&dq=Pretties+(Uglies,+%232)+Scott+Westerfeld&hl=&cd=1&source=gbs_api","http://books.google.co.in/books?id=D9KwSCJtr8MC&dq=Pretties+(Uglies,+%232)+Scott+Westerfeld&hl=&source=gbs_api",1847389090,9781847389091
"Eldest (The Inheritance Cycle, #2)",Christopher Paolini,https://images-na.ssl-images-amazon.com/images/S/compressed.photo.goodreads.com/books/1387119654i/45978.jpg,,,"Don’t miss the eagerly anticipated epic new fantasy from Christopher Paolini—Murtagh! Experience the international fantasy sensation that is the Inheritance Cycle with this complete collection of the New York Times bestselling series! For the first time, here are all four books in one ebook collection. ""Christopher Paolini is a true rarity."" --The Washington Post One boy, one dragon, and a world of adventure come together in this four-book boxed set collection that makes a perfect gift for fantasy fans. Eragon Fifteen-year-old Eragon believes that he is merely a poor farm boy—until his destiny as a Dragon Rider is revealed. Eragon is soon swept into a dangerous tapestry of magic, glory, and power. Now his choices could save—or destroy—the Empire. Eldest Eragon must travel to Ellesmera, land of the elves, for further training in the skills of the Dragon Rider: magic and swordsmanship. But chaos and betrayal plague him at every turn, and nothing is what it seems. Before long, Eragon doesn’t know whom he can trust. Brisingr There is more adventure at hand for the Rider and his dragon, as Eragon finds himself bound by a tangle of promises he may not be able to keep.When unrest claims the rebels and danger strikes from every corner, Eragon must make choices that may lead to unimagined sacrifice. Inheritance Long months of training and battle have brought victories and hope, but they have also brought heartbreaking loss. Eragon and Saphira have come further than anyone dared to hope. But can they topple the evil king and restore justice to Alagaësia? And if so, at what cost?",2014-12-09,5,3373,Juvenile Fiction,Knopf Books for Young Readers,en,"http://books.google.co.in/books?id=rThEBQAAQBAJ&dq=Eldest+(The+Inheritance+Cycle,+%232)+Christopher+Paolini&hl=&cd=1&source=gbs_api","http://books.google.co.in/books?id=rThEBQAAQBAJ&dq=Eldest+(The+Inheritance+Cycle,+%232)+Christopher+Paolini&hl=&source=gbs_api",0553538098,9780553538090
"Evermore (The Immortals, #1)",Alyson Noel,https://images-na.ssl-images-amazon.com/images/S/compressed.photo.goodreads.com/books/1362336360i/3975774.jpg,,,"Seventeen-year-old Ever is the sole survivor of a car crash that killed her entire family. Living with her aunt in Southern California, she's plagued by the ability to hear the thoughts of those around her, and haunted by the ghost of her little sister. She tries to tune everyone out, shunning her old lifestyle as the pretty, popular cheerleader, but somehow she can't hide from Damen, the new guy at school. Stunningly handsome, clever and not a little bit intimidating, there's something about him that doesn't quite add up. Ever realises he's hiding something, but nothing could prepare her for the truth - especially when the truth involves past lives, murderous enemies, everlasting love and the secret of eternal youth . . .",2010-12-03,3.5,388,Juvenile Fiction,Pan Macmillan,en,"http://books.google.co.in/books?id=EJFfFUf5ZUUC&printsec=frontcover&dq=Evermore+(The+Immortals,+%231)+Alyson+Noel&hl=&cd=1&source=gbs_api",https://play.google.com/store/books/details?id=EJFfFUf5ZUUC&source=gbs_api,0330526413,9780330526418
"The Summoning (Darkest Powers, #1)",Kelley Armstrong,https://images-na.ssl-images-amazon.com/images/S/compressed.photo.goodreads.com/books/1478986944i/2800905.jpg,,,"My name is Chloe Saunders and my life will never be the same again. All I wanted was to make friends, meet boys, and keep on being ordinary. I don't even know what that means anymore. It all started on the day that I saw my first ghost—and the ghost saw me. Now there are ghosts everywhere and they won't leave me alone. To top it all off, I somehow got myself locked up in Lyle House, a ""special home"" for troubled teens. Yet the home isn't what it seems. Don't tell anyone, but I think there might be more to my housemates than meets the eye. The question is, whose side are they on? It's up to me to figure out the dangerous secrets behind Lyle House . . . before its skeletons come back to haunt me.",2008-07-01,0,406,Juvenile Fiction,Harper Collins,en,"http://books.google.co.in/books?id=1o0UiwkIBbEC&dq=The+Summoning+(Darkest+Powers,+%231)+Kelley+Armstrong&hl=&cd=1&source=gbs_api","http://books.google.co.in/books?id=1o0UiwkIBbEC&dq=The+Summoning+(Darkest+Powers,+%231)+Kelley+Armstrong&hl=&source=gbs_api",0061662690,9780061662690
"Gone (Gone, #1)",Michael  Grant,https://images-na.ssl-images-amazon.com/images/S/compressed.photo.goodreads.com/books/1400158423i/21851355.jpg,,,"The first in New York Times bestselling author Michael Grant's breathtaking dystopian sci-fi saga, Gone is a page-turning thriller that invokes the classic The Lord of the Flies along with the horror of Stephen King. In the blink of an eye, everyone disappears. Gone. Except for the young. There are teens, but not one single adult. Just as suddenly, there are no phones, no internet, no television. No way to get help. And no way to figure out what's happened. Hunger threatens. Bullies rule. A sinister creature lurks. Animals are mutating. And the teens themselves are changing, developing new talents—unimaginable, dangerous, deadly powers—that grow stronger by the day. It's a terrifying new world. Sides are being chosen, a fight is shaping up. Townies against rich kids. Bullies against the weak. Powerful against powerless. And time is running out: on your birthday, you disappear just like everyone else. . . . “A potent mix of action and thoughtfulness—centered around good and evil, courage and cowardice—renders this a tour de force that will leave readers dazed, disturbed, and utterly breathless.” —ALA Booklist (starred review) Read the entire series: Gone Hunger Lies Plague Fear Light Monster Villain Hero",2009-05-19,3.5,363,Young Adult Fiction,Harper Collins,en,"http://books.google.co.in/books?id=apS34mdVym0C&printsec=frontcover&dq=Gone+(Gone,+%231)+Michael++Grant&hl=&cd=1&source=gbs_api",https://play.google.com/store/books/details?id=apS34mdVym0C&source=gbs_api,0061909645,9780061909641
"Spirit Bound (Vampire Academy, #5)",Richelle Mead,https://images-na.ssl-images-amazon.com/images/S/compressed.photo.goodreads.com/books/1291168967i/6479259.jpg,,,"Rose Zarelli, self-proclaimed word geek and angry girl, has some confessions to make… 1. I'm livid all the time. Why? My dad died. My mom barely talks. My brother abandoned us. I think I'm allowed to be irate, don't you? 2. I make people furious regularly. Want an example? I kissed Jamie Forta, a badass guy who might be dating a cheerleader. She is now enraged and out for blood. Mine. 3. High school might as well be Mars. My best friend has been replaced by an alien, and I see red all the time. (Mars is red and ""seeing red"" means being angry—get it?) Here are some other vocab words that describe my life: Inadequate. Insufferable. Intolerable. (Don't know what they mean? Look them up yourself.) (Sorry. That was rude.) Book 1 of the Confessions series.",2012-08-28,0,271,Young Adult Fiction,Harlequin,en,"http://books.google.co.in/books?id=FV05h_7RZucC&printsec=frontcover&dq=Spirit+Bound+(Vampire+Academy,+%235)+Richelle+Mead&hl=&cd=1&source=gbs_api","http://books.google.co.in/books?id=FV05h_7RZucC&dq=Spirit+Bound+(Vampire+Academy,+%235)+Richelle+Mead&hl=&source=gbs_api",1459237919,9781459237919
"A Great and Terrible Beauty (Gemma Doyle, #1)",Libba Bray,https://images-na.ssl-images-amazon.com/images/S/compressed.photo.goodreads.com/books/1284558475i/3682.jpg,,,"From the author of The Diviners series comes the first installment of the Gemma Doyle Trilogy – a dark and eerie supernatural period drama. It's 1895, and after the death of her mother, 16-year-old Gemma Doyle is shipped off from the life she knows in British India to Spence Academy, a proper boarding school in England. Lonely, guilt-ridden, and prone to visions of the future that have an uncomfortable habit of coming true, Gemma's reception at Spence is a chilly one. To make things worse, she's being followed by a mysterious young Indian man who has been sent to watch her. But why? What is her destiny? And what will her entanglement with Spence's most powerful girls – and their foray into the spiritual world – lead to?",2009-07-01,0,350,Juvenile Fiction,Simon and Schuster,en,"http://books.google.co.in/books?id=yUwHxYwyohcC&printsec=frontcover&dq=A+Great+and+Terrible+Beauty+(Gemma+Doyle,+%231)+Libba+Bray&hl=&cd=1&source=gbs_api",https://play.google.com/store/books/details?id=yUwHxYwyohcC&source=gbs_api,1847387160,9781847387165
"The Iron King (The Iron Fey, #1)",Julie Kagawa,https://images-na.ssl-images-amazon.com/images/S/compressed.photo.goodreads.com/books/1327877670i/6644117.jpg,,,"Wicked faeries and fantastic danger… Welcome to book one of the new trilogy in New York Times bestselling author Julie Kagawa’s Iron Fey fantasy series, as infamous prankster Puck finally has a chance to tell his story and stand with allies new and old to save Faery and the world. For fans of Holly Black and Cassandra Clare! “YOU MAY HAVE HEARD OF ME…” Robin Goodfellow. Puck. Prankster, joker, raven, fool… King Oberon’s right-hand jester from A Midsummer Night’s Dream. The legends are many, but the truth will now be known, as Puck finally tells his own story and faces a threat from a time before Faery began. A threat that brings him face-to-face with a new enemy…himself. With the Iron Queen Meghan Chase and her prince consort, Puck’s longtime rival Ash, and allies old and new by his side, Puck begins a fantastical and dangerous adventure not to be missed or forgotten. Evenfall is coming, and with it a reckoning that even their combined powers and wits may not vanquish, as a shadow falls over the lands of Faery and the world slips into chaos. THE IRON FEY: EVENFALL The Iron Raven The Iron Sword THE IRON FEY: The Iron King The Iron Daughter The Iron Queen The Iron Knight The Iron Prince The Iron Traitor The Iron Warrior Novellas: Shadow’s Legacy (Evenfall #0.5)",2021-02-09,0,386,Young Adult Fiction,Harlequin,en,"http://books.google.co.in/books?id=km3UDwAAQBAJ&printsec=frontcover&dq=The+Iron+King+(The+Iron+Fey,+%231)+Julie+Kagawa&hl=&cd=1&source=gbs_api","http://books.google.co.in/books?id=km3UDwAAQBAJ&dq=The+Iron+King+(The+Iron+Fey,+%231)+Julie+Kagawa&hl=&source=gbs_api",1488069441,9781488069444
The Night Circus,Erin Morgenstern,https://images-na.ssl-images-amazon.com/images/S/compressed.photo.goodreads.com/books/1387124618i/9361589.jpg,,,"THE TIKTOK SENSATION Discover the million-copy bestselling fantasy read. The circus arrives without warning. It is simply there, when yesterday it was not. Against the grey sky the towering tents are striped black and white. A sign hanging upon an iron gates reads: Opens at Nightfall Closes at Dawn Full of breath-taking amazements and open only at night, Le Cirque des Rêves seems to cast a spell over all who wander its circular paths. But behind the glittering acrobats, fortune-tellers and contortionists a fierce competition is underway. Celia and Marco are two young magicians who have been trained since childhood for a deadly duel. With the lives of everyone at the Circus of Dreams at stake, they must test the very limits of the imagination, and of their love. Complete your collection with The Starless Sea, the second novel from the author of the The Night Circus, out now. 'The only response to this novel is simply: wow. It is a breath-taking feat of imagination, a flight of fancy that pulls you in and wraps you up in its spell' The Times",2011-09-15,4.5,404,Fiction,Random House,en,http://books.google.co.in/books?id=GwAWS6C33O4C&printsec=frontcover&dq=The+Night+Circus+Erin+Morgenstern&hl=&cd=1&source=gbs_api,https://play.google.com/store/books/details?id=GwAWS6C33O4C&source=gbs_api,1446468267,9781446468265
"Last Sacrifice (Vampire Academy, #6)",Richelle Mead,https://images-na.ssl-images-amazon.com/images/S/compressed.photo.goodreads.com/books/1319850978i/6527740.jpg,,,"“We’re suckers for it.” — Entertainment Weekly Book two in the international #1 bestselling Vampire Academy series! Rose loves Dimitri, Dimitri might love Tasha, and Mason would die to be with Rose… It’s winter break at St. Vladimir’s, but Rose is feeling anything but festive. A massive Strigoi attack has put the school on high alert, and now the Academy’s crawling with Guardians—including Rose’s hard-hitting mother, Janine Hathaway. And if handto- hand combat with her mom wasn’t bad enough, Rose’s tutor Dimitri has his eye on someone else, her friend Mason’s got a huge crush on her, and Rose keeps getting stuck in Lissa’s head while she’s making out with her boyfriend, Christian! The Strigoi are closing in, and the Academy’s not taking any risks.... This year, St. Vlad’s annual holiday ski trip is mandatory. But the glittering winter landscape and the posh Idaho resort only create the illusion of safety. When three friends run away in an offensive move against the deadly Strigoi, Rose must join forces with Christian to rescue them. But heroism rarely comes without a price…",2008-04-10,4.5,337,Young Adult Fiction,Penguin,en,"http://books.google.co.in/books?id=HYzIFHuhaZwC&dq=Last+Sacrifice+(Vampire+Academy,+%236)+Richelle+Mead&hl=&cd=1&source=gbs_api","http://books.google.co.in/books?id=HYzIFHuhaZwC&dq=Last+Sacrifice+(Vampire+Academy,+%236)+Richelle+Mead&hl=&source=gbs_api",1440631832,9781440631832
"Betrayed (House of Night, #2)",P.C. Cast,https://images-na.ssl-images-amazon.com/images/S/compressed.photo.goodreads.com/books/1406941788i/676924.jpg,,,"Fledgling vampyre Zoey Redbird has managed to settle in at the House of Night. She's come to terms with the vast powers the vampyre goddess, Nyx, has given her. But then human teenagers start dying, and all the evidence points to the House of Night.",2010,0,337,Large print books,Galaxy,en,"http://books.google.co.in/books?id=iE4eSgAACAAJ&dq=Betrayed+(House+of+Night,+%232)+P.C.+Cast&hl=&cd=1&source=gbs_api","http://books.google.co.in/books?id=iE4eSgAACAAJ&dq=Betrayed+(House+of+Night,+%232)+P.C.+Cast&hl=&source=gbs_api",1405664258,9781405664257
The Graveyard Book,Neil Gaiman,https://images-na.ssl-images-amazon.com/images/S/compressed.photo.goodreads.com/books/1531295292i/2213661.jpg,,,"From #1 New York Times bestselling author Neil Gaiman, an ingenious and captivating reimagining of Rudyard Kipling's adventure The Jungle Book that is a glorious meditation on love, loss, survival, sacrifice, and what it means to truly be alive―one of ten classic Gaiman works repackaged with elegant original watercolor art by acclaimed artist Henry Sene Yee Nobody Owens, known to his friends as Bod, is a normal boy. He would have been completely normal if he didn't live in a sprawling graveyard, being raised and educated by ghosts, with a solitary guardian who belongs to neither the world of the living nor of the dead. There are dangers and adventures in the graveyard for a boy--an ancient Indigo Man beneath the hill, a gateway to a desert leading to an abandoned city of ghouls, the strange and terrible menace of the Sleer. But if Bod leaves the graveyard, then he will come under attack from the man Jack--who has already killed Bod's family. . . By turns macabre, uplifting, sinister, and heartwarming, Neil Gaiman's #1 national bestseller is an ingenious reimagining of Rudyard Kipling's classic adventure The Jungle Book. Called a ""novel of wonder . . . a tale of unforgettable enchantment"" by the New York Times Book Review, The Graveyard Book has captivated readers of all ages with its timeless meditation on love, loss, survival, and sacrifice . . . and what it means to truly be alive.",2021-10-19,0,320,Fiction,William Morrow Paperbacks,en,http://books.google.co.in/books?id=l_skzgEACAAJ&dq=The+Graveyard+Book+Neil+Gaiman&hl=&cd=1&source=gbs_api,http://books.google.co.in/books?id=l_skzgEACAAJ&dq=The+Graveyard+Book+Neil+Gaiman&hl=&source=gbs_api,0063089688,9780063089686
"Shatter Me (Shatter Me, #1)",Tahereh Mafi,https://images-na.ssl-images-amazon.com/images/S/compressed.photo.goodreads.com/books/1310649047i/10429045.jpg,,,"OVER 8 MILLION COPIES SOLD. THE GLOBAL BESTSELLER AND TIKTOK SENSATION! ""Addictive, intense, and oozing with romance” Lauren Kate, Fallen ""Dangerous, sexy, romantic and intense! Kami Garcia, Beautiful Creatures “My favourite series of all time” Goodreads review “Perfection” TikTok review",2018-03-06,0,291,Young Adult Fiction,HarperCollins UK,en,"http://books.google.co.in/books?id=MuCiEAAAQBAJ&pg=PP1&dq=Shatter+Me+(Shatter+Me,+%231)+Tahereh+Mafi&hl=&cd=1&source=gbs_api",https://play.google.com/store/books/details?id=MuCiEAAAQBAJ&source=gbs_api,1780318685,9781780318684
"Chosen (House of Night, #3)",P.C. Cast,https://images-na.ssl-images-amazon.com/images/S/compressed.photo.goodreads.com/books/1393192825i/1326258.jpg,,,"Bloodlust and dark forces are at work at the House of Night. Fledgling vampyre Zoey Redbird's adventures at the school are about to take a mysterious turn. Those who appear to be friends are turning out to be enemies. And oddly enough, sworn enemies are also turning into friends. So begins the gripping third installment of this ""highly addictive series"" (Romantic Times), in which Zoey's mettle will be tested like never before. Her best friend, Stevie Rae, is undead and struggling to maintain a grip on her humanity. Zoey doesn't have a clue how to help her, but she does know that anything she and Stevie Rae discover must be kept secret from everyone else at the House of Night, where trust has become a rare commodity. Speaking of rare: Zoey finds herself in the very unexpected and rare position of having three boyfriends. Mix a little bloodlust into the equation and the situation has the potential to spell social disaster. Just when it seems things couldn't get any tougher, vampyres start turning up dead. Really dead. It looks like the People of Faith, and Zoey's horrid step-father in particular, are tired of living side-by-side with vampyres. But, as Zoey and her friends so often find out, how things appear rarely reflects the truth... Chosen is the third in the House of Night series by P. C. Cast and Kristin Cast.",2013-07-19,0,0,Young Adult Fiction,St. Martin's Paperbacks,en,"http://books.google.co.in/books?id=WvNynQEACAAJ&dq=Chosen+(House+of+Night,+%233)+P.C.+Cast&hl=&cd=1&source=gbs_api","http://books.google.co.in/books?id=WvNynQEACAAJ&dq=Chosen+(House+of+Night,+%233)+P.C.+Cast&hl=&source=gbs_api",1250046955,9781250046956
"Wicked Lovely (Wicked Lovely, #1)",Melissa Marr,https://images-na.ssl-images-amazon.com/images/S/compressed.photo.goodreads.com/books/1327814035i/305234.jpg,,,"Fans of Sarah J. Maas and Holly Black won’t be able to resist the world of Melissa Marr's #1 New York Times bestselling series, full of faerie intrigue, mortal love, and courtly betrayal. Rule #3: Don't stare at invisible faeries. Aislinn has always seen faeries. Powerful and dangerous, they walk hidden in mortal world. Aislinn fears their cruelty—especially if they learn of her Sight—and wishes she were as blind to their presence as other teens. Rule #2: Don't speak to invisible faeries. Now faeries are stalking her. One of them, Keenan, who is equal parts terrifying and alluring, is trying to talk to her, asking questions Aislinn is afraid to answer. Rule #1: Don't ever attract their attention. But it's too late. Keenan is the Summer King who has sought his queen for nine centuries. Without her, summer itself will perish. He is determined that Aislinn will become the Summer Queen at any cost—regardless of her plans or desires. Suddenly none of the rules that have kept Aislinn safe are working anymore, and everything is on the line: her freedom, her best friend Seth, her life—everything.",2009-10-06,4.5,362,Young Adult Fiction,Harper Collins,en,"http://books.google.co.in/books?id=M7a0asTZ9LAC&printsec=frontcover&dq=Wicked+Lovely+(Wicked+Lovely,+%231)+Melissa+Marr&hl=&cd=1&source=gbs_api",https://play.google.com/store/books/details?id=M7a0asTZ9LAC&source=gbs_api,0061975095,9780061975097
"City of Fallen Angels (The Mortal Instruments, #4)",Cassandra Clare,https://images-na.ssl-images-amazon.com/images/S/compressed.photo.goodreads.com/books/1369452302i/6752378.jpg,,,"From #1 New York Times and USA TODAY bestselling author Cassandra Clare and award-winning author Wesley Chu comes the second book in the Eldest Curses series, which continues the love story between Magnus Bane and Alec Lightwood. The Lost Book of the White is a Shadowhunters novel. Magnus Bane and Alec Lightwood are settling into domestic life with their son Max when the warlocks Ragnor Fell and Shinyun Jung break into their loft and steal a powerful spell book. Realizing that Ragnor and Shinyun are being controlled by a more sinister force, Magnus and Alec set out to stop them and recover the book before they can cause any more harm. With the help of Clary Fairchild, Jace Herondale, Isabelle Lightwood, and Simon Lovelace (who is fresh from the Shadowhunter Academy), they track the warlocks to Shanghai. But nothing is as it seems. Ragnor and Shinyun are working at the behest of a Greater Demon. Their goal is to open a Portal from the demon realms to Earth, flooding the city of Shanghai with dangerous demons. When a violent encounter causes Magnus’s magic to grow increasingly unstable, Alec and Magnus rally their friends to strike at the heart of the demon’s power. But what they find there is far stranger and more nefarious than they ever could have expected… Perfect for fans of Leigh Bardugo, Holly Black and Sarah J. Maas. Also by Cassandra Clare: The Dark Artifices: Lady Midnight Lord of Shadows Queen of Air and Darkness The Eldest Curses: The Red Scrolls of Magic",2020-09-01,0,348,Juvenile Fiction,Simon and Schuster,en,"http://books.google.co.in/books?id=uVceDgAAQBAJ&printsec=frontcover&dq=City+of+Fallen+Angels+(The+Mortal+Instruments,+%234)+Cassandra+Clare&hl=&cd=1&source=gbs_api",https://play.google.com/store/books/details?id=uVceDgAAQBAJ&source=gbs_api,1471162117,9781471162114
"Throne of Glass (Throne of Glass, #1)",Sarah J. Maas,https://images-na.ssl-images-amazon.com/images/S/compressed.photo.goodreads.com/books/1673566495i/76703559.jpg,,,"One of the best fantasy book series of the past decade - Time Magazine When magic has gone from the world and a vicious king rules from his throne of glass, an assassin comes to the castle. She is a prisoner, but if she can defeat twenty-three killers, thieves, and warriors in a competition to find the greatest assassin in the land, she will become the king's champion and earn her freedom. But the evil she encounters in the castle goes deep, and as dark forces gather on the horizon – forces which threaten to destroy her entire world – the assassin must take her place in a fight greater than she could ever have imagined. This is the epic, heart-stopping fantasy series that has turned #1 New York Times bestselling author Sarah J. Maas into a worldwide phenomenon. Fans new and old will dive into this ebook bundle containing the whole series: Throne of Glass, Crown of Midnight, Heir of Fire, Queen of Shadows, Empire of Storms, Tower of Dawn, the thrilling finale Kingdom of Ash, and the companion anthology The Assassin's Blade.",2020-12-03,0,2869,Fiction,Bloomsbury Publishing,en,"http://books.google.co.in/books?id=Aj8EEAAAQBAJ&printsec=frontcover&dq=Throne+of+Glass+(Throne+of+Glass,+%231)+Sarah+J.+Maas&hl=&cd=1&source=gbs_api",https://play.google.com/store/books/details?id=Aj8EEAAAQBAJ&source=gbs_api,1526635240,9781526635242
"Clockwork Prince (The Infernal Devices, #2)",Cassandra Clare,https://images-na.ssl-images-amazon.com/images/S/compressed.photo.goodreads.com/books/1460477747i/10025305.jpg,,,"Danger intensifies for the Shadowhunters. If the only way to save the world was to destroy what you loved most, would you do it? The clock is ticking. Everyone must choose. Passion. Power. Secrets. Enchantment. Danger closes in around the Shadowhunters in the third and final instalment of the bestselling Infernal Devices trilogy.",2014-01,0,564,Demonology,Unknown,en,"http://books.google.co.in/books?id=o6qNngEACAAJ&dq=Clockwork+Prince+(The+Infernal+Devices,+%232)+Cassandra+Clare&hl=&cd=1&source=gbs_api","http://books.google.co.in/books?id=o6qNngEACAAJ&dq=Clockwork+Prince+(The+Infernal+Devices,+%232)+Cassandra+Clare&hl=&source=gbs_api",1406357006,9781406357004
The Alchemyst (The Secrets of the Immortal Nicholas Flamel #1),Michael Scott,https://images-na.ssl-images-amazon.com/images/S/compressed.photo.goodreads.com/books/1388237130i/3168250.jpg,,,"While working at pleasant but mundane summer jobs in San Francisco, fifteen-year-old twins, Sophie and Josh, suddenly find themselves caught up in the deadly, centuries-old struggle between rival alchemists, Nicholas Flamel and John Dee, over the possession of an ancient and powerful book holding the secret formulas for alchemy and everlasting life.",2010,4.5,404,Juvenile Fiction,Random House,en,http://books.google.co.in/books?id=hNTVW1LqWooC&dq=The+Alchemyst+(The+Secrets+of+the+Immortal+Nicholas+Flamel+%231)+Michael+Scott&hl=&cd=1&source=gbs_api,http://books.google.co.in/books?id=hNTVW1LqWooC&dq=The+Alchemyst+(The+Secrets+of+the+Immortal+Nicholas+Flamel+%231)+Michael+Scott&hl=&source=gbs_api,0552562521,9780552562522
"Untamed (House of Night, #4)",P.C. Cast,https://images-na.ssl-images-amazon.com/images/S/compressed.photo.goodreads.com/books/1438037020i/2866718.jpg,,,"Life sucks when your friends are pissed at you. Just ask Zoey Redbird – she's become an expert on suckiness. In one week she has gone from having three boyfriends to having none, and from having a close group of friends who trusted and supported her, to being an outcast. Speaking of friends, the only two Zoey has left are undead and unMarked. And Neferet has declared war on humans, which Zoey knows in her heart is wrong. But will anyone listen to her? Zoey's adventures at vampyre finishing school take a wild and dangerous turn as loyalties are tested, shocking true intentions come to light, and an ancient evil is awakened in PC and Kristin Cast's spellbinding fourth House of Night novel. (Recommended for readers age 13 and older)",2010-04-01,4.5,353,Young Adult Fiction,St. Martin's Griffin,en,"http://books.google.co.in/books?id=8XXemE3SAJ4C&dq=Untamed+(House+of+Night,+%234)+P.C.+Cast&hl=&cd=1&source=gbs_api","http://books.google.co.in/books?id=8XXemE3SAJ4C&dq=Untamed+(House+of+Night,+%234)+P.C.+Cast&hl=&source=gbs_api",1429931825,9781429931823
"Blue Bloods (Blue Bloods, #1)",Melissa de la Cruz,https://images-na.ssl-images-amazon.com/images/S/compressed.photo.goodreads.com/books/1322281515i/872333.jpg,,,The sexy and secretive world of the Blue Bloods comes alive in a graphic novel adaptation of Book One in the best-selling series in which select teenagers from some of New York City's wealthiest and most socially prominent families learn a startling,2013-01-15,0,0,,Turtleback Books,en,"http://books.google.co.in/books?id=D-8QkwEACAAJ&dq=Blue+Bloods+(Blue+Bloods,+%231)+Melissa+de+la+Cruz&hl=&cd=1&source=gbs_api","http://books.google.co.in/books?id=D-8QkwEACAAJ&dq=Blue+Bloods+(Blue+Bloods,+%231)+Melissa+de+la+Cruz&hl=&source=gbs_api",0606270647,9780606270649
"Inkspell (Inkworld, #2)",Cornelia Funke,https://images-na.ssl-images-amazon.com/images/S/compressed.photo.goodreads.com/books/1395358683i/28195.jpg,,,"Although a year has passed, not a day goes by without Meggie thinking of the extraordinary events of Inkheart, and the story whose characters strode out of the pages, and changed her life forever. But for Dustfinger, the fire-eater, torn from his world of words, the need to return has become desperate. When he finds a crooked storyteller with the magical ability to read him back, he sets in motion a dangerous reversal that sees the characters of Inkheart transported to a charmed Inkworld, about to be fought over by rival rebels and princes. But can Meggie, Farid and Fenoglio 'write' the wrongs of a charmed world about to be fought over by rival princes and rebels?",2011-11-03,0,538,Juvenile Fiction,Chicken House,en,"http://books.google.co.in/books?id=TGtlBAAAQBAJ&printsec=frontcover&dq=Inkspell+(Inkworld,+%232)+Cornelia+Funke&hl=&cd=1&source=gbs_api","http://books.google.co.in/books?id=TGtlBAAAQBAJ&dq=Inkspell+(Inkworld,+%232)+Cornelia+Funke&hl=&source=gbs_api",1906427984,9781906427986
"Dark Lover (Black Dagger Brotherhood, #1)",J.R. Ward,https://images-na.ssl-images-amazon.com/images/S/compressed.photo.goodreads.com/books/1429676285i/42899.jpg,,,"In the shadows of the night in Caldwell, New York, there's a deadly turf war going on between vampires and their slayers. There also exists a secret band of brothers like no other - six vampire warriors, defenders of their race. Among them, none relishes killing their enemies more than Wrath, the leader of the Black Dagger Brotherhood... The only pure-bred vampire left on the planet, Wrath has a score to settle with the slayers who murdered his parents centuries ago. But when one of his most trusted fighters is killed - orphaning a half-breed daughter unaware of her heritage or her fate - Wrath must usher the beautiful female into the world of the undead... Racked by a restlessness in her body that wasn't there before, Beth Randall is helpless against the dangerously sexy man who comes to her at night with shadows in his eyes. His tales of brotherhood and blood frighten her. But his touch ignites a dawning hunger that threatens to consume them both...",2011-02-03,4.5,327,Fiction,Hachette UK,en,"http://books.google.co.in/books?id=dAJOCl3YY38C&printsec=frontcover&dq=Dark+Lover+(Black+Dagger+Brotherhood,+%231)+J.R.+Ward&hl=&cd=1&source=gbs_api",https://play.google.com/store/books/details?id=dAJOCl3YY38C&source=gbs_api,0748129081,9780748129089
"Beautiful Disaster (Beautiful, #1)",Jamie McGuire,https://images-na.ssl-images-amazon.com/images/S/compressed.photo.goodreads.com/books/1358259032i/11505797.jpg,,,"""You know that Abby Abernathy unexpectedly became Mrs. Maddox. But what do you really know? Why did Abby pop the question? What secrets were shared before the ceremony? Where did they spend their wedding night? Who else knew about it . . . and didn't tell? Everything about Abby and Travis's elopement was top-secret . . . until now. Fans of ""Beautiful Disaster"" and ""Walking Disaster"" will get all of their questions answered in this whirlwind tale of the wedding day (and night)...""--Provided by publisher.",2014-11-25,0,176,Fiction,Simon and Schuster,en,"http://books.google.co.in/books?id=sEOFBQAAQBAJ&printsec=frontcover&dq=Beautiful+Disaster+(Beautiful,+%231)+Jamie+McGuire&hl=&cd=1&source=gbs_api","http://books.google.co.in/books?id=sEOFBQAAQBAJ&dq=Beautiful+Disaster+(Beautiful,+%231)+Jamie+McGuire&hl=&source=gbs_api",1501103075,9781501103070
The Catcher in the Rye,J.D. Salinger,https://images-na.ssl-images-amazon.com/images/S/compressed.photo.goodreads.com/books/1398034300i/5107.jpg,,,"The Catcher in the Rye,"" written by J.D. Salinger and published in 1951, is a classic American novel that explores the themes of adolescence, alienation, and identity through the eyes of its protagonist, Holden Caulfield. The novel is set in the 1950s and follows Holden, a 16-year-old who has just been expelled from his prep school, Pencey Prep. Disillusioned with the world around him, Holden decides to leave Pencey early and spend a few days alone in New York City before returning home. Over the course of these days, Holden interacts with various people, including old friends, a former teacher, and strangers, all the while grappling with his feelings of loneliness and dissatisfaction. Holden is deeply troubled by the ""phoniness"" of the adult world and is haunted by the death of his younger brother, Allie, which has left a lasting impact on him. He fantasizes about being ""the catcher in the rye,"" a guardian who saves children from losing their innocence by catching them before they fall off a cliff into adulthooda. The novel ends with Holden in a mental institution, where he is being treated for a nervous breakdown. He expresses some hope for the future, indicating a possible path to recovery..",2025-01-22,0,232,Fiction,ببلومانيا للنشر والتوزيع,en,http://books.google.co.in/books?id=ScdAEQAAQBAJ&printsec=frontcover&dq=The+Catcher+in+the+Rye+J.D.+Salinger&hl=&cd=1&source=gbs_api,https://play.google.com/store/books/details?id=ScdAEQAAQBAJ&source=gbs_api,,
"Hunted (House of Night, #5)",P.C. Cast,https://images-na.ssl-images-amazon.com/images/S/compressed.photo.goodreads.com/books/1438042897i/4134071.jpg,,,"Simplified Chinese edition of Hunted (House of Night, Book 5) by P. C. Cast. In Simplified Chinese. Distributed by Tsai Fong Books, Inc.",2009,5,340,Young Adult Fiction,Macmillan,en,"http://books.google.co.in/books?id=SOocnsPmflYC&dq=Hunted+(House+of+Night,+%235)+P.C.+Cast&hl=&cd=1&source=gbs_api","http://books.google.co.in/books?id=SOocnsPmflYC&dq=Hunted+(House+of+Night,+%235)+P.C.+Cast&hl=&source=gbs_api",0312607504,9780312607500
"Poison Study (Study, #1)",Maria V. Snyder,https://images-na.ssl-images-amazon.com/images/S/compressed.photo.goodreads.com/books/1388519019i/60510.jpg,,,"Pilih satu: Mati dengan cara cepat atau mati perlahan-lahan.... Yelena sudah melakukan pembunuhan, dan karenanya akan dieksekusi. Namun dia mendapatkan tawaran yang menggiurkan dari Valek, tangan kanan sang Komandan: menjadi pencicip makanan Komandan. Yelena akan menyantap makanan ternikmat, tidur di istana..., dan tetap berisiko mati saat melakukan itu semua. Yelena, tentu saja memilih untuk terus hidup dengan menjadi pencicip makanan. Tapi Valek dengan sengaja memberikan racun di makanan Yelena. Itu adalah strategi Valek agar Yelena tidak berbuat jahat kepada Komandan. Yelena masih bisa terus hidup, asalkan setiap pagi dia menemui Valek untuk mendapat penawarnya. Malapetaka terus merundung Yelena. Begitu banyak yang ingin menghabisinya, tapi Yelena sering terhindar dari kematian karena ternyata dirinya pun mewarisi sihir, yang tak pernah dia ketahui. Sesuai Kode Tingkah Laku, penyihir yang ditemukan di Ixia akan dihabisi, berbeda dengan Sitia, tempat para penyihir bebas berkeliaran. Belum ada yang mengetahui tentang sihir Yelena, tapi dia punya satu kendala: dia belum dapat mengendalikan sihirnya. Akankah identitas Yelena terkuak? Apakah dia akan, sekali lagi, dihukum mati?",2018-12-10,0,392,Juvenile Fiction,Elex Media Komputindo,id,"http://books.google.co.in/books?id=utKdDwAAQBAJ&printsec=frontcover&dq=Poison+Study+(Study,+%231)+Maria+V.+Snyder&hl=&cd=1&source=gbs_api",https://play.google.com/store/books/details?id=utKdDwAAQBAJ&source=gbs_api,6020486796,9786020486796
"Crescendo (Hush, Hush, #2)",Becca Fitzpatrick,https://images-na.ssl-images-amazon.com/images/S/compressed.photo.goodreads.com/books/1362408146i/7791997.jpg,,,"The second book in the breathtaking New York Times bestselling Hush, Hush saga, soon to be a major motion picture! Nora should have known her life wouldn’t stay perfect for long. Despite starting a relationship with her bad boy guardian angel, Patch, and surviving an attempt on her life, things are not looking up. Patch is starting to pull away and Nora can’t figure out if it’s for her best interest or if his interest has shifted to her arch-enemy Marcie Millar. Not to mention that Nora is haunted by images of her father and starting to become obsessed with finding out what really happened to him that night he left for Portland and never came home. The farther Nora delves into the mystery of her father’s death, the more she comes to question if her Nephilim blood line has something to do with it as well as why she seems to be in danger more than the average girl when she has a guardian angel. Since Patch isn’t answering her questions, she has to start finding the answers on her own. But when she finds them, will she be able to count on Patch or are the things he’s hiding from her darker than she can imagine?",2010-10-19,0,464,Young Adult Fiction,Simon and Schuster,en,"http://books.google.co.in/books?id=1jDDg9YnYrgC&printsec=frontcover&dq=Crescendo+(Hush,+Hush,+%232)+Becca+Fitzpatrick&hl=&cd=1&source=gbs_api","http://books.google.co.in/books?id=1jDDg9YnYrgC&dq=Crescendo+(Hush,+Hush,+%232)+Becca+Fitzpatrick&hl=&source=gbs_api",1442409622,9781442409620
"Fablehaven (Fablehaven, #1)",Brandon Mull,https://images-na.ssl-images-amazon.com/images/S/compressed.photo.goodreads.com/books/1460309528i/44652.jpg,,,"""Unlike the other Fablehaven books, this one is only half-finished...The missing ingredient is you!"" Get ready to write, draw, solve, and create, guided by the many activities inside.",2016-10-04,0,0,Juvenile Fiction,Unknown,en,"http://books.google.co.in/books?id=d-6PjwEACAAJ&dq=Fablehaven+(Fablehaven,+%231)+Brandon+Mull&hl=&cd=1&source=gbs_api","http://books.google.co.in/books?id=d-6PjwEACAAJ&dq=Fablehaven+(Fablehaven,+%231)+Brandon+Mull&hl=&source=gbs_api",1629722413,9781629722412
"Among the Hidden (Shadow Children, #1)",Margaret Peterson Haddix,https://images-na.ssl-images-amazon.com/images/S/compressed.photo.goodreads.com/books/1388382796i/227651.jpg,,,"""Everything that had happened to Nina was real. She had real handcuffs on her wrists, real scars on her back, real fear flooding her mind. ""'They're going to kill me,' Nina whispered, and it was almost a relief to finally, finally give up hope."" In a society that allows no more than two children per family under penalty of death, third children are forced into hiding, or to live with false identity papers. In Among the Impostors, Nina Idi was arrested for treason for supposedly trying to trick the Population Police into arresting other students she said were illegal third children. Now she faces torture or death -- unless she agrees to betray three other imprisoned third children. Her dilemma intensifies when she meets the prisoners -- who are only ten, nine, and six. As she did so brilliantly in the Publishers Weekly best-selling Among the Hidden and in Among the Impostors, Margaret Peterson Haddix once again brings readers to a world in which nothing is as it seems -- a world in which an imprisonment leads to an adventure of mind, body, and spirit.",2002-06,5,167,Juvenile Fiction,Simon and Schuster,en,"http://books.google.co.in/books?id=Mbnle5X2yGYC&printsec=frontcover&dq=Among+the+Hidden+(Shadow+Children,+%231)+Margaret+Peterson+Haddix&hl=&cd=1&source=gbs_api","http://books.google.co.in/books?id=Mbnle5X2yGYC&dq=Among+the+Hidden+(Shadow+Children,+%231)+Margaret+Peterson+Haddix&hl=&source=gbs_api",0689839057,9780689839054
"The Awakening (Darkest Powers, #2)",Kelley Armstrong,https://images-na.ssl-images-amazon.com/images/S/compressed.photo.goodreads.com/books/1478986806i/5391115.jpg,,,"My name is Chloe Saunders and my life will never be the same again. All I wanted was to make friends, meet boys, and keep on being ordinary. I don't even know what that means anymore. It all started on the day that I saw my first ghost—and the ghost saw me. Now there are ghosts everywhere and they won't leave me alone. To top it all off, I somehow got myself locked up in Lyle House, a ""special home"" for troubled teens. Yet the home isn't what it seems. Don't tell anyone, but I think there might be more to my housemates than meets the eye. The question is, whose side are they on? It's up to me to figure out the dangerous secrets behind Lyle House . . . before its skeletons come back to haunt me.",2008-07-01,0,406,Juvenile Fiction,Harper Collins,en,"http://books.google.co.in/books?id=1o0UiwkIBbEC&dq=The+Awakening+(Darkest+Powers,+%232)+Kelley+Armstrong&hl=&cd=1&source=gbs_api","http://books.google.co.in/books?id=1o0UiwkIBbEC&dq=The+Awakening+(Darkest+Powers,+%232)+Kelley+Armstrong&hl=&source=gbs_api",0061662690,9780061662690
"City of Lost Souls (The Mortal Instruments, #5)",Cassandra Clare,https://images-na.ssl-images-amazon.com/images/S/compressed.photo.goodreads.com/books/1460477703i/8755776.jpg,,,"When Jace vanishes with Sebastian, Clary and the Shadowhunters struggle to piece together their shattered world and Clary infiltrates the group planning the world's destruction.",2014-03-04,5,560,Juvenile Fiction,Simon and Schuster,en,"http://books.google.co.in/books?id=wK7sAgAAQBAJ&printsec=frontcover&dq=City+of+Lost+Souls+(The+Mortal+Instruments,+%235)+Cassandra+Clare&hl=&cd=1&source=gbs_api","http://books.google.co.in/books?id=wK7sAgAAQBAJ&dq=City+of+Lost+Souls+(The+Mortal+Instruments,+%235)+Cassandra+Clare&hl=&source=gbs_api",1442416874,9781442416871
"Uglies (Uglies, #1)",Scott Westerfeld,https://images-na.ssl-images-amazon.com/images/S/compressed.photo.goodreads.com/books/1654202671i/24770.jpg,,,"NOW A NO.1 FILM ON NETFLIX The first book in Scott Westerfeld's international bestselling Uglies series - over six million copies of the series have been sold worldwide! In Tally Youngblood’s world, looks matter. At sixteen everyone undergoes a transformation from “Ugly” to “Pretty” and is catapulted into a high-tech paradise where the only thing that matters is having a great time and you never have to worry or think for yourself. Tally can’t wait. But then, with just weeks to go to Tally’s birthday, her friend Shay runs away and the ugly truth about the world of the Pretties starts to reveal itself. What if the beauty of the Pretties utopia really is just skin deep? ‘Fast paced, exciting and thought-provoking.’ The Bookseller's Choice ‘Superb sci-fi.’ Amanda Craig, The Times Supplement ‘Westerfeld introduces thought-provoking issues’ Publishers Weekly ‘The longing for fairy-tale beauty has never looked so sinister’ Amanda Craig, The Times ‘With a beginning and ending that pack hefty punches, this introduction to a dystopic future promises an exciting series.’ Kirkus *starred review* ‘Naughty children, from Max in Maurice Sendak's Where the Wild Things Are, to Tally in Scott Westerfeld's Uglies trilogy, have the imagination and energy to go beyond convention.’ The Times ‘This exciting story makes you realise how important it is not to judge people by appearances.’ Newcastle Upon Tyne Journal ‘This book is a real thrill-ride and the world utterly convincing.’ Trashionista.com 'Fun, and the many by-the-skin-of-your-teeth escapes and hoverboard chases, plus the non-stop action plotting were enough to catch my attention and have me eagerly wanting more.’ The Book Smugglers Also by Scott Westerfeld: Pretties Specials Extras",2010-03-04,5,324,Juvenile Fiction,Simon and Schuster,en,"http://books.google.co.in/books?id=D9KwSCJtr8MC&printsec=frontcover&dq=Uglies+(Uglies,+%231)+Scott+Westerfeld&hl=&cd=1&source=gbs_api","http://books.google.co.in/books?id=D9KwSCJtr8MC&dq=Uglies+(Uglies,+%231)+Scott+Westerfeld&hl=&source=gbs_api",1847389090,9781847389091
Brisingr (The Inheritance Cycle #3),Christopher Paolini,https://images-na.ssl-images-amazon.com/images/S/compressed.photo.goodreads.com/books/1661030683i/2248573.jpg,,,"ERAGON When Eragon finds a polished stone in the forest, he thinks it is a lucky discovery - perhaps it will buy his family meat for the winter. But when the stone becomes a dragon hatchling, Eragon soon realizes he has stumbled upon a legacy nearly as old as the Empire itself. Overnight his simple life is shattered and he is thrust into a perilous new world of destiny, magic and power. With only an ancient sword and the advice of an old storyteller for guidance, can Eragon take up the mantle of the legendary Dragon Riders? ELDEST Eragon and his dragon, Saphira, have just saved the rebel state from destruction by the mighty forces of King Galbatorix, cruel ruler of the Empire. Now Eragon must travel to Ellesméra, land of the elves, for further training in magic and swordsmanship, the vital skills of the Dragon Rider. It is the journey of a lifetime, filled with awe-inspiring new places and people, each day a fresh adventure. But chaos and betrayal plague him at every turn, and as his cousin Roran fights a new battle back home in Carvahall, Eragon is put in even graver danger. . .",2009-11-24,3.5,1498,Juvenile Fiction,Random House,en,http://books.google.co.in/books?id=UB3H_qRStIEC&printsec=frontcover&dq=Brisingr+(The+Inheritance+Cycle+%233)+Christopher+Paolini&hl=&cd=1&source=gbs_api,https://play.google.com/store/books/details?id=UB3H_qRStIEC&source=gbs_api,1409096823,9781409096825
"Perfect Chemistry (Perfect Chemistry, #1)",Simone Elkeles,https://images-na.ssl-images-amazon.com/images/S/compressed.photo.goodreads.com/books/1439792475i/4268157.jpg,,,No description available,2012,0,365,Dating (Social customs),Unknown,mk,"http://books.google.co.in/books?id=WF5VnwEACAAJ&dq=Perfect+Chemistry+(Perfect+Chemistry,+%231)+Simone+Elkeles&hl=&cd=1&source=gbs_api","http://books.google.co.in/books?id=WF5VnwEACAAJ&dq=Perfect+Chemistry+(Perfect+Chemistry,+%231)+Simone+Elkeles&hl=&source=gbs_api",6084672051,9786084672050
"Daughter of Smoke & Bone (Daughter of Smoke & Bone, #1)",Laini Taylor,https://images-na.ssl-images-amazon.com/images/S/compressed.photo.goodreads.com/books/1461353773i/8490112.jpg,,,"The first book in the New York Times bestselling epic fantasy trilogy by award-winning author Laini Taylor Around the world, black handprints are appearing on doorways, scorched there by winged strangers who have crept through a slit in the sky. In a dark and dusty shop, a devil's supply of human teeth grown dangerously low. And in the tangled lanes of Prague, a young art student is about to be caught up in a brutal otherworldly war. Meet Karou. She fills her sketchbooks with monsters that may or may not be real; she's prone to disappearing on mysterious ""errands""; she speaks many languages--not all of them human; and her bright blue hair actually grows out of her head that color. Who is she? That is the question that haunts her, and she's about to find out. When one of the strangers--beautiful, haunted Akiva--fixes his fire-colored eyes on her in an alley in Marrakesh, the result is blood and starlight, secrets unveiled, and a star-crossed love whose roots drink deep of a violent past. But will Karou live to regret learning the truth about herself?",2011-09-27,3.5,368,Young Adult Fiction,"Little, Brown Books for Young Readers",en,"http://books.google.co.in/books?id=cA0Mt-KEr8QC&dq=Daughter+of+Smoke+%26+Bone+(Daughter+of+Smoke+%26+Bone,+%231)+Laini+Taylor&hl=&cd=1&source=gbs_api","http://books.google.co.in/books?id=cA0Mt-KEr8QC&dq=Daughter+of+Smoke+%26+Bone+(Daughter+of+Smoke+%26+Bone,+%231)+Laini+Taylor&hl=&source=gbs_api",0316192147,9780316192149
"Magyk (Septimus Heap, #1)",Angie Sage,https://images-na.ssl-images-amazon.com/images/S/compressed.photo.goodreads.com/books/1404330986i/769483.jpg,,,"Enter the world of Septimus Heap, Wizard Apprentice. Magyk is his destiny. A powerful necromancer plans to seize control of all things Magykal. He has killed the Queen and locked up the Extraordinary Wizard. Now with Darke Magyk he will create a world filled with Darke creatures. But the Necromancer made one mistake. A vital detail he has overlooked means there is a boy who can stop him - the only problem is, the boy doesn't know it yet. For the Heap family, life as they know is about to change, and the most fantastically fast-paced adventure of confused identities, magyk and mayhem, begin.",2012-07-05,0,448,Juvenile Fiction,A&C Black,en,"http://books.google.co.in/books?id=q6spgrQD-EYC&printsec=frontcover&dq=Magyk+(Septimus+Heap,+%231)+Angie+Sage&hl=&cd=1&source=gbs_api","http://books.google.co.in/books?id=q6spgrQD-EYC&dq=Magyk+(Septimus+Heap,+%231)+Angie+Sage&hl=&source=gbs_api",1408814935,9781408814932
"Obsidian (Lux, #1)",Jennifer L. Armentrout,https://images-na.ssl-images-amazon.com/images/S/compressed.photo.goodreads.com/books/1328275091i/12578077.jpg,,,"This DELUXE HARDCOVER EDITION features gorgeous sprayed edges with stenciled artwork and bonus content. This breathtaking collectible, available in the US and Canada, is a must have a must-have for any book lover. Discover the New York Times bestselling series from Jennifer L. Armentrout. Starting over sucks. When we moved to West Virginia right before my senior year, I'd pretty much resigned myself to thick accents, dodgy internet access, and a whole lot of boring...until I spotted my hot neighbor, with his looming height and eerie green eyes. Things were looking up. And then he opened his mouth. Daemon is infuriating. Arrogant. Stab-worthy. We do not get along. At all. But when a stranger attacks me and Daemon literally freezes time with a wave of his hand, well, something...unexpected happens. The hot alien living next door marks me. You heard me. Alien. Turns out Daemon and his sister have a galaxy of enemies wanting to steal their abilities, and Daemon's touch has me lit up like the Vegas Strip. The only way I'm getting out of this alive is by sticking close to Daemon until my alien mojo fades. If I don't kill him first, that is. Read the entire bestselling series! #1: Obsidian (from Katy's point of view) #2: Onyx (from Katy's point of view) #3: Opal (from Katy's point of view) #4: Origin #5: Opposition Oblivion (Books 1-3 from Daemon's point of view) CAN BE READ FIRST OR AFTER KATY'S POV! Prequel: Shadows (Dawson's story)",2024-07-02,0,0,Young Adult Fiction,Entangled: Teen,en,"http://books.google.co.in/books?id=w6bvEAAAQBAJ&dq=Obsidian+(Lux,+%231)+Jennifer+L.+Armentrout&hl=&cd=1&source=gbs_api","http://books.google.co.in/books?id=w6bvEAAAQBAJ&dq=Obsidian+(Lux,+%231)+Jennifer+L.+Armentrout&hl=&source=gbs_api",1649376111,9781649376114
"Glass Houses (The Morganville Vampires, #1)",Rachel Caine,https://images-na.ssl-images-amazon.com/images/S/compressed.photo.goodreads.com/books/1428057864i/27266.jpg,,,"Welcome to Morganville. Just don't stay out after dark. Morganville is a small college town filled with unusual characters. But when the sun goes down, the bad come out. Because in Morganville, there is an evil that lurks in the darkest shadows - one that will spill out into the bright light of day. For Claire Danvers, high school was hell, but college may be murder. It was bad enough that she got on the wrong side of Monica, the meanest of the school's mean girls, but now she's got three new roommates, who all have secrets of their own. And the biggest secret of all isn't really a secret, except from Claire: Morganville is run by vampires, and they are hungry for fresh blood.",2009-07-10,5,239,Young Adult Fiction,Allison & Busby,en,"http://books.google.co.in/books?id=kw2KAgAAQBAJ&printsec=frontcover&dq=Glass+Houses+(The+Morganville+Vampires,+%231)+Rachel+Caine&hl=&cd=1&source=gbs_api",https://play.google.com/store/books/details?id=kw2KAgAAQBAJ&source=gbs_api,0749007680,9780749007683
"The Luxe (Luxe, #1)",Anna Godbersen,https://images-na.ssl-images-amazon.com/images/S/compressed.photo.goodreads.com/books/1323438343i/1254951.jpg,,,"In Manhattan in 1899, five teens of different social classes lead dangerously scandalous lives, despite the strict rules of society and the best-laid plans of parents and others.",2007-12,5,452,Juvenile Fiction,Harper Collins,en,"http://books.google.co.in/books?id=PYVIw4U7U_YC&dq=The+Luxe+(Luxe,+%231)+Anna+Godbersen&hl=&cd=1&source=gbs_api","http://books.google.co.in/books?id=PYVIw4U7U_YC&dq=The+Luxe+(Luxe,+%231)+Anna+Godbersen&hl=&source=gbs_api",0061345660,9780061345661
The Elephant Tree,R.D. Ronald,https://images-na.ssl-images-amazon.com/images/S/compressed.photo.goodreads.com/books/1327248026i/9293020.jpg,,,"A jagged series of events written with gritty realism. The Elephant Tree transcends stereotypes and challenges the reader’s sense of morality, with shocking plot twists and vivid characters.",2010-10-04,0,178,Fiction,Troubador Publishing Ltd,en,http://books.google.co.in/books?id=d10GBwAAQBAJ&printsec=frontcover&dq=The+Elephant+Tree+R.D.+Ronald&hl=&cd=1&source=gbs_api,https://play.google.com/store/books/details?id=d10GBwAAQBAJ&source=gbs_api,1848769539,9781848769533
"Tempted (House of Night, #6)",P.C. Cast,https://images-na.ssl-images-amazon.com/images/S/compressed.photo.goodreads.com/books/1408633041i/6262365.jpg,,,"So...you'd think after banishing an immortal being and a fallen High Priestess, saving Stark's life, biting Heath, getting a headache from Erik, and almost dying, Zoey Redbird would catch a break. Sadly, a break is not in the House of Night school forecast for the High Priestess in training and her gang. Juggling three guys is anything but a stress reliever, especially when one of them is a sexy Warrior who is so into protecting Zoey that he can sense her emotions. Speaking of stress, the dark force lurking in the tunnels under the Tulsa Depot is spreading, and Zoey is beginning to believe Stevie Rae could be responsible for a lot more than a group of misfit red fledglings. Aphrodite's visions warn Zoey to stay away from Kalona and his dark allure, but they also show that it is Zoey who has the power to stop the evil immortal. Soon it becomes obvious that Zoey has no choice: if she doesn't go to Kalona he will exact a fiery vengeance on those closest to her. Will Zoey have the courage to chance losing her life, her heart, and her soul? Find out in the next spectacular installment in the House of Night Series, Tempted.",2009-10-27,0,336,Young Adult Fiction,St. Martin's Griffin,en,"http://books.google.co.in/books?id=2g3ougEACAAJ&dq=Tempted+(House+of+Night,+%236)+P.C.+Cast&hl=&cd=1&source=gbs_api","http://books.google.co.in/books?id=2g3ougEACAAJ&dq=Tempted+(House+of+Night,+%236)+P.C.+Cast&hl=&source=gbs_api",0312567480,9780312567484
"Moon Called (Mercy Thompson, #1)",Patricia Briggs,https://images-na.ssl-images-amazon.com/images/S/compressed.photo.goodreads.com/books/1743122298i/71811.jpg,,,"The second novel in the international No. 1 bestselling Mercy Thompson series - the major urban fantasy hit of the decade. 'I love these books!' Charlaine Harris 'The best new fantasy series I've read in years' Kelley Armstrong MERCY THOMPSON: MECHANIC, SHAPESHIFTER, FIGHTER Like most people who own their own business, I work long hours that start early in the morning. So when someone calls me in the middle of the night, they'd better be dying ... Mechanic Mercy Thompson is woken at 3am by a vampire calling in a favour. He has to deliver a message to a fellow undead and needs a witness that won't be noticed - and Mercy's shapeshifting abilities make her the perfect candidate. But the assignment turns into a bloodbath and Mercy attracts the attention of not just a powerful vampire, but the even more powerful demon possessing him. She can count on the supernatural community for protection - and alpha werewolf Adam would like her to rely on him in other ways too - but when it comes to being proactive, she's on her own. Praise for the series: 'Plenty of twists and turns . . . Kept me entertained from its deceptively innocent beginning to its can't-put-it-down end' Kim Harrison, bestselling author of Dead Witch Walking 'I enjoyed every minute of it. I love Mercy and can't wait for her to kick some more ass' Lilith Saintcrow The Mercy Thompson books: Moon Called Blood Bound Iron Kissed Bone Crossed Silver Borne River Marked Frost Burned Night Broken Fire Touched Silence Fallen Storm Cursed Shifting Shadows (Stories from the world of Mercy Thompson)",2010-11-04,0,234,Fiction,Hachette UK,en,"http://books.google.co.in/books?id=v8KmfRvXvQkC&printsec=frontcover&dq=Moon+Called+(Mercy+Thompson,+%231)+Patricia+Briggs&hl=&cd=1&source=gbs_api",https://play.google.com/store/books/details?id=v8KmfRvXvQkC&source=gbs_api,0748124020,9780748124022
The Zombie Room,R.D. Ronald,https://images-na.ssl-images-amazon.com/images/S/compressed.photo.goodreads.com/books/1460547041i/29908754.jpg,,,"A jagged series of events written with gritty realism. The Elephant Tree transcends stereotypes and challenges the reader’s sense of morality, with shocking plot twists and vivid characters.",2010-10-04,0,178,Fiction,Troubador Publishing Ltd,en,http://books.google.co.in/books?id=d10GBwAAQBAJ&printsec=frontcover&dq=The+Zombie+Room+R.D.+Ronald&hl=&cd=1&source=gbs_api,https://play.google.com/store/books/details?id=d10GBwAAQBAJ&source=gbs_api,1848769539,9781848769533
"Torment (Fallen, #2)",Lauren Kate,https://images-na.ssl-images-amazon.com/images/S/compressed.photo.goodreads.com/books/1362339749i/7740152.jpg,,,"Love never dies . . . It took Lucinda an eternity to find her beloved angel, Daniel. But he waited for her. Now they are forced apart again, to protect Luce from the Outcasts - immortals who want her dead. During their separation, Luce learns about her mysterious past lives. But the more she discovers, the more she suspects Daniel is hiding something. What if Daniel's version of the past isn't true? Is it really their destiny to be together? Or is Luce actually meant to be with someone else? The thrilling sequel to the international bestseller, Fallen.",2010-09-30,4.5,468,Young Adult Fiction,Random House,en,"http://books.google.co.in/books?id=qbSBWHDkcyIC&printsec=frontcover&dq=Torment+(Fallen,+%232)+Lauren+Kate&hl=&cd=1&source=gbs_api",https://play.google.com/store/books/details?id=qbSBWHDkcyIC&source=gbs_api,1407078461,9781407078465
"Cross My Heart and Hope to Spy (Gallagher Girls, #2)",Ally Carter,https://images-na.ssl-images-amazon.com/images/S/compressed.photo.goodreads.com/books/1342448094i/568645.jpg,,,"When the Gallagher Academy, a secret spy school for girls, hosts male guests, Cammie is blamed for a series of security breaches that forces her to clear her name while trying to deny her attraction to a hottie named Zach.",2009-07-10,5,236,Schools,Paw Prints,en,"http://books.google.co.in/books?id=pVMNPwAACAAJ&dq=Cross+My+Heart+and+Hope+to+Spy+(Gallagher+Girls,+%232)+Ally+Carter&hl=&cd=1&source=gbs_api","http://books.google.co.in/books?id=pVMNPwAACAAJ&dq=Cross+My+Heart+and+Hope+to+Spy+(Gallagher+Girls,+%232)+Ally+Carter&hl=&source=gbs_api",144203078X,9781442030787
"Specials (Uglies, #3)",Scott Westerfeld,https://images-na.ssl-images-amazon.com/images/S/compressed.photo.goodreads.com/books/1390340887i/24765.jpg,,,"""Special Circumstances"" - These words have sent chills down Tally's spine since her days as a rebellious Ugly. Back then Specials were a sinister rumour - frighteningly beautiful, dangerously strong, breathtakingly fast. Ordinary pretties might live their whole lives without meeting a Special. But Tally's never been ordinary… Now she's been turned into one of them: a superamped fighting machine, engineered to keep the Uglies down and the Pretties stupid. The strength, the speed, and the clarity and focus of her thinking feel better than anything Tally can remember… most of the time. One tiny corner of her heart still remembers something more. Still, it's easy to tune that out - until Tally's offered a chance to stamp out the rebels of the New Smoke permanently. It all comes down to one last choice: carry out the mission she's programmed to complete, or listen to that tiny, faint heartbeat telling her that something's wrong… Either way, Tally's world will never be the same.",2010-03-04,5,286,Juvenile Fiction,Simon and Schuster,en,"http://books.google.co.in/books?id=UrlDATuYsz8C&printsec=frontcover&dq=Specials+(Uglies,+%233)+Scott+Westerfeld&hl=&cd=1&source=gbs_api","http://books.google.co.in/books?id=UrlDATuYsz8C&dq=Specials+(Uglies,+%233)+Scott+Westerfeld&hl=&source=gbs_api",1847389112,9781847389114
"The Goose Girl (The Books of Bayern, #1)",Shannon Hale,https://images-na.ssl-images-amazon.com/images/S/compressed.photo.goodreads.com/books/1617553319i/179064.jpg,,,"An incredible, original and magical tale with extraordinary characters and equal measures of adventure and suspense.",2009-01-01,0,401,Juvenile Fiction,A&C Black,en,"http://books.google.co.in/books?id=2NaQPDQ8THQC&printsec=frontcover&dq=The+Goose+Girl+(The+Books+of+Bayern,+%231)+Shannon+Hale&hl=&cd=1&source=gbs_api","http://books.google.co.in/books?id=2NaQPDQ8THQC&dq=The+Goose+Girl+(The+Books+of+Bayern,+%231)+Shannon+Hale&hl=&source=gbs_api",0747598002,9780747598008
The Historian,Elizabeth Kostova,https://images-na.ssl-images-amazon.com/images/S/compressed.photo.goodreads.com/books/1717145561i/30236962.jpg,,,"Late one night, exploring her father's library, a young woman finds an ancient book and a cache of yellowing letters addressed ominously to 'My dear and unfortunate successor'. Her discovery plunges her into a world she never dreamed of - a labyrinth where the secrets of her father's past and her mother's mysterious fate connect to an evil hidden in the depths of history. In those few quiet moments, she unwittingly assumes a quest she will discover is her birthright - a hunt for the truth about Vlad the Impaler, the medieval ruler whose barbarous reign formed the basis of the Dracula myth. Deciphering obscure signs and hidden texts, reading codes worked into the fabric of medieval monastic traditions, and evading terrifying adversaries, one woman comes ever closer to the secret of her own past and a confrontation with the very definition of evil. Elizabeth Kostova's debut novel is an adventure of monumental proportions - a captivating tale that blends fact and fantasy, history and the present with an assurance that is almost unbearably suspenseful - and utterly unforgettable.",2009,0,704,Gothic fiction (Literary genre),Sphere,en,http://books.google.co.in/books?id=Tw2NQAAACAAJ&dq=The+Historian+Elizabeth+Kostova&hl=&cd=1&source=gbs_api,http://books.google.co.in/books?id=Tw2NQAAACAAJ&dq=The+Historian+Elizabeth+Kostova&hl=&source=gbs_api,0751544701,9780751544701
"Alanna: The First Adventure (Song of the Lioness, #1)",Tamora Pierce,https://images-na.ssl-images-amazon.com/images/S/compressed.photo.goodreads.com/books/1388206270i/13831.jpg,,,"Eleven-year-old Alanna, who aspires to be a knight even though she is a girl, disguises herself as a boy to become a royal page, learning many hard lessons along her path to high adventure.",2023-09-26,0,272,Young Adult Fiction,Simon and Schuster,en,"http://books.google.co.in/books?id=C6TTEAAAQBAJ&printsec=frontcover&dq=Alanna:+The+First+Adventure+(Song+of+the+Lioness,+%231)+Tamora+Pierce&hl=&cd=1&source=gbs_api","http://books.google.co.in/books?id=C6TTEAAAQBAJ&dq=Alanna:+The+First+Adventure+(Song+of+the+Lioness,+%231)+Tamora+Pierce&hl=&source=gbs_api",1665938854,9781665938853
A Story of Yesterday,Sergio Cobo,https://images-na.ssl-images-amazon.com/images/S/compressed.photo.goodreads.com/books/1630609122i/58913358.jpg,,,"'Shimon Peres was a giant of Israel's founding generation, a tireless advocate for peace, and an eternal optimist who lived his life with a sense of hope and possibility. He also became a treasured friend to me and source of wisdom for me. All of us have much to learn from his story, which now belongs to the ages' Barack Obama 'This book captures my friend's lifelong belief in our potential to rise above our wounds, our resentments and our fears to make the most of today and claim the promise of tomorrow' Bill Clinton 'Shimon Peres was a visionary optimist to his dying day, and his last words of hope were addressed to the young. For all our sakes, let them be heard!' Daniel Kahneman In 1934, eleven-year-old Shimon Peres emigrated to the land of Israel from his native Poland, leaving behind an extended family who would later be murdered in the Holocaust. Few back then would have predicted that this young man would eventually become one of the towering figures of the twentieth century. Peres would indeed go on to serve the new state as prime minister, president, foreign minister, and the head of several other ministries. In this, his final work, finished only weeks before his passing, Peres offers a long-awaited examination of the crucial turning-points in Israeli history through the prism of having been a decision-maker and eyewitness. Told with the frankness of someone aware this would likely be his final statement, No Room for Small Dreams spans decades and events, examining pivotal moments in Israel's rise. Peres explores what makes for a great leader, how to make hard choices in a climate of uncertainty and distress, the challenges of balancing principles with policies, and the liberating nature of imagination and unpredicted innovation. In doing so, he not only charts a better path forward for his beloved country but provides deep and universal wisdom for younger generations who seek to lead - be it in politics, business or the broader service of making our planet a safer, more peaceful and just place.",2017-09-14,0,218,Biography & Autobiography,Hachette UK,en,http://books.google.co.in/books?id=1WGnDQAAQBAJ&printsec=frontcover&dq=A+Story+of+Yesterday+Sergio+Cobo&hl=&cd=1&source=gbs_api,https://play.google.com/store/books/details?id=1WGnDQAAQBAJ&source=gbs_api,1474604226,9781474604222
Fairest,Gail Carson Levine,https://images-na.ssl-images-amazon.com/images/S/compressed.photo.goodreads.com/books/1348108149i/183660.jpg,,,Fantasy-roman.,2006-09,0,344,Juvenile Fiction,HarperCollins Publishers,en,http://books.google.co.in/books?id=6VrhAAAAMAAJ&dq=Fairest+Gail+Carson+Levine&hl=&cd=1&source=gbs_api,http://books.google.co.in/books?id=6VrhAAAAMAAJ&dq=Fairest+Gail+Carson+Levine&hl=&source=gbs_api,,
"Unwind (Unwind, #1)",Neal Shusterman,https://images-na.ssl-images-amazon.com/images/S/compressed.photo.goodreads.com/books/1297677706i/764347.jpg,,,"In a society where unwanted teens are salvaged for their body parts, three runaways fight the system that would ""unwind"" them Connor's parents want to be rid of him because he's a troublemaker. Risa has no parents and is being unwound to cut orphanage costs. Lev's unwinding has been planned since his birth, as part of his family's strict religion. Brought together by chance, and kept together by desperation, these three unlikely companions make a harrowing cross-country journey, knowing their lives hang in the balance. If they can survive until their eighteenth birthday, they can't be harmed -- but when every piece of them, from their hands to their hearts, are wanted by a world gone mad, eighteen seems far, far away. In Unwind, Boston Globe/Horn Book Award winner Neal Shusterman challenges readers' ideas about life -- not just where life begins, and where it ends, but what it truly means to be alive.",2009-06-02,4.5,360,Young Adult Fiction,Simon and Schuster,en,"http://books.google.co.in/books?id=R3PT-uvZ7fEC&printsec=frontcover&dq=Unwind+(Unwind,+%231)+Neal+Shusterman&hl=&cd=1&source=gbs_api","http://books.google.co.in/books?id=R3PT-uvZ7fEC&dq=Unwind+(Unwind,+%231)+Neal+Shusterman&hl=&source=gbs_api",1416994963,9781416994961
"The Red Pyramid (The Kane Chronicles, #1)",Rick Riordan,https://images-na.ssl-images-amazon.com/images/S/compressed.photo.goodreads.com/books/1661018382i/7090447.jpg,,,No description available,2018,0,0,Children's stories,Unknown,en,"http://books.google.co.in/books?id=OY2O0AEACAAJ&dq=The+Red+Pyramid+(The+Kane+Chronicles,+%231)+Rick+Riordan&hl=&cd=1&source=gbs_api","http://books.google.co.in/books?id=OY2O0AEACAAJ&dq=The+Red+Pyramid+(The+Kane+Chronicles,+%231)+Rick+Riordan&hl=&source=gbs_api",0241391687,9780241391686
"Bloodlines (Bloodlines, #1)",Richelle Mead,https://images-na.ssl-images-amazon.com/images/S/compressed.photo.goodreads.com/books/1297199431i/8709527.jpg,,,"They Will Be Tested Their forbidden romance exposed, Sydney and Adrian find themselves facing the wrath of both the Alchemists and the Moroi in this electrifying conclusion to Richelle Mead's bestselling Bloodlines series. When the life of someone they both love is put on the line, Sydney risks everything to hunt down a deadly former nemesis. Meanwhile, she and Adrian become enmeshed in a puzzle that could hold the key to a shocking secret about spirit magic, a secret that could shake the entire Moroi world and alter their lives forever. Don't miss their unforgettable final chapter . . .",2015-10-21,0,352,,Penguin Books,en,"http://books.google.co.in/books?id=fepxrgEACAAJ&dq=Bloodlines+(Bloodlines,+%231)+Richelle+Mead&hl=&cd=1&source=gbs_api","http://books.google.co.in/books?id=fepxrgEACAAJ&dq=Bloodlines+(Bloodlines,+%231)+Richelle+Mead&hl=&source=gbs_api",0143573446,9780143573449
"Heist Society (Heist Society, #1)",Ally Carter,https://images-na.ssl-images-amazon.com/images/S/compressed.photo.goodreads.com/books/1359254479i/6574102.jpg,,,"When Katarina Bishop was three, her parents took her to the Louvre...to case it. For her seventh birthday, Katarina and her Uncle Eddie travelled to Austria...to steal the crown jewels. When Kat turned fifteen, she planned a con of her own - scamming her way into the best boarding school in the country, determined to leave the family business behind. But now her dad's life is on the line, and Kat must go back to the world she tried so hard to escape...",2011-09-01,5,237,Young Adult Fiction,Hachette UK,en,"http://books.google.co.in/books?id=8lKc9t0HG5AC&printsec=frontcover&dq=Heist+Society+(Heist+Society,+%231)+Ally+Carter&hl=&cd=1&source=gbs_api",https://play.google.com/store/books/details?id=8lKc9t0HG5AC&source=gbs_api,140831567X,9781408315675
"Hex Hall (Hex Hall, #1)",Rachel Hawkins,https://images-na.ssl-images-amazon.com/images/S/compressed.photo.goodreads.com/books/1368393885i/5287473.jpg,,,"Hailed as ""impossible to put down,"" the Hex Hall series has both critics and teens cheering. With a winning combination of romance, action, magic and humor, this third volume will leave readers enchanted. Just as Sophie Mercer has come to accept her extraordinary magical powers as a demon, the Prodigium Council strips them away. Now Sophie is defenseless, alone, and at the mercy of her sworn enemies-the Brannicks, a family of warrior women who hunt down the Prodigium. Or at least that's what Sophie thinks, until she makes a surprising discovery. The Brannicks know an epic war is coming, and they believe Sophie is the only one powerful enough to stop the world from ending. But without her magic, Sophie isn't as confident. Sophie's bound for one hell of a ride-can she get her powers back before it's too late?",2012-03-13,0,272,Juvenile Fiction,Hachette UK,en,"http://books.google.co.in/books?id=dzTSDwAAQBAJ&dq=Hex+Hall+(Hex+Hall,+%231)+Rachel+Hawkins&hl=&cd=1&source=gbs_api","http://books.google.co.in/books?id=dzTSDwAAQBAJ&dq=Hex+Hall+(Hex+Hall,+%231)+Rachel+Hawkins&hl=&source=gbs_api",1423153634,9781423153634
"Clockwork Princess (The Infernal Devices, #3)",Cassandra Clare,https://images-na.ssl-images-amazon.com/images/S/compressed.photo.goodreads.com/books/1436788488i/18335634.jpg,,,"When seventeen-year-old orphaned shapechanger Tessa Gray is kidnapped by the villainous Mortmain in his final bid for power, the London Institute rallies to save her, but is beset by danger and betrayal at every turn.",2015-09,2,656,Comics & Graphic Novels,Simon and Schuster,en,"http://books.google.co.in/books?id=Qf9wCgAAQBAJ&printsec=frontcover&dq=Clockwork+Princess+(The+Infernal+Devices,+%233)+Cassandra+Clare&hl=&cd=1&source=gbs_api","http://books.google.co.in/books?id=Qf9wCgAAQBAJ&dq=Clockwork+Princess+(The+Infernal+Devices,+%233)+Cassandra+Clare&hl=&source=gbs_api",1481456032,9781481456036
"Night World, No. 1 (Night World, #1-3)",L.J. Smith,https://images-na.ssl-images-amazon.com/images/S/compressed.photo.goodreads.com/books/1434962482i/3099787.jpg,,,YA. Poppy is dying but a friend's kiss could give her eternal life.,1997,0,228,Vampires,Unknown,en,"http://books.google.co.in/books?id=hDxYGwAACAAJ&dq=Night+World,+No.+1+(Night+World,+%231-3)+L.J.+Smith&hl=&cd=1&source=gbs_api","http://books.google.co.in/books?id=hDxYGwAACAAJ&dq=Night+World,+No.+1+(Night+World,+%231-3)+L.J.+Smith&hl=&source=gbs_api",0340687517,9780340687512
"The Shadow of the Wind (The Cemetery of Forgotten Books, #1)",Carlos Ruiz Zafón,https://images-na.ssl-images-amazon.com/images/S/compressed.photo.goodreads.com/books/1628791882i/1232.jpg,,,"""Anyone who enjoys novels that are scary, erotic, touching, tragic and thrilling should rush right out to the nearest bookstore and pick up The Shadow of the Wind. Really, you should."" —Michael Dirda, The Washington Post “Wondrous...masterful...The Shadow of the Wind is ultimately a love letter to literature, intended for readers as passionate about storytelling as its young hero.” —Entertainment Weekly, Editor's Choice “This is one gorgeous read.” —Stephen King ""I still remember the day my father took me to the Cemetary of Forgotten Books for the first time..."" Barcelona, 1945: A city slowly heals in the aftermath of the Spanish Civil War, and Daniel, an antiquarian book dealer’s son who mourns the loss of his mother, finds solace in a mysterious book entitled The Shadow of the Wind, by one Julián Carax. But when he sets out to find the author’s other works, he makes a shocking discovery: someone has been systematically destroying every copy of every book Carax has written. In fact, Daniel may have the last of Carax’s books in existence. Soon Daniel’s seemingly innocent quest opens a door into one of Barcelona’s darkest secrets—an epic story of murder, madness, and doomed love.",2005-01-25,4.5,514,Fiction,Penguin,en,"http://books.google.co.in/books?id=ggvVsFqeCqYC&printsec=frontcover&dq=The+Shadow+of+the+Wind+(The+Cemetery+of+Forgotten+Books,+%231)+Carlos+Ruiz+Zaf%C3%B3n&hl=&cd=1&source=gbs_api",https://play.google.com/store/books/details?id=ggvVsFqeCqYC&source=gbs_api,1101147067,9781101147061
"Anna and the French Kiss (Anna and the French Kiss, #1)",Stephanie Perkins,https://images-na.ssl-images-amazon.com/images/S/compressed.photo.goodreads.com/books/1358271931i/6936382.jpg,,,"Anna had everything figured out – she was about to start senior year with her best friend, she had a great weekend job and her huge work crush looked as if it might finally be going somewhere... Until her dad decides to send her 4383 miles away to Paris. On her own. But despite not speaking a word of French, Anna finds herself making new friends, including Étienne St. Clair, the smart, beautiful boy from the floor above. But he's taken – and Anna might be too. Will a year of romantic near-misses end with the French kiss she's been waiting for?",2013-12-16,4.5,346,Juvenile Fiction,Usborne Publishing Ltd,en,"http://books.google.co.in/books?id=o0J8AwAAQBAJ&printsec=frontcover&dq=Anna+and+the+French+Kiss+(Anna+and+the+French+Kiss,+%231)+Stephanie+Perkins&hl=&cd=1&source=gbs_api",https://play.google.com/store/books/details?id=o0J8AwAAQBAJ&source=gbs_api,1409579956,9781409579953
Just Listen,Sarah Dessen,https://images-na.ssl-images-amazon.com/images/S/compressed.photo.goodreads.com/books/1358270741i/51738.jpg,,,"I'm Annabel. I'm the girl who has it all. Model looks, intelligence, a great social life. I'm one of the lucky ones. Aren't I? My 'best friend' Sophie is spreading rumours about me. My family is slowly falling apart. It's turning into a long, lonely summer, full of secrets and silence. But I've met this guy who won't let me hide away. He's one of those intense types, obsessed with music and totally unafraid of confrontation. He's determined to make me listen. Will I ever find the courage to tell him what really happened the night Sophie and I stopped being friends? Captivating, emotionally turbulent, unputdownable teenage fiction – the natural step up for older Cathy Cassidy fans.",2007-07-05,3,384,Juvenile Fiction,Penguin UK,en,http://books.google.co.in/books?id=Gyg1w8rbp24C&printsec=frontcover&dq=Just+Listen+Sarah+Dessen&hl=&cd=1&source=gbs_api,https://play.google.com/store/books/details?id=Gyg1w8rbp24C&source=gbs_api,0141929138,9780141929132
"The Subtle Knife (His Dark Materials, #2)",Philip Pullman,https://images-na.ssl-images-amazon.com/images/S/compressed.photo.goodreads.com/books/1535965085i/41637836.jpg,,,"'The Subtle Knife' is the second part of the trilogy 'His Dark Materials'. Will is 12 years old, and he's just killed a man. Nowhe's on his own, on the run, and determined to discover the truth about his father's disappearance.",2009-11-02,5,365,"Belacqua, Lyra (Fictitious character)",Galaxy,en,"http://books.google.co.in/books?id=LJGUNAEACAAJ&dq=The+Subtle+Knife+(His+Dark+Materials,+%232)+Philip+Pullman&hl=&cd=1&source=gbs_api","http://books.google.co.in/books?id=LJGUNAEACAAJ&dq=The+Subtle+Knife+(His+Dark+Materials,+%232)+Philip+Pullman&hl=&source=gbs_api",1405663499,9781405663496
"The Looking Glass Wars (The Looking Glass Wars, #1)",Frank Beddor,https://images-na.ssl-images-amazon.com/images/S/compressed.photo.goodreads.com/books/1354845928i/44170.jpg,,,"The Myth: Alice was an ordinary girl who stepped through the looking glass and entered a fairy-tale world invented by Lewis Carroll in his famous storybook. The Truth: Wonderland is real. Alyss Heart is the heir to the throne, until her murderous aunt Redd steals the crown and kills Alyss? parents. To escape Redd, Alyss and her bodyguard, Hatter Madigan, must flee to our world through the Pool of Tears. But in the pool Alyss and Hatter are separated. Lost and alone in Victorian London, Alyss is befriended by an aspiring author to whom she tells the violent, heartbreaking story of her young life. Yet he gets the story all wrong. Hatter Madigan knows the truth only too well, and he is searching every corner of our world to find the lost princess and return her to Wonderland so she may battle Redd for her rightful place as the Queen of Hearts.",2007-08-21,5,412,Young Adult Fiction,Penguin,en,"http://books.google.co.in/books?id=DKs22uoxf-gC&printsec=frontcover&dq=The+Looking+Glass+Wars+(The+Looking+Glass+Wars,+%231)+Frank+Beddor&hl=&cd=1&source=gbs_api",https://play.google.com/store/books/details?id=DKs22uoxf-gC&source=gbs_api,1101221461,9781101221464
None of This Is True,Lisa Jewell,https://images-na.ssl-images-amazon.com/images/S/compressed.photo.goodreads.com/books/1686092508i/62334530.jpg,,,"Meet the residents of 31 Almanac Road ... Ralph and Smith are flatmates and best mates – until, that is, the gorgeous Jemima moves in. And suddenly they’re bickering about a lot more than who drank the last beer. Of course, Jem knows that one of them is the man for her – but is it Ralph or Smith? Upstairs, Karl and Siobhan have been happily unmarried for fifteen years – until, that is, Cheri moves into the flat above theirs. Cheri’s got her eye on Karl and doesn’t see why she should let a little thing like his girlfriend stand in her way ... Sooner or later its all got to come to a head – and what better place for tears and laughter, break ups and make ups than Ralph’s party?",1999,0,312,Fiction,Penguin UK,en,http://books.google.co.in/books?id=nh-q3PSbx_MC&dq=None+of+This+Is+True+Lisa+Jewell&hl=&cd=1&source=gbs_api,http://books.google.co.in/books?id=nh-q3PSbx_MC&dq=None+of+This+Is+True+Lisa+Jewell&hl=&source=gbs_api,014027927X,9780140279276
"Silence (Hush, Hush, #3)",Becca Fitzpatrick,https://images-na.ssl-images-amazon.com/images/S/compressed.photo.goodreads.com/books/1362408152i/10637766.jpg,,,"Enter the realm of fallen angels and rising passions with this boxed set that includes Hush, Hush, Crescendo, Silence, and Finale. A gripping saga that chronicles the destiny of Nora and Patch from the beginning of their relationship to the dire events ~ and forces ~ that threaten to tear them apart, this collection of all four Hush, Hush books is the perfect present for loyal fans and series newcomers. Praise for Hush, Hush: 'A rollercoaster of twists and turns...a great, new and different novel' Sunday Express 'A fast-paced, exhilarating read...fans of paranormal romance should be rapt' Publishers Weekly 'Absolutely brilliant!' BellaAndEdward.com Praise for Crescendo: 'Dark, sexy and compelling' The Bookseller 'Great sexual tension… hot, tense and moreish' The Bookbag Praise for Silence: 'An action packed suspenseful story that had my eyes glued to the page and tears falling…Silence is another fascinating, memorable, heart-breaking, story.' Dark Readers 'The perfect escape into fantasy and a love that can break all boundaries.' Sugarscape Praise for Finale: 'Finale was everything I hoped it would be and more. I have been a fan of the Hush, Hush series since the beginning and Finale was the perfect, well, finale.' Bookbabblers 'By far my favorite book in the entire series, it brings all of the elements of the story to a fantastic conclusion.' Book Angel Booktopia 'Fitzpatrick is an awesome author, and her writing constantly kept me turning the pages addictively.' Once Upon a Bookcase",2013-12-19,5,1486,Juvenile Fiction,Simon and Schuster,en,"http://books.google.co.in/books?id=CQsKAQAAQBAJ&printsec=frontcover&dq=Silence+(Hush,+Hush,+%233)+Becca+Fitzpatrick&hl=&cd=1&source=gbs_api",https://play.google.com/store/books/details?id=CQsKAQAAQBAJ&source=gbs_api,1471121615,9781471121616
"Evernight (Evernight, #1)",Claudia Gray,https://images-na.ssl-images-amazon.com/images/S/compressed.photo.goodreads.com/books/1306376600i/2722413.jpg,,,"A lonely girl, a beautiful boy and a load of terrifying vampires. Think you’ve seen it before? Well get ready for a shock, because this is paranormal romance with a twist... and a razor-sharp bite.",2010-03-04,0,13,Young Adult Fiction,HarperCollins UK,en,"http://books.google.co.in/books?id=dRLJHDvwa6gC&printsec=frontcover&dq=Evernight+(Evernight,+%231)+Claudia+Gray&hl=&cd=1&source=gbs_api",https://play.google.com/store/books/details?id=dRLJHDvwa6gC&source=gbs_api,0007365160,9780007365166
The Paris Apartment,Lucy Foley,https://images-na.ssl-images-amazon.com/images/S/compressed.photo.goodreads.com/books/1645550948i/58468990.jpg,,,"The New York Times Best Seller! Now with an excerpt of Michelle's new book, I'll See You in Paris! Bienvenue à Paris! When April Vogt's boss tells her about an apartment in the ninth arrondissement that has been discovered after being shuttered for the past seventy years, the Sotheby's continental furniture specialist does not hear the words ""dust"" or ""rats"" or ""decrepit."" She hears Paris. She hears escape. Once in France, April quickly learns the apartment is not merely some rich hoarder's repository. Beneath the cobwebs and stale perfumed air is a goldmine, and not because of the actual gold (or painted ostrich eggs or mounted rhinoceros horns or bronze bathtub). First, there's a portrait by one of the masters of the Belle Epoque, Giovanni Boldini. And then there are letters and journals written by the very woman in the painting, Marthe de Florian. These documents reveal that she was more than a renowned courtesan with enviable decolletage. Suddenly April's quest is no longer about the bureaux plats and Louis-style armchairs that will fetch millions at auction. It's about discovering the story behind this charismatic woman. It's about discovering two women, actually. With the help of a salty (and annoyingly sexy) Parisian solicitor and the courtesan's private diaries, April tries to uncover the many secrets buried in the apartment. As she digs into Marthe's life, April can't help but take a deeper look into her own. Having left behind in the States a cheating husband, a family crisis about to erupt, and a career she's been using as the crutch to simply get by, she feels compelled to sort out her own life too. When the things she left bubbling back home begin to boil over, and Parisian delicacies beyond flaky pâtisseries tempt her better judgment, April knows that both she and Marthe deserve happy finales. Whether accompanied by croissants or champagne, this delectable debut novel depicts the Paris of the Belle Epoque and the present day with vibrant and stunning allure. Based on historical events, Michelle Gable's A Paris Apartment will entertain and inspire, as readers embrace the struggles and successes of two very unforgettable women.",2014-04-22,0,385,Fiction,Macmillan,en,http://books.google.co.in/books?id=Bc5nAgAAQBAJ&printsec=frontcover&dq=The+Paris+Apartment+Lucy+Foley&hl=&cd=1&source=gbs_api,https://play.google.com/store/books/details?id=Bc5nAgAAQBAJ&source=gbs_api,1466849622,9781466849624
The Girl on the Train,Paula Hawkins,https://images-na.ssl-images-amazon.com/images/S/compressed.photo.goodreads.com/books/1574805682i/22557272.jpg,,,"THE RUNAWAY SUNDAY TIMES NO.1 BESTSELLER AND THRILLER OF THE YEAR, NOW A MAJOR FILM STARRING EMILY BLUNT 'Really great suspense novel. Kept me up most of the night. The alcoholic narrator is dead perfect' STEPHEN KING Rachel catches the same commuter train every morning. She knows it will wait at the same signal each time, overlooking a row of back gardens. She's even started to feel like she knows the people who live in one of the houses. 'Jess and Jason', she calls them. Their life - as she sees it - is perfect. If only Rachel could be that happy. And then she sees something shocking. It's only a minute until the train moves on, but it's enough. Now everything's changed. Now Rachel has a chance to become a part of the lives she's only watched from afar. Now they'll see; she's much more than just the girl on the train...",2016,5,418,Fiction,Random House,en,http://books.google.co.in/books?id=DvoDDAAAQBAJ&dq=The+Girl+on+the+Train+Paula+Hawkins&hl=&cd=1&source=gbs_api,http://books.google.co.in/books?id=DvoDDAAAQBAJ&dq=The+Girl+on+the+Train+Paula+Hawkins&hl=&source=gbs_api,0552779776,9780552779777
Never Lie,Freida McFadden,https://images-na.ssl-images-amazon.com/images/S/compressed.photo.goodreads.com/books/1661428846i/62080187.jpg,,,"Never Lie ""Never Lie,"" a psychological thriller penned by Freida McFadden in 2022, unfolds the gripping narrative of Tricia and Ethan, a married couple stranded in a remote house in upstate New York due to a snowstorm. The house once belonged to the renowned psychiatrist Dr. Adrienne Hale, who vanished three years earlier under mysterious circumstances. As Tricia stumbles upon a cache of secret tape recordings in Adrienne's house and begins listening to them, a web of deceit surrounding Adrienne's murder and the couple's own dark pasts gradually unravels. Freida McFadden, a bestselling author and practicing physician with expertise in brain injury, brings her medical knowledge to bear in crafting this suspenseful tale. The story is narrated through two alternating perspectives: Tricia's present-day account and Adrienne's recollections from the past. Transcripts of therapy sessions add depth, intertwining past and present. Tricia and Ethan, pretending unfamiliarity with the house and its former owner, hide their own secrets, but their facades crumble as the plot thickens.",2024-04-20,0,63,Fiction,BookSummaryGr,en,http://books.google.co.in/books?id=VV8DEQAAQBAJ&printsec=frontcover&dq=Never+Lie+Freida+McFadden&hl=&cd=1&source=gbs_api,http://books.google.co.in/books?id=VV8DEQAAQBAJ&dq=Never+Lie+Freida+McFadden&hl=&source=gbs_api,,9791223031100
Dark Places,Gillian Flynn,https://images-na.ssl-images-amazon.com/images/S/compressed.photo.goodreads.com/books/1354988288i/5886881.jpg,,,"NEW YORK TIMES BESTSELLER • A NEW YORKER BEST BOOK OF THE YEAR • NOW IN DEVELOPMENT AS AN HBO LIMITED SERIES From the acclaimed author of Gone Girl, “a riveting tale of true horror by a writer who has all the gifts to pull it off” (Chicago Tribune) “Sensuous and chilling . . . a propulsive and twisty mystery.”—Entertainment Weekly Libby Day was seven when her mother and two sisters were murdered in “The Satan Sacrifice of Kinnakee, Kansas.” She survived—and famously testified that her fifteen-year-old brother, Ben, was the killer. Twenty-five years later, the Kill Club—a secret society obsessed with notorious crimes—locates Libby and pumps her for details. They hope to discover proof that may free Ben. Libby hopes to turn a profit off her tragic history: She’ll reconnect with the players from that night and report her findings to the club—for a fee. As Libby’s search takes her from shabby Missouri strip clubs to abandoned Oklahoma tourist towns, the unimaginable truth emerges, and Libby finds herself right back where she started—on the run from a killer.",2018-05-22,0,562,Fiction,Crown,en,http://books.google.co.in/books?id=bPCMDQAAQBAJ&dq=Dark+Places+Gillian+Flynn&hl=&cd=1&source=gbs_api,http://books.google.co.in/books?id=bPCMDQAAQBAJ&dq=Dark+Places+Gillian+Flynn&hl=&source=gbs_api,1101902884,9781101902882
"The Woman in Cabin 10 (Lo Blacklock, #1)",Ruth Ware,https://images-na.ssl-images-amazon.com/images/S/compressed.photo.goodreads.com/books/1465878007i/28187230.jpg,,,"*SOON TO BE A MAJOR NETFLIX SERIES, STARRING KEIRA KNIGHTLEY* 'Reads like Agatha Christie got together with Paula Hawkins to crowdsource a really fun thriller' Stylist A PASSENGER IS MISSING...BUT WAS SHE EVER ON BOARD AT ALL? This was meant to be the perfect trip. The Northern Lights. A luxury press launch on a boutique cruise ship. A chance for travel journalist Lo Blacklock to recover from a traumatic break-in that has left her on the verge of collapse. Except things don't go as planned. Woken in the night by screams, Lo rushes to her window to see a body thrown overboard from the next door cabin. But the records show that no-one ever checked into that cabin, and no passengers are missing from the boat. Exhausted and emotional, Lo has to face the fact that she may have made a mistake - either that, or she is now trapped on a boat with a murderer... _________________ Praise for THE WOMAN IN CABIN 10: ' Scary and unsettling, it's' edge-of-your-seat stuff' The Sun 'A tense, moody drama set on a press trip that goes horribly wrong... a brilliantly claustrophobic setting' Sunday Times 'A twisty puzzle' Shari Lapena 'Terrifically tense' Good Housekeeping",2016-06-30,5,356,Fiction,Random House,en,"http://books.google.co.in/books?id=iVQyCwAAQBAJ&printsec=frontcover&dq=The+Woman+in+Cabin+10+(Lo+Blacklock,+%231)+Ruth+Ware&hl=&cd=1&source=gbs_api",https://play.google.com/store/books/details?id=iVQyCwAAQBAJ&source=gbs_api,1473512336,9781473512337
"Red Dragon (Hannibal Lecter, #1)",Thomas  Harris,https://images-na.ssl-images-amazon.com/images/S/compressed.photo.goodreads.com/books/1593241110i/28877.jpg,,,"THE NEW YORK TIMES BESTSELLER Feed your fears with the terrifying classic that introduced cannibalistic serial killer Hannibal Lecter. FBI agent Will Graham once risked his sanity to capture Hannibal Lecter, an ingenious killer like no other. Now, he’s following the bloodstained pattern of the Tooth Fairy, a madman who’s already wiped out two families. To find him, Graham has to understand him. To understand him, Graham has only one place left to go: the mind of Dr. Lecter.",2009-01-06,4,463,Fiction,Penguin,en,"http://books.google.co.in/books?id=WifY4IUVSfYC&printsec=frontcover&dq=Red+Dragon+(Hannibal+Lecter,+%231)+Thomas++Harris&hl=&cd=1&source=gbs_api","http://books.google.co.in/books?id=WifY4IUVSfYC&dq=Red+Dragon+(Hannibal+Lecter,+%231)+Thomas++Harris&hl=&source=gbs_api",1440657793,9781440657795
"Don't Judge a Girl by Her Cover (Gallagher Girls, #3)",Ally Carter,https://images-na.ssl-images-amazon.com/images/S/compressed.photo.goodreads.com/books/1359827132i/5267365.jpg,,,"Here's the thing about covert operations: the really bad things always happen when you least expect them. The enemies don't give you a heads-up. And they never let you stop to put on comfortable shoes. A spy-in-training, Cammie Morgan has a cover for every occasion. But what happens when she is forced to lose her cover to save her best friend, Macey? Cammie and her friends are determined to hunt down the group that threatens to tear their secret sisterhood apart. This time it's personal.",2011-01-20,5,221,Juvenile Fiction,Hachette UK,en,"http://books.google.co.in/books?id=I3x-XLPFKzcC&printsec=frontcover&dq=Don%27t+Judge+a+Girl+by+Her+Cover+(Gallagher+Girls,+%233)+Ally+Carter&hl=&cd=1&source=gbs_api",https://play.google.com/store/books/details?id=I3x-XLPFKzcC&source=gbs_api,1408314398,9781408314395
Mystic River,Dennis Lehane,https://images-na.ssl-images-amazon.com/images/S/compressed.photo.goodreads.com/books/1407109549i/21671.jpg,,,"This New York Times bestseller from Dennis Lehane is a gripping, unnerving psychological thriller about the effects of a savage killing on three former friends in a tightly knit, blue-collar Boston neighborhood. When they were children, Sean Devine, Jimmy Marcus, and Dave Boyle were friends. But then a strange car pulled up to their street. One boy got into the car, two did not, and something terrible happened—something that ended their friendship and changed all three boys forever. Twenty-five years later, Sean is a homicide detective. Jimmy is an ex-con who owns a corner store. And Dave is trying to hold his marriage together and keep his demons at bay —demons that urge him to do terrible things. When Jimmy’s daughter is found murdered, Sean is assigned to the case. His investigation brings him into conflict with Jimmy, who finds his old criminal impulses tempt him to solve the crime with brutal justice. And then there is Dave, who came home the night Jimmy’s daughter died covered in someone else’s blood. A tense and unnerving psychological thriller, Mystic River is also an epic novel of love and loyalty, faith and family, in which people irrevocably marked by the past find themselves on a collision course with the darkest truths of their own hidden selves.",2009-10-13,0,418,Fiction,Harper Collins,en,http://books.google.co.in/books?id=mt6lRtdIdIUC&printsec=frontcover&dq=Mystic+River+Dennis+Lehane&hl=&cd=1&source=gbs_api,https://play.google.com/store/books/details?id=mt6lRtdIdIUC&source=gbs_api,0061827428,9780061827426
Big Little Lies,Liane Moriarty,https://images-na.ssl-images-amazon.com/images/S/compressed.photo.goodreads.com/books/1559835163i/33516773.jpg,,,"From the author of Here One Moment and The Husband’s Secret comes the #1 New York Times bestselling novel about the dangerous little lies we tell ourselves just to survive. THE INSPIRATION FOR THE AWARD-WINNING HBO® SERIES STARRING REESE WITHERSPOON, NICOLE KIDMAN, SHAILENE WOODLEY, LAURA DERN, ZOË KRAVITZ, AND MERYL STREEP—AVAILABLE TO STREAM ON MAX® A murder...A tragic accident...Or just parents behaving badly? What’s indisputable is that someone is dead. Madeline is a force to be reckoned with. She’s funny, biting, and passionate; she remembers everything and forgives no one. Celeste is the kind of beautiful woman who makes the world stop and stare but she is paying a price for the illusion of perfection. New to town, single mom Jane is so young that another mother mistakes her for a nanny. She comes with a mysterious past and a sadness beyond her years. These three women are at different crossroads, but they will all wind up in the same shocking place. Big Little Lies is a brilliant take on ex-husbands and second wives, mothers and daughters, schoolyard scandal, and the little lies that can turn lethal.",2014-07-29,4,481,Fiction,Penguin,en,http://books.google.co.in/books?id=UhQ4AwAAQBAJ&dq=Big+Little+Lies+Liane+Moriarty&hl=&cd=1&source=gbs_api,http://books.google.co.in/books?id=UhQ4AwAAQBAJ&dq=Big+Little+Lies+Liane+Moriarty&hl=&source=gbs_api,0698138635,9780698138636
The Woman in the Window,A.J. Finn,https://images-na.ssl-images-amazon.com/images/S/compressed.photo.goodreads.com/books/1528225499i/40389527.jpg,,,"Now a major film on Netflix starring Amy Adams, Gary Oldman and Julianne Moore OVER 5 MILLION COPIES SOLD! THE NUMBER ONE SUNDAY TIMES BESTSELLER",2018-01-02,3,411,Fiction,HarperCollins,en,http://books.google.co.in/books?id=Mg9ADwAAQBAJ&printsec=frontcover&dq=The+Woman+in+the+Window+A.J.+Finn&hl=&cd=1&source=gbs_api,https://play.google.com/store/books/details?id=Mg9ADwAAQBAJ&source=gbs_api,0008292736,9780008292737
Lock Every Door,Riley Sager,https://images-na.ssl-images-amazon.com/images/S/compressed.photo.goodreads.com/books/1540938359i/41837243.jpg,,,"THE INSTANT NEW YORK TIMES BESTSELLER “Looking for a suspense novel that will keep you up until way past midnight? Look no further than Lock Every Door, by Riley Sager.”—Stephen King No visitors. No nights spent elsewhere. No disturbing the rich and famous residents. These are the rules for Jules Larsen’s new job apartment sitting at the Bartholomew, one of Manhattan’s most high-profile buildings. Recently heartbroken—and just plain broke—Jules is taken in by the splendor and accepts the terms, ready to leave her past life behind. As she gets to know the occupants and staff, Jules is drawn to fellow apartment sitter Ingrid, who reminds her so much of the sister she lost eight years ago. When Ingrid confides that the Bartholomew has a dark history hidden beneath its gleaming façade, Jules brushes it off as a harmless ghost story—until the next day when Ingrid seemingly vanishes. Searching for the truth, Jules digs deeper into the Bartholomew’s sordid past. But by uncovering the secrets within its walls, Jules exposes herself to untold terrors. Because once you’re in, the Bartholomew doesn’t want you to leave....",2019-07-02,5,386,Fiction,Penguin,en,http://books.google.co.in/books?id=pLNzDwAAQBAJ&dq=Lock+Every+Door+Riley+Sager&hl=&cd=1&source=gbs_api,http://books.google.co.in/books?id=pLNzDwAAQBAJ&dq=Lock+Every+Door+Riley+Sager&hl=&source=gbs_api,1524745154,9781524745158
"Masquerade (Blue Bloods, #2)",Melissa de la Cruz,https://images-na.ssl-images-amazon.com/images/S/compressed.photo.goodreads.com/books/1322287499i/106085.jpg,,,"Schuyler Van Alen, growing comfortable with her newfound vampire powers, seeks her grandfather in Italy, while back in New York plans are being completed for the fabulous Four Hundred Ball, to be followed by an elite, teens-only event at which masks hide a terrible secret.",2007,0,0,Balls (Parties),Unknown,en,"http://books.google.co.in/books?id=GSAz0AEACAAJ&dq=Masquerade+(Blue+Bloods,+%232)+Melissa+de+la+Cruz&hl=&cd=1&source=gbs_api","http://books.google.co.in/books?id=GSAz0AEACAAJ&dq=Masquerade+(Blue+Bloods,+%232)+Melissa+de+la+Cruz&hl=&source=gbs_api",1424284120,9781424284122
"Vampire Kisses (Vampire Kisses, #1)",Ellen Schreiber,https://images-na.ssl-images-amazon.com/images/S/compressed.photo.goodreads.com/books/1345950574i/263147.jpg,,,"The absolute last thing goth-girl Raven and her vampire boyfriend, Alexander, need is another hitch in their nighttime-only romance—but dark trouble hovers on the horizon when Raven and Alexander discover four freshly dug graves filled with empty coffins. When a crew of sketchy vampires takes up residence in Dullsville's lonely graveyard, Alexander finds this motley bunch led by his very own blood-sucking cousin, Claude Sterling. Shocking! Claude and his creepy crew can only spell out more problems for the pair, especially when Raven finds them in daylight in the very last place she could ever imagine. What could Claude and his invaders be doing—or searching for—in Dullsville?",2007-09-25,4,132,Juvenile Fiction,Harper Collins,en,"http://books.google.co.in/books?id=eznBSxdHI_YC&dq=Vampire+Kisses+(Vampire+Kisses,+%231)+Ellen+Schreiber&hl=&cd=1&source=gbs_api","http://books.google.co.in/books?id=eznBSxdHI_YC&dq=Vampire+Kisses+(Vampire+Kisses,+%231)+Ellen+Schreiber&hl=&source=gbs_api",0061340812,9780061340819
