title,author,img_url,series_name,series_position,description,publishedDate,averageRating,pageCount,categories,publisher,language,previewLink,infoLink,isbn_10,isbn_13
"Onyx Storm (The Empyrean, #3)",Rebecca Yarros,https://images-na.ssl-images-amazon.com/images/S/compressed.photo.goodreads.com/books/1720446357i/209439446.jpg,,,"""Heart-pounding romance and intense action wrapped in a spellbinding world. I was hooked from the first page!"" - Elise Kova, USA Today bestselling author of A Deal with the Elf King. What if you fell in love with the one person you'd sworn to destroy? Lara has only one thought for her husband on their wedding day: I will bring your kingdom to its knees. A princess trained from childhood to be a lethal spy, Lara knows that the Bridge Kingdom represents both legendary evil - and legendary promise. The only route through a storm-ravaged world, the Bridge Kingdom controls all trade and travel between lands, allowing its ruler to enrich himself and deprive his enemies, including Lara's homeland. So when she is sent as a bride under the guise of fulfilling a treaty of peace, Lara is prepared to do whatever it takes to fracture the defenses of the impenetrable Bridge Kingdom. But as she infiltrates her new home - a lush paradise surrounded by tempest seas - and comes to know her new husband, Aren, Lara begins to question where the true evil resides. Around her, she sees a kingdom fighting for survival, and in Aren, a man fiercely protective of his people. As her mission drives her to deeper understanding of the fight to possess the bridge, Lara finds the simmering attraction between her and Aren impossible to ignore. Her goal nearly within reach, Lara will have to decide her own fate: Will she be the destroyer of a king or the savior of her people? Intense and action-packed, The Bridge Kingdom is a sexy and addictive fantasy perfect for fans of From Blood and Ash and A Court of Thorns and Roses.",2021-02-14,0,354,,Unknown,en,"http://books.google.co.in/books?id=Bo49zgEACAAJ&dq=Onyx+Storm+(The+Empyrean,+%233)+Rebecca+Yarros&hl=&cd=1&source=gbs_api","http://books.google.co.in/books?id=Bo49zgEACAAJ&dq=Onyx+Storm+(The+Empyrean,+%233)+Rebecca+Yarros&hl=&source=gbs_api",,9798709311015
"Fearless (The Powerless Trilogy, #3)",Lauren  Roberts,https://images-na.ssl-images-amazon.com/images/S/compressed.photo.goodreads.com/books/1730558434i/214907249.jpg,,,No description available,Unknown,0,0,,Unknown,Unknown,,,,
"Watch Me (Shatter Me: The New Republic, #1)",Tahereh Mafi,https://images-na.ssl-images-amazon.com/images/S/compressed.photo.goodreads.com/books/1724164047i/216364822.jpg,,,"OVER 8 MILLION COPIES SOLD. THE GLOBAL BESTSELLER AND TIKTOK SENSATION! ""Addictive, intense, and oozing with romance” Lauren Kate, Fallen ""Dangerous, sexy, romantic and intense! Kami Garcia, Beautiful Creatures “My favourite series of all time” Goodreads review “Perfection” TikTok review",2018-03-06,0,291,Young Adult Fiction,HarperCollins UK,en,"http://books.google.co.in/books?id=MuCiEAAAQBAJ&pg=PP1&dq=Watch+Me+(Shatter+Me:+The+New+Republic,+%231)+Tahereh+Mafi&hl=&cd=1&source=gbs_api",https://play.google.com/store/books/details?id=MuCiEAAAQBAJ&source=gbs_api,1780318685,9781780318684
"The Knight and the Moth (The Stonewater Kingdom, #1)",Rachel Gillig,https://images-na.ssl-images-amazon.com/images/S/compressed.photo.goodreads.com/books/1729088690i/205335957.jpg,,,"Witness the fate of beloved heroes and notorious foes in V.E. Schwab’s New York Times bestselling Shades of Magic series. This discounted ebundle includes: A Darker Shade of Magic, A Gathering of Shadows, A Conjuring of Light Kell is one of the last Antari—magicians with a rare, coveted ability to travel between parallel Londons; Red, Grey, White, and, once upon a time, Black. After an exchange goes awry, Kell escapes to Grey London and runs into Delilah Bard, a cut-purse with lofty aspirations. Now perilous magic is afoot, and treachery lurks at every turn. To save all of the worlds, they'll first need to stay alive. A Darker Shade of Magic — Kell was raised in Arnes—Red London—and officially serves the Maresh Empire as an ambassador, traveling between the frequent bloody regime changes in White London and the court of George III in the dullest of Londons. Unofficially, Kell is a smuggler, servicing people willing to pay for even the smallest glimpses of a world they'll never see. It's a defiant hobby with dangerous consequences, which Kell is now seeing firsthand. A Gathering of Shadows — Restless, and having given up smuggling, Kell is visited by dreams of ominous magical events, waking only to think of Lila, who disappeared from the docks like she always meant to do. And while Red London is caught up in the pageantry and thrills of the Element Games, another London is coming back to life, and those who were thought to be forever gone have returned. A Conjuring of Light — As darkness sweeps the Maresh Empire, the once precarious balance of power among the four Londons has reached its breaking point. In the wake of tragedy, Kell—once assumed to be the last surviving Antari—begins to waver under the pressure of competing loyalties. Lila Bard has survived and flourished through a series of magical trials. But now she must learn to control the magic, before it bleeds her dry. Tor books by V. E. Schwab The Shades of Magic series A Darker Shade of Magic A Gathering of Shadows A Conjuring of Light The Villains series Vicious At the Publisher's request, this title is being sold without Digital Rights Management Software (DRM) applied.",2017-08-15,0,1282,Fiction,Tor Books,en,"http://books.google.co.in/books?id=spgmDwAAQBAJ&dq=The+Knight+and+the+Moth+(The+Stonewater+Kingdom,+%231)+Rachel+Gillig&hl=&cd=1&source=gbs_api","http://books.google.co.in/books?id=spgmDwAAQBAJ&dq=The+Knight+and+the+Moth+(The+Stonewater+Kingdom,+%231)+Rachel+Gillig&hl=&source=gbs_api",0765399628,9780765399625
"Rebel Witch (The Crimson Moth, #2)",Kristen Ciccarelli,https://images-na.ssl-images-amazon.com/images/S/compressed.photo.goodreads.com/books/1713462814i/60217777.jpg,,,"The stakes are even higher in this epic, romantic conclusion to the New York Times bestselling Crimson Moth duology. A WITCH... Rune Winters is on the run. Ever since the boy she loved, Gideon Sharpe, revealed who she was and delivered her into enemy hands, everyone wants her dead. If Rune hopes to survive, she must ally herself with the cruel and dangerous Cressida Roseblood, who's planning to take back the Republic and reinstate a Reign of Witches-something Cressida needs Rune to accomplish. A WITCH HUNTER... Apparently it wasn't enough for Rune to deceive Gideon; she's now betrayed him by allying herself with the witch who made his life a living hell. Gideon won't allow the Republic to fall to the witches and be plunged back into the nightmares of the past. In order to protect this new world he fought for, every last witch must die-especially Rune Winters. AN IMPOSSIBLE CHOICE... When Rune makes Gideon an offer he can't refuse, the two must pair up to accomplish dangerous goals. The more they're forced into each other's company, the more Gideon realizes the feelings he had for Rune aren't as dead and buried as he thought. Now he's faced with a terrible choice: sacrifice the girl he loves to stop a monster taking back power, or let Rune live and watch the world he fought so hard for burn. In Kristen Ciccarelli's Rebel Witch, the exciting conclusion to The Crimson Moth duology, love has never been so deadly.",2025-04-11,0,0,Young Adult Fiction,Unknown,en,"http://books.google.co.in/books?id=VDMd0QEACAAJ&dq=Rebel+Witch+(The+Crimson+Moth,+%232)+Kristen+Ciccarelli&hl=&cd=1&source=gbs_api","http://books.google.co.in/books?id=VDMd0QEACAAJ&dq=Rebel+Witch+(The+Crimson+Moth,+%232)+Kristen+Ciccarelli&hl=&source=gbs_api",1965322395,9781965322390
"The Vampire Castle in the Sky (Tales from the Faraway North, #2)",Iris Lake,https://images-na.ssl-images-amazon.com/images/S/compressed.photo.goodreads.com/books/1744235439i/230464782.jpg,,,"I never thought I'd be singing happy birthday to myself in a dungeon. And yet when a sinfully sexy demon crashes happy hour, that's exactly what happens. He's known as the Lord of Chaos, and he's mistaken me for my succubus doppelgänger. Happy birthday to me. When he tastes my blood, he finally understands I'm mortal. And I realize we have something in common: we both crave revenge. So we make a deal: I can stay in the forbidden city to hunt for my mom's killer. In return, I'll help him get the vengeance he craves. I just have to pose as a sexy succubus. One problem--he's my number one suspect. And that's increasingly hard to remember as he teaches me my role: seduction. With each heated touch I drift further into peril. And if I fall under his seductive spell, death awaits me. ""I flew through this book... Hot demon lord-check. Action-check. Romance-check. And there's spice! If you love my books, you definitely want to read this one."" -Laura Thalassa",2021-08-23,0,306,Fiction,Corey Press,en,"http://books.google.co.in/books?id=RvmQzgEACAAJ&dq=The+Vampire+Castle+in+the+Sky+(Tales+from+the+Faraway+North,+%232)+Iris+Lake&hl=&cd=1&source=gbs_api","http://books.google.co.in/books?id=RvmQzgEACAAJ&dq=The+Vampire+Castle+in+the+Sky+(Tales+from+the+Faraway+North,+%232)+Iris+Lake&hl=&source=gbs_api",195629001X,9781956290011
"Enchantra (Wicked Games, #2)",Kaylie Smith,https://images-na.ssl-images-amazon.com/images/S/compressed.photo.goodreads.com/books/1725035983i/217182344.jpg,,,"Meet the Devil of Blackthorne Manor ...When I was a little girl, I dreamed a handsome knight would come and rescue me from my wretched mother. He'd ride up on his white steed and break the curse I've been fated to carry since the day I was born.Funny how things changed over time. How the fairy tale twisted into something far more crooked, darker than I ever imagined.In reality, my knight is scarred and broken, living alone in a castle of bones that overlooks the sea. He isn't searching for me. He never was.Lucian Blackthorne is as cursed as I am, and equally shunned by the locals, the fishers of men, who believe him to be the devil in the flesh.Perhaps he is, with the way his amber eyes draw me in, ignite me like an infernal blaze. And the sins he whispers in my ear are as wickedly intoxicating as the man himself.Yet, his touch is heaven and his will is my weakness.He calls us forbidden, an unsalvageable tragedy, with no happy end. Maybe we are. But in this story, he's the one who needs saving.Master of Salt & Bones is a dark modern gothic contemporary standalone romance.",2020-04-18,0,550,,Unknown,en,"http://books.google.co.in/books?id=qSaCzQEACAAJ&dq=Enchantra+(Wicked+Games,+%232)+Kaylie+Smith&hl=&cd=1&source=gbs_api","http://books.google.co.in/books?id=qSaCzQEACAAJ&dq=Enchantra+(Wicked+Games,+%232)+Kaylie+Smith&hl=&source=gbs_api",,9798637109357
"Rose in Chains (The Evermore Trilogy, #1)",Julie  Soto,https://images-na.ssl-images-amazon.com/images/S/compressed.photo.goodreads.com/books/1738791236i/221179254.jpg,,,"""Fan favorite Scarlett St. Clair expands her universe of New Greece and the Hades and Persephone retellings with a new series told in Hades's point of view. Rediscover the world of A Touch of Ruin through the eyes of the God of the Underworld, Hades, as he tries to balance the demands of his position while maintaining his relationship with Persephone""--",2022,0,464,Fiction,Bloom Books,en,"http://books.google.co.in/books?id=DFmkzgEACAAJ&dq=Rose+in+Chains+(The+Evermore+Trilogy,+%231)+Julie++Soto&hl=&cd=1&source=gbs_api","http://books.google.co.in/books?id=DFmkzgEACAAJ&dq=Rose+in+Chains+(The+Evermore+Trilogy,+%231)+Julie++Soto&hl=&source=gbs_api",1728259606,9781728259604
"Accomplice to the Villain (Assistant to the Villain, #3)",Hannah Nicole Maehrer,https://images-na.ssl-images-amazon.com/images/S/compressed.photo.goodreads.com/books/1733446148i/188563996.jpg,,,"THE INSTANT #1 NEW YORK TIMES BESTSELLER Once Upon a Time meets The Office in Hannah Maehrer’s laugh-out-loud viral TikTok series turned novel, about the sunshine assistant to an Evil Villain...and their unexpected romance. ASSISTANT WANTED: Notorious, high-ranking villain seeks loyal, levelheaded assistant for unspecified office duties, supporting staff for random mayhem and terror, and other Dark Things In General. Discretion a must. Excellent benefits. With ailing family to support, Evie Sage's employment status isn't just important, it's vital. So when a mishap with Rennedawn’s most infamous Villain results in a job offer—naturally, she says yes. No job is perfect, of course, but even less so when you develop a teeny crush on your terrifying, temperamental, and undeniably hot boss. Don’t find evil so attractive, Evie. But just when she’s getting used to severed heads suspended from the ceiling and the odd squish of an errant eyeball beneath her heel, Evie suspects this dungeon has a huge rat...and not just the literal kind. Because something rotten is growing in the kingdom of Rennedawn, and someone wants to take the Villain—and his entire nefarious empire—out. Now Evie must not only resist drooling over her boss but also figure out exactly who is sabotaging his work...and ensure he makes them pay. After all, a good job is hard to find. The Assistant and the Villain series is best enjoyed in order. Reading Order: Book #1 Assistant to the Villain Book #2 Apprentice to the Villain",2023-08-29,0,421,Fiction,Entangled: Red Tower Books,en,"http://books.google.co.in/books?id=ofmzEAAAQBAJ&printsec=frontcover&dq=Accomplice+to+the+Villain+(Assistant+to+the+Villain,+%233)+Hannah+Nicole+Maehrer&hl=&cd=1&source=gbs_api","http://books.google.co.in/books?id=ofmzEAAAQBAJ&dq=Accomplice+to+the+Villain+(Assistant+to+the+Villain,+%233)+Hannah+Nicole+Maehrer&hl=&source=gbs_api",1649375522,9781649375520
"Sea of Evil and Desire (The Deep Saga, #1)",J.  Střelou,https://images-na.ssl-images-amazon.com/images/S/compressed.photo.goodreads.com/books/1742981667i/222536849.jpg,,,"You are my late night thoughts is a collection of short poems. It was inspired by late nights, loving hearts, and the sound of the ocean.",2017-11-19,0,104,,Unknown,en,"http://books.google.co.in/books?id=WtKpswEACAAJ&dq=Sea+of+Evil+and+Desire+(The+Deep+Saga,+%231)+J.++St%C5%99elou&hl=&cd=1&source=gbs_api","http://books.google.co.in/books?id=WtKpswEACAAJ&dq=Sea+of+Evil+and+Desire+(The+Deep+Saga,+%231)+J.++St%C5%99elou&hl=&source=gbs_api",1973137372,9781973137375
"The Fallen & the Kiss of Dusk (Crowns of Nyaxia, #4)",Carissa Broadbent,https://images-na.ssl-images-amazon.com/images/S/compressed.photo.goodreads.com/books/1734634805i/217388041.jpg,,,"Her life for freedom. Her blood for love. Her soul for vengeance. Ripped from a forgotten homeland as a child, Tisaanah learned how to survive with nothing but a sharp wit and a touch of magic. But the night she tries to buy her freedom, she barely escapes with her life. Desperate to save the best friend she left behind, Tisaanah journeys to the Orders, the most powerful organizations of magic Wielders in the world. To join their ranks, she must complete an apprenticeship with Maxantarius Farlione, a handsome and reclusive fire wielder who despises the Orders. The Orders' intentions are cryptic, and Tisaanah must prove herself under the threat of looming war. But even more dangerous are her growing feelings for Maxantarius. The bloody past he wants to forget may be the key to her future... or the downfall of them both. Tisaanah will stop at nothing to save those she abandoned. Even if it means gambling in the Orders' deadly games. Even if it means sacrificing her heart. Even if it means wielding death itself. A tale of dark magic, passionate romance, vengeance and redemption, for fans of Carissa Broadbent's Crowns of Nyaxia series. Continue the series with Children of Fallen Gods, the captivating second book in the War of Lost Hearts trilogy.",2025-10-16,0,0,Fiction,Tor,en,"http://books.google.co.in/books?id=kQUb0QEACAAJ&dq=The+Fallen+%26+the+Kiss+of+Dusk+(Crowns+of+Nyaxia,+%234)+Carissa+Broadbent&hl=&cd=1&source=gbs_api","http://books.google.co.in/books?id=kQUb0QEACAAJ&dq=The+Fallen+%26+the+Kiss+of+Dusk+(Crowns+of+Nyaxia,+%234)+Carissa+Broadbent&hl=&source=gbs_api",1035070839,9781035070831
"Brimstone (Fae & Alchemy, #2)",Callie Hart,https://images-na.ssl-images-amazon.com/images/S/compressed.photo.goodreads.com/books/1742991443i/222139748.jpg,,,"USA Today Bestselling Author, Callie Hart, delivers a twisted and edgy new linked standalone dark romance tale, featuring a girl with nothing left to lose and a broken boy with a heart as black as his soul. Want something? Pax will take it from you. Love something? Pax will destroy it. Love him? Heaven help you. You'd have to be the stupidest person to walk the face of the earth. PAX I don't do complicated. I sure as hell don't do love. With graduation in sight, I've made it almost four years at Wolf Hall without getting tangled up in BS with girls. I especially want nothing to do with her: Presley. Maria. Witton. Chase. The timid little mouse with the red hair, who can't even look my way without hyperventilating. She's nothing to me. Beautiful, sure, but I've had plenty of beautiful women. I'm perfectly content ignoring her... ...until her life is suddenly in my hands. PRES I've loved him from the moment I laid eyes on him. The cruel, inked anarchist of Riot House. He's wicked, and he's cold, and there's nothing good left in him. I fear him almost as much as I crave him. With only a few weeks left until graduation, all I have to do is keep my head down, and then I'll be free; I can leave Mountain Lakes and my obsession with Pax Davis in my rearview mirror. But the demons I've been hiding for years now are growing restless... ...and Pax is thing that will keep them at bay. This is not an act of kindness. Not an act of love. Not an act of forgiveness. You'll find no redemption here. This is the final riot. ACT ACCORDINGLY. RIOT ACT is a 137,000-word standalone book in the Crooked Sinners Series and does not end on a cliffhanger. This book contains dark content that may be considered a trigger for some readers, and as such is recommended for readers 17+",2021-10-11,0,444,,Independently Published,en,"http://books.google.co.in/books?id=Ipi1zgEACAAJ&dq=Brimstone+(Fae+%26+Alchemy,+%232)+Callie+Hart&hl=&cd=1&source=gbs_api","http://books.google.co.in/books?id=Ipi1zgEACAAJ&dq=Brimstone+(Fae+%26+Alchemy,+%232)+Callie+Hart&hl=&source=gbs_api",,9798496321945
Alchemised,SenLinYu,https://images-na.ssl-images-amazon.com/images/S/compressed.photo.goodreads.com/books/1737131941i/207670238.jpg,,,"WINNER of the 2019 World Fantasy Award for Best Novel, and a finalist for the Nebula Award, the Locus Award, and the Lammy Award! One of the 100 Best Fantasy Books of All Time, according to Time Magazine One of the best books of 2018, according to NPR, Publishers Weekly, BuzzFeed, the Chicago Review, BookPage, and the B&N Sci-Fi and Fantasy Blog. The Kingston Cycle is One of Reader's Digest Top 25 Best Fantasy Series Ever Written C. L. Polk arrives on the scene with Witchmark, a stunning, addictive fantasy that combines intrigue, magic, betrayal, and romance. The New York Times calls it “thoroughly charming and deftly paced... an accomplished and enjoyable debut.” In an original world reminiscent of Edwardian England in the shadow of a World War, cabals of noble families use their unique magical gifts to control the fates of nations, while one young man seeks only to live a life of his own. Magic marked Miles Singer for suffering the day he was born, doomed either to be enslaved to his family's interest or to be committed to a witches' asylum. He went to war to escape his destiny and came home a different man, but he couldn’t leave his past behind. The war between Aeland and Laneer leaves men changed, strangers to their friends and family, but even after faking his own death and reinventing himself as a doctor at a cash-strapped veterans' hospital, Miles can’t hide what he truly is. When a fatally poisoned patient exposes Miles’ healing gift and his witchmark, he must put his anonymity and freedom at risk to investigate his patient’s murder. To find the truth he’ll need to rely on the family he despises, and on the kindness of the most gorgeous man he’s ever seen. At the Publisher's request, this title is being sold without Digital Rights Management Software (DRM) applied.",2018-06-19,4,271,Fiction,Tor Books,en,http://books.google.co.in/books?id=Qu0yDwAAQBAJ&printsec=frontcover&dq=Alchemised+SenLinYu&hl=&cd=1&source=gbs_api,https://play.google.com/store/books/details?id=Qu0yDwAAQBAJ&source=gbs_api,0765398974,9780765398970
"The Things Gods Break (The Crucible, #2)",Abigail Owen,https://images-na.ssl-images-amazon.com/images/S/compressed.photo.goodreads.com/books/1743875891i/219209851.jpg,,,"""As the kingdoms of Greece clash on the shores of Troy and the gods choose sides, Daphne must user her wits, her training, and her precarious relationship with Apollo to keep her queen safe, stop the war, and uncover the true reason the gods led her to Troy""--",2023-08,0,0,Juvenile Fiction,Unknown,en,"http://books.google.co.in/books?id=z76OzwEACAAJ&dq=The+Things+Gods+Break+(The+Crucible,+%232)+Abigail+Owen&hl=&cd=1&source=gbs_api","http://books.google.co.in/books?id=z76OzwEACAAJ&dq=The+Things+Gods+Break+(The+Crucible,+%232)+Abigail+Owen&hl=&source=gbs_api",0316366854,9780316366854
"The Primal of Blood and Bone (Blood and Ash, #6)",Jennifer L. Armentrout,https://images-na.ssl-images-amazon.com/images/S/compressed.photo.goodreads.com/books/1730471303i/58483123.jpg,,,No description available,2024-01-15,0,0,Fiction,Unknown,en,"http://books.google.co.in/books?id=7PwG0QEACAAJ&dq=The+Primal+of+Blood+and+Bone+(Blood+and+Ash,+%236)+Jennifer+L.+Armentrout&hl=&cd=1&source=gbs_api","http://books.google.co.in/books?id=7PwG0QEACAAJ&dq=The+Primal+of+Blood+and+Bone+(Blood+and+Ash,+%236)+Jennifer+L.+Armentrout&hl=&source=gbs_api",1963135601,9781963135602
"A Curse Carved in Bone (Saga of the Unfated, #2)",Danielle L. Jensen,https://images-na.ssl-images-amazon.com/images/S/compressed.photo.goodreads.com/books/1722872764i/216602917.jpg,,,"For five centuries, a witch's curse has bound the trolls to their city beneath the mountain. When Cécile de Troyes is kidnapped and taken beneath the mountain, she realises that the trolls are relying on her to break the curse. Cécile has only one thing on her mind: escape. But the trolls are clever, fast, and inhumanly strong. She will have to bide her time... But the more time she spends with the trolls, the more she understands their plight. There is a rebellion brewing. And she just might be the one the trolls were looking for...",2014,0,0,Blessing and cursing,"Angry Robot, Limited",en,"http://books.google.co.in/books?id=To_7nQEACAAJ&dq=A+Curse+Carved+in+Bone+(Saga+of+the+Unfated,+%232)+Danielle+L.+Jensen&hl=&cd=1&source=gbs_api","http://books.google.co.in/books?id=To_7nQEACAAJ&dq=A+Curse+Carved+in+Bone+(Saga+of+the+Unfated,+%232)+Danielle+L.+Jensen&hl=&source=gbs_api",1908844957,9781908844958
"The Ballad of Falling Dragons (Moonfall, #2)",Sarah A. Parker,https://images-na.ssl-images-amazon.com/images/S/compressed.photo.goodreads.com/books/1721967659i/216815055.jpg,,,"""What a pretty flower to keep locked in a big, rocky tower."" Nineteen years ago, I was plucked from the heart of a bloody massacre that spared nobody else. Small. Fragile. An enigma. Now ward to a powerful High Master who knows too much and says too little, I lead a simple life, never straying from the confines of an imaginary line I've drawn around the castle grounds. Stay within. Never leave. Out there, the monsters lurk. Inside, I'm safe...though at a cost far greater than the blood I drip into a goblet daily. Toxic, unreciprocated love for a man who's utterly unavailable. My savior. My protector. My almost executioner. I can't help but be enamored with the arcane man who holds the power to pull my roots from the ground. When voracious beasts spill across the land and threaten to fray the fabric of my tailored existence, the petals of reality will peel back to reveal an ugly truth. But in a castle puddled with secrets, none are greater than the one I've kept from myself. No tower is tall enough to protect me from the horror that tore my life to shreds. To Bleed a Crystal Bloom is a dark Rapunzel reimagining full of immersive imagery and breathtaking angst.",2023-03-23,0,0,,Unknown,en,"http://books.google.co.in/books?id=nde6zwEACAAJ&dq=The+Ballad+of+Falling+Dragons+(Moonfall,+%232)+Sarah+A.+Parker&hl=&cd=1&source=gbs_api","http://books.google.co.in/books?id=nde6zwEACAAJ&dq=The+Ballad+of+Falling+Dragons+(Moonfall,+%232)+Sarah+A.+Parker&hl=&source=gbs_api",0645771406,9780645771404
"The Irresistible Urge to Fall For Your Enemy (Dearly Beloathed, #1)",Brigitte Knightley,https://images-na.ssl-images-amazon.com/images/S/compressed.photo.goodreads.com/books/1731444746i/209753199.jpg,,,"New York Times bestseller! In The Memory Librarian: And Other Stories of Dirty Computer, singer-songwriter, actor, fashion icon, futurist, and worldwide superstar Janelle Monáe brings to the written page the Afrofuturistic world of one of her critically acclaimed albums, exploring how different threads of liberation—queerness, race, gender plurality, and love—become tangled with future possibilities of memory and time in such a totalitarian landscape…and what the costs might be when trying to unravel and weave them into freedoms. Whoever controls our memories controls the future. Janelle Monáe and an incredible array of talented collaborators have crafted a collection of tales comprising the bold vision and powerful themes that have made Monáe such a compelling and celebrated storyteller. Dirty Computer introduced a world in which thoughts—as a means of self-conception—could be controlled or erased by a select few. And whether you were human, AI, or other, your life and sentience were dictated by those who’d convinced themselves they had the right to decide your fate. That was until Jane 57821 decided to remember and break free. Expanding from that mythos, these stories fully explore what it’s like to live in such a totalitarian society . . . and what it takes to get out of it. Building off the tradition of speculative fiction writers such as Octavia E. Butler, Ted Chiang, Becky Chambers, and Nnedi Okorafor—and filled with powerful themes and Monáe’s emblematic artistic vision—The Memory Librarian serves to readers tales that dissect the human trials of identity expression, technology, and love, reaching through to the worlds of memory and time, and the stakes and power that pulse there.",2022-04-19,0,369,Fiction,HarperCollins,en,"http://books.google.co.in/books?id=4xQ6EAAAQBAJ&printsec=frontcover&dq=The+Irresistible+Urge+to+Fall+For+Your+Enemy+(Dearly+Beloathed,+%231)+Brigitte+Knightley&hl=&cd=1&source=gbs_api",https://play.google.com/store/books/details?id=4xQ6EAAAQBAJ&source=gbs_api,0063070898,9780063070899
Soulmatch,Rebecca Danzenbaker,https://images-na.ssl-images-amazon.com/images/S/compressed.photo.goodreads.com/books/1728764691i/202757460.jpg,,,"In a world where past lives determine your future, a sharp-witted girl confronts a major twist of destiny, embroiling her in a high-stakes game of danger, corruption, and heartbreak in this young adult speculative romance perfect for fans of Scythe and Matched. Two hundred years after World War III, the world is at peace, all thanks to the soul-identification system. Every eighteen-year-old must report to the government to learn about their past lives, a terrifying process known as kirling. Good souls leave the institute with their inheritance, a career path, and if they’re lucky, a soulmate. Bad souls leave in handcuffs. It’s a nerve-wracking ordeal for Sivon, who, given her uncanny ability to win every chess match, already suspects her soul isn’t normal. Turns out, she was right to worry. Sivon’s results stun not only her, but the entire world, making her the object of public scrutiny and anonymous threats. Saddled with an infuriating and off-limits bodyguard, Sivon is thrust into a high-stakes game where souls are pawns and rules don’t exist. As deaths mount, Sivon must decipher friend from foe while protecting her heart against impossible odds. One wrong move could destroy the future lives of everyone Sivon loves, and she can’t let that happen, even if they’ll never love her back.",2025-07-29,0,0,Young Adult Fiction,Simon & Schuster Books for Young Readers,en,http://books.google.co.in/books?id=eRXw0AEACAAJ&dq=Soulmatch+Rebecca+Danzenbaker&hl=&cd=1&source=gbs_api,http://books.google.co.in/books?id=eRXw0AEACAAJ&dq=Soulmatch+Rebecca+Danzenbaker&hl=&source=gbs_api,1665963700,9781665963701
"The Wrath of the Fallen (Gods & Monsters, #4)",Amber V. Nicole,https://images-na.ssl-images-amazon.com/images/S/compressed.photo.goodreads.com/books/1743342771i/214183001.jpg,,,No description available,Unknown,0,0,,Unknown,Unknown,,,,
Fallen Gods,Rachel Van Dyken,https://images-na.ssl-images-amazon.com/images/S/compressed.photo.goodreads.com/books/1715030931i/212963690.jpg,,,No description available,2021-10-05,0,0,,Van Dyken Enterprises Incorporated,en,http://books.google.co.in/books?id=QzexzgEACAAJ&dq=Fallen+Gods+Rachel+Van+Dyken&hl=&cd=1&source=gbs_api,http://books.google.co.in/books?id=QzexzgEACAAJ&dq=Fallen+Gods+Rachel+Van+Dyken&hl=&source=gbs_api,1946061948,9781946061942
"The Floating World (The Floating World, #1)",Axie Oh,https://images-na.ssl-images-amazon.com/images/S/compressed.photo.goodreads.com/books/1725143648i/215149209.jpg,,,No description available,1989,0,40,Readers,Unknown,en,"http://books.google.co.in/books?id=Nv33AAAACAAJ&dq=The+Floating+World+(The+Floating+World,+%231)+Axie+Oh&hl=&cd=1&source=gbs_api","http://books.google.co.in/books?id=Nv33AAAACAAJ&dq=The+Floating+World+(The+Floating+World,+%231)+Axie+Oh&hl=&source=gbs_api",0560090242,9780560090246
A Language of Dragons,S.F. Williamson,https://images-na.ssl-images-amazon.com/images/S/compressed.photo.goodreads.com/books/1722517068i/211096516.jpg,,,A Language of Dragons 2 has descriptive copy which is not yet available from the Publisher.,2026-01-06,0,0,Young Adult Fiction,HarperCollins,en,http://books.google.co.in/books?id=LVhUEQAAQBAJ&dq=A+Language+of+Dragons+S.F.+Williamson&hl=&cd=1&source=gbs_api,http://books.google.co.in/books?id=LVhUEQAAQBAJ&dq=A+Language+of+Dragons+S.F.+Williamson&hl=&source=gbs_api,0063353881,9780063353886
The Rose Bargain,Sasha Peyton Smith,https://images-na.ssl-images-amazon.com/images/S/compressed.photo.goodreads.com/books/1723991214i/211742041.jpg,,,"Whisked away to Haxahaven Academy for Witches in 1911, seventeen-year-old Frances Hallowell soon finds herself torn between aligning herself with Haxahaven's foes, the Sons of St. Druon, to solve her brother's murder or saving Manhattan and her fellow witches.",2022-08-30,0,464,Juvenile Nonfiction,Simon and Schuster,en,http://books.google.co.in/books?id=cuV-EAAAQBAJ&printsec=frontcover&dq=The+Rose+Bargain+Sasha+Peyton+Smith&hl=&cd=1&source=gbs_api,http://books.google.co.in/books?id=cuV-EAAAQBAJ&dq=The+Rose+Bargain+Sasha+Peyton+Smith&hl=&source=gbs_api,153445439X,9781534454392
"Emily Wilde's Compendium of Lost Tales (Emily Wilde, #3)",Heather Fawcett,https://images-na.ssl-images-amazon.com/images/S/compressed.photo.goodreads.com/books/1718824169i/208841368.jpg,,,"Cambridge professor Emily Wilde is good at many things: She is the foremost expert on the study of faeries. She is a genius scholar and a meticulous researcher who is writing the world's first encyclopaedia of faerie lore. But Emily Wilde is not good at people. She could never make small talk at a party -- or even get invited to one. And she prefers the company of her books, her dog, Shadow, and the Fair Folk to other people....",2024-07,0,0,Fiction,Unknown,en,"http://books.google.co.in/books?id=cN-o0AEACAAJ&dq=Emily+Wilde%27s+Compendium+of+Lost+Tales+(Emily+Wilde,+%233)+Heather+Fawcett&hl=&cd=1&source=gbs_api","http://books.google.co.in/books?id=cN-o0AEACAAJ&dq=Emily+Wilde%27s+Compendium+of+Lost+Tales+(Emily+Wilde,+%233)+Heather+Fawcett&hl=&source=gbs_api",,9798891641891
Wild ​Reverence,Rebecca   Ross,https://images-na.ssl-images-amazon.com/images/S/compressed.photo.goodreads.com/books/1737506295i/222361609.jpg,,,"Blockbuster bestseller Rebecca Ross returns to the world of international sensation Divine Rivals with her most epic story yet. Before Iris sat at her typewriter and before Enva sang her song, a young goddess wandered dreams... Born to the firelit domain of the underworld, Matilda is the youngest goddess of her clan, blessed with humble messenger magic. But in a land where gods kill each other for magic, Matilda must come of age sooner than most. She may be known to carry letters through the realms, but she also carries secrets of her own: one of them deadly, the other a mortal boy who dreams of her, despite the fact they have never met... Ten years ago, Vincent of Beckett wrote to Matilda on the darkest night of his life - begging the goddess he befriended in dreams for aid. But his prayer went unanswered, forever hardening his heart against the gods. That is until the same goddess comes tumbling through his window, bearing a letter to change both their destinies. For Matilda and Vincent are tangled together by threads of fate and the promise of a future beyond dreams, one that might rewrite the dark, blood-soaked ways of the gods...or end them.",2025-09-11,0,0,Fiction,Unknown,en,http://books.google.co.in/books?id=Ypcc0QEACAAJ&dq=Wild+%E2%80%8BReverence+Rebecca+++Ross&hl=&cd=1&source=gbs_api,http://books.google.co.in/books?id=Ypcc0QEACAAJ&dq=Wild+%E2%80%8BReverence+Rebecca+++Ross&hl=&source=gbs_api,0008775826,9780008775827
Alchemy of Secrets: A Novel,Stephanie Garber,https://images-na.ssl-images-amazon.com/images/S/compressed.photo.goodreads.com/books/1743617238i/222706197.jpg,,,"It starts with a class in an old movie theatre. Folklore 517: Local Legends and Urban Myths, taught by a woman called the Professor. Most students believe the Professor's stories are just fiction. There isn't a man in Hollywood who you can call to find out the time you'll die. There's not a haunted hotel bar in Los Angeles that the devil likes to frequent. There's no such thing as magic. But . . . most students don't have the same tragic past as Holland St. James. Now a graduate student, Holland is hoping to use her thesis to rewrite her past by proving that some of the most infamous deaths in old Hollywood were actually murders committed by the devil. She has no idea that this quest will lead her into a deadly world of century-old secrets and unimaginable lies and onto the path of two very dangerous men, both of whom are willing to do whatever it takes to find a magic that will either forever alter Holland's life or completely destroy it. Alchemy of Secrets is the first adult novel from global fantasy phenomenon Stephanie Garber, the multimillion-copy bestselling author of the Caraval and Once Upon a Broken Heart series. *The UK hardback edition will feature four different hidden covers as foil designs printed underneath the dust jacket. These will be available for a limited time only so make sure you pre-order to guarantee getting one. If you order online, you will receive one of the four hidden covers at random. We recommend visiting a bookshop as soon as possible after the book is published to try to collect them all!* PRAISE FOR STEPHANIE GARBER: 'A sugar-crusted, poison-spiked romp through a vibrant world of fairy tale intrigue, tangled romance, and forbidden magic' CASSANDRA CLARE 'A wildly imaginative, romantic story where true love and deadly kisses collide' KERRI MANISCALCO 'A dazzling mix of mystery, romance, and magic' KAREN M. MCMANUS 'Stephanie Garber spins a spellbinding tale' SABAA TAHIR",2025-09-30,0,0,Fiction,Hachette UK,en,http://books.google.co.in/books?id=YUo9EQAAQBAJ&dq=Alchemy+of+Secrets:+A+Novel+Stephanie+Garber&hl=&cd=1&source=gbs_api,http://books.google.co.in/books?id=YUo9EQAAQBAJ&dq=Alchemy+of+Secrets:+A+Novel+Stephanie+Garber&hl=&source=gbs_api,1399631357,9781399631358
"The Ragpicker King (The Chronicles of Castellane, #2)",Cassandra Clare,https://images-na.ssl-images-amazon.com/images/S/compressed.photo.goodreads.com/books/1718936300i/36692308.jpg,,,"The epic follow-up to the New York Times bestseller Sword Catcher, from Cassandra Clare.",2025-03-11,0,527,Fiction,Tor UK,en,"http://books.google.co.in/books?id=YTIwEQAAQBAJ&dq=The+Ragpicker+King+(The+Chronicles+of+Castellane,+%232)+Cassandra+Clare&hl=&cd=1&source=gbs_api","http://books.google.co.in/books?id=YTIwEQAAQBAJ&dq=The+Ragpicker+King+(The+Chronicles+of+Castellane,+%232)+Cassandra+Clare&hl=&source=gbs_api",1761564021,9781761564024
"Bonds of Hercules (Villains of Lore, #2)",Jasmine Mas,https://images-na.ssl-images-amazon.com/images/S/compressed.photo.goodreads.com/books/1729728890i/219737525.jpg,,,"With my gift coursing through my veins, the tables have turned on the Draven Campus. I'm no longer the Giftless reject, no longer the girl who's fair game to the other students for daring to run away from my Bonds. But there are bigger problems heading my way. With destiny pushing me closer and closer to each of my Bonds, I'm fighting tooth and nail against nature to keep my distance. But they're fighting harder to keep me in their grasp. When it becomes clear that the Resistance is closer than we ever thought, I don't know who I can trust. Can I finally take control of my gift, or will it take control of me? *Savage Bonds is a full length reverse harem PNR novel with material that may be difficult for some readers. This book will end on a cliffhanger. It's recommended for 18+ due to language and sexual situations.",2021-09-26,0,500,,Independently Published,en,"http://books.google.co.in/books?id=DdGozgEACAAJ&dq=Bonds+of+Hercules+(Villains+of+Lore,+%232)+Jasmine+Mas&hl=&cd=1&source=gbs_api","http://books.google.co.in/books?id=DdGozgEACAAJ&dq=Bonds+of+Hercules+(Villains+of+Lore,+%232)+Jasmine+Mas&hl=&source=gbs_api",,9798482196571
Behooved,M.    Stevenson,https://images-na.ssl-images-amazon.com/images/S/compressed.photo.goodreads.com/books/1739405898i/217387977.jpg,,,"""A deftly-plotted tale about ambition and belonging, Bright Ruined Things takes Shakespeare’s The Tempest and brilliantly reimagines its themes of family and love. Cohoe writes with a magic that dazzles and cuts right to the core."" - Chloe Gong, New York Times bestselling author of These Violent Delights Forbidden magic, a family secret, and a night to reveal it all... The only life Mae has ever known is on the island, living on the charity of the wealthy Prosper family who control the island’s magic and its spirits. Mae longs for magic of her own and to have a place among the Prosper family, where her best friend, Coco, will see her as an equal, and her crush, Miles, will finally see her. But tonight is First Night, when the Prospers and their high-society friends celebrate the night Lord Prosper first harnessed the island’s magic and started producing aether – a magical fuel source that has revolutionized the world. With everyone returning to the island, Mae finally has the chance to go after what she’s always wanted. When the spirits start inexplicably dying, Mae realizes that things aren’t what they seem. And Ivo, the reclusive, mysterious heir to the Prosper magic, may hold all the answers – including a secret about Mae’s past. As Mae and her friends unravel the mysteries of the island, and the Prospers’ magic, Mae starts to question the truth of what her world was built on. In this YA fantasy, Samantha Cohoe wonderfully mixes magic and an atmospheric setting into a fantastically immersive world, with characters you won’t be able to forget. EditBuild",2022-02-15,0,0,Young Adult Fiction,Wednesday Books,en,http://books.google.co.in/books?id=oCgG0QEACAAJ&dq=Behooved+M.++++Stevenson&hl=&cd=1&source=gbs_api,http://books.google.co.in/books?id=oCgG0QEACAAJ&dq=Behooved+M.++++Stevenson&hl=&source=gbs_api,1250374626,9781250374622
Cruel Is the Light,Sophie   Clark,https://images-na.ssl-images-amazon.com/images/S/compressed.photo.goodreads.com/books/1729729347i/213197161.jpg,,,"THE EPIC AND SIZZLING YA ROMANTASY THAT EVERYONE IS TALKING ABOUT. SOON TO BE YOUR NEXT OBSESSION . . . *This hardback edition features a stunning foiled board design under the dust jacket and full-colour endpapers featuring map artwork by Virginia Allyn.* THEY SAY LOVE CONQUERS ALL . . . BUT CAN LOVE WIN IN A WAR BETWEEN DEMONS AND EXORCISTS? OR WILL IT JUST TEAR THEM ALL APART . . . ? A brutal war between demons and humanity has raged across Europe for over a century. At its heart are two elite soldiers: Selene Alleva, a powerful exorcist trained at the prestigious Vatican Academy, and foot soldier, Jules Lacroix, unrivalled in battle. When their paths cross, despite initial distrust – then unwelcome attraction – Jules and Selene discover a terrible secret at the heart of the holy Vatican City . . . Soon Jules is forced to question everything he’s ever known – including himself. And Selene, unable to ignore her growing feelings for Jules, must make an impossible choice between love and duty. Serpent and Dove meets Empire of the Vampire, with a star-crossed, enemies-to-lovers romance at its heart. Perfect for fans of Powerless, Fourth Wing and Divine Rivals. PRAISE FOR CRUEL IS THE LIGHT: ‘Sinister magic, crackling banter, and sizzling tension’ Emily Thiede, author of This Vicious Grace ‘A masterclass in romantasy . . . Thoroughly scorching’ Bea Fitzgerald, bestselling author of Girl, Goddess, Queen ‘A story of forbidden love with yearning so keen it cut. . . Bound to be your next obsession.’ Eliza Chan, bestselling author of Fathomfolk ‘Drenched with dark magic, woven with complex morals and sprinkled with true love.’ Kika Hatzopoulou, bestselling author of Threads That Bind ‘A powerhouse debut . . . Gripping, vivid and beautifully written’ Vanessa Len, bestselling author of Only a Monster ‘I'm obsessed . . . and I'm going to need to join an emotional support group in the wait for book two.’ ‘This book is for sure to be a new romantasy obsession, and I am hooked. The ending left me itching for more and I cannot wait for the continuation of the story.’ ‘It completely consumed me.’ ‘I loved everything about this book, from the world building and politics to the lead and side characters, the tension, the simping... ugh so good.’ ‘My new obsession, I will never stop recommending this book!’ ‘WOW!!!!! . . . This book is PERFECTION!!! A captivating, swoon-worthy perfection that I can't get enough of!’",2025-01-23,0,431,Young Adult Fiction,Random House,en,http://books.google.co.in/books?id=FM0DEQAAQBAJ&pg=PP5&dq=Cruel+Is+the+Light+Sophie+++Clark&hl=&cd=1&source=gbs_api,https://play.google.com/store/books/details?id=FM0DEQAAQBAJ&source=gbs_api,0241635322,9780241635322
"Realm of Thieves (Thieves of Dragemor, #1)",Karina Halle,https://images-na.ssl-images-amazon.com/images/S/compressed.photo.goodreads.com/books/1727918077i/215806698.jpg,,,"""There's always been something a bit off about Perry Palomino. Though she's been dealing with a quarter-life crisis and post-college syndrome like any other twentysomething, she's still not what you would call 'ordinary'.For one thing, there's her past which she likes to pretend never happened, and then there's the fact that she sees ghosts. Luckily for her, that all comes in handy when she stumbles across Dex Foray, an eccentric producer for an upcoming webcast on ghost hunters. Even though the show's budget is non-existent and Dex himself is a maddening enigma, Perry is instantly drawn into a world that both threatens her life and seduces her with a sense of importance. Her uncle's haunted lighthouse provides the perfect catalyst and backdrop for a mystery that unravels the threads of Perry's fragile sanity and causes her to fall for a man, who, like the most dangerous of ghosts, may not be all that he seems.""--P. 4 of cover.",2012-03-10,2.5,0,Mediums,Createspace Independent Publishing Platform,en,"http://books.google.co.in/books?id=hTOHZwEACAAJ&dq=Realm+of+Thieves+(Thieves+of+Dragemor,+%231)+Karina+Halle&hl=&cd=1&source=gbs_api","http://books.google.co.in/books?id=hTOHZwEACAAJ&dq=Realm+of+Thieves+(Thieves+of+Dragemor,+%231)+Karina+Halle&hl=&source=gbs_api",1461079853,9781461079859
"Warrior of the Drowned Empire (Drowned Empire, #4)",Frankie Diane Mallis,https://images-na.ssl-images-amazon.com/images/S/compressed.photo.goodreads.com/books/1707955874i/118075622.jpg,,,"Lord Rhyan Hart, Heir Apparent to the Arkasva, High Lord of Glemaria, Imperator to the North hates everything about his title. Its length, its pretentiousness, and the fact that it connects him directly to his father, the sadistic violent man he hates more than anyone in Lumeria. The last thing Rhyan wants to do is spend the summer before his Revelation Ceremony traveling across the Empire with him for a state visit. Rhyan's resigned to his season of misery until he reaches Bamaria and sees Lady Lyriana Batavia. Rhyan's sure she doesn't remember their meeting a decade ago, but an act of kindness from her stayed with him through the years. Though he longs to know the woman she's become, he must keep his distance to protect her from his father's sinister political maneuvers. But when the undeniable attraction between them garners the attention of two dangerous Imperators competing for power, Rhyan must play the villain to keep him and Lyriana from becoming pawns. Jules, Lyriana's cousin and best friend, is the only one to see through his facade, becoming his unlikely ally as they navigate instability in the Bamarian Court. Though Lyriana is suspicious of his true motives, Rhyan's plan has nearly succeeded—until the night of the solstice, when hidden enemies emerge, posing an even greater threat. To save the girl he loves, Rhyan must play the hero—but to do so involves risking not only his heart, but exposing his most dangerous secret.",2022-09-13,0,218,Fiction,Seven Queens Press,en,"http://books.google.co.in/books?id=o6uIEAAAQBAJ&pg=PT216&dq=Warrior+of+the+Drowned+Empire+(Drowned+Empire,+%234)+Frankie+Diane+Mallis&hl=&cd=1&source=gbs_api",https://play.google.com/store/books/details?id=o6uIEAAAQBAJ&source=gbs_api,,
"Cursebound (Faebound, #2)",Saara El-Arifi,https://images-na.ssl-images-amazon.com/images/S/compressed.photo.goodreads.com/books/1728063343i/213618148.jpg,,,"THE ENCHANTING SEQUEL TO THE INSTANT #1 SUNDAY TIMES BESTSELLER, FAEBOUND",2025-02-13,0,379,Fiction,HarperCollins UK,en,"http://books.google.co.in/books?id=yugPEQAAQBAJ&printsec=frontcover&dq=Cursebound+(Faebound,+%232)+Saara+El-Arifi&hl=&cd=1&source=gbs_api",https://play.google.com/store/books/details?id=yugPEQAAQBAJ&source=gbs_api,0008597030,9780008597030
Eternal Ruin (Immortal Dark #2),Tigest Girma,https://images-na.ssl-images-amazon.com/images/S/compressed.photo.goodreads.com/nophoto/book/111x148.png,,,"""When the leaders of the Order reveal that they will do everything in their power to keep the approaching demon war a secret, Bree and her friends go on the run so she can learn how to control her devastating new powers.""--",2022-11-08,0,576,Young Adult Fiction,Simon and Schuster,en,http://books.google.co.in/books?id=S9RJEAAAQBAJ&pg=PP1&dq=Eternal+Ruin+(Immortal+Dark+%232)+Tigest+Girma&hl=&cd=1&source=gbs_api,http://books.google.co.in/books?id=S9RJEAAAQBAJ&dq=Eternal+Ruin+(Immortal+Dark+%232)+Tigest+Girma&hl=&source=gbs_api,1534441638,9781534441637
"My Funny Demon Valentine (Hell Bent, #1)",Aurora Ascher,https://images-na.ssl-images-amazon.com/images/S/compressed.photo.goodreads.com/books/1728314506i/211960874.jpg,,,"The sizzling chemistry of Brynne Weaver and laugh-out-loud humor of Kimberly Lemming meet Jenna Levine and Jeneane O’Riley’s fresh spin on paranormal tropes in this wickedly funny, warm-hearted demon romance with just the right amount of spice from the bestselling author of SANCTUARY OF THE SHADOW. ""A deliciously devilish romance."" – KIMBERLY LEMMING, USA Today Bestselling author of That Time I Got Drunk and Saved a Demon Asmodeus, Prince of Hell, just wants to make music. Jazz, specifically. Unfortunately, he’s a demon. And he’s supposed to be evil. Clearly, for Ash, a career as a musician isn’t exactly an option. Plus, he’s cursed. Sick of playing by the rules, Ash and his three brothers escape Hell in search of freedom on Earth. But it’s harder than they thought to keep their enemies off their tails . . . Yet everything changes for Ash when he meets a beautiful violinist who can see through his curse. No matter the risk, he has to have her. Evangeline Gregory is just your average human. She works at a jazz bar, plays gigs on weekends . . . and, apparently, hallucinates demons. At least that’s what Eva tells herself when, moments after she meets the man of her dreams, she sees him shift into a 7-foot-tall monster. Not believing her own eyes, Eva decides to investigate and soon finds herself in the middle of a supernatural clusterf**k.. But Ash isn’t the only one keeping secrets, and the search for answers reveals a shocking truth that will change Eva’s life forever. Or maybe just doom it. The path to love can be complete Hell.",2025-01-21,0,369,Fiction,Kensington Books,en,"http://books.google.co.in/books?id=j-kEEQAAQBAJ&printsec=frontcover&dq=My+Funny+Demon+Valentine+(Hell+Bent,+%231)+Aurora+Ascher&hl=&cd=1&source=gbs_api",https://play.google.com/store/books/details?id=j-kEEQAAQBAJ&source=gbs_api,149675591X,9781496755919
Black and Blue Widow,Rhiannon Rollness,https://images-na.ssl-images-amazon.com/images/S/compressed.photo.goodreads.com/books/1731086582i/221354194.jpg,,,"She's killed every husband she's ever had. He wants to marry her anyway. Luella Amulius identifies and marries the worst men in the republic. Then she murders them on their wedding night. When the Emperor's brother, Cassius, discovers her next target, he doesn't turn her in. He proposes. As their wedding approaches, Luella must decide: is he her partner or her prey? Rose Octavius needs a husband. Desperate to escape her fathers' plans to sell her to the cruelest brothel in the city and find a way to protect her sister, Rose accepts a proposal. As her nuptials loom, she realizes safety is more relative than she thought, and marriage doesn't guarantee anything. As each woman navigates an empire that would keep them obedient, they must determine whom to trust with their love-and their lives.",2025-01-09,0,0,Fiction,Unknown,en,http://books.google.co.in/books?id=Oh_90AEACAAJ&dq=Black+and+Blue+Widow+Rhiannon+Rollness&hl=&cd=1&source=gbs_api,http://books.google.co.in/books?id=Oh_90AEACAAJ&dq=Black+and+Blue+Widow+Rhiannon+Rollness&hl=&source=gbs_api,,9798991429009
Enigma: A Dark Academia Romance,RuNyx,https://images-na.ssl-images-amazon.com/images/S/compressed.photo.goodreads.com/books/1718898149i/214143805.jpg,,,"Salem Salazar is the black sheep of her wealthy family. Plagued by scandal, she enrols at the elite Mortimer University to find out what happened to her perfect, missing older sister Olivia. There, she soon discovers Olivia is only one of many girls who have disappeared at Mortimer, and vows to uncover the dark forces responsible. Even if it means using herself as bait. And Cazimir van der Waal has caught her scent. Caz may look as though he was carved by the Gods, but he also has a dark past, a hidden agenda, and a ravenous appetite for a beautiful, golden-eyed girl. But whilst Caz is obsessed with Salem, he is far from the most dangerous thing at Mortimer. As Salem and Caz’s investigations intertwine, their undeniable chemistry ignites a passionate bond. Can they uncover the truth before it consumes them both?",2025-04-29,0,357,Fiction,Random House,en,http://books.google.co.in/books?id=bSo_EQAAQBAJ&dq=Enigma:+A+Dark+Academia+Romance+RuNyx&hl=&cd=1&source=gbs_api,http://books.google.co.in/books?id=bSo_EQAAQBAJ&dq=Enigma:+A+Dark+Academia+Romance+RuNyx&hl=&source=gbs_api,1911747126,9781911747123
"Warrior Princess Assassin (Braided Fate, #1)",Brigid Kemmerer,https://images-na.ssl-images-amazon.com/images/S/compressed.photo.goodreads.com/books/1741357057i/223338534.jpg,,,"_______________ Rediscover the worlds of Emberfall and Syhl Shallow in this irresistible return to Brigid Kemmerer's New York Times bestselling Cursebreaker series. _______________ Tycho of Rillisk has been a lot of things: son and brother, stablehand, prisoner, soldier and friend to the king. Now, four years after Grey took the throne of Emberfall, Tycho has taken on a new role: courier and spy. As the only person the king can trust, Tycho carries secret messages back and forth between the kingdoms of Emberfall and Syhl Shallow. But even though the war is over, peace still seems far away. A dangerous anti-magical faction is rising, and when Tycho discovers a plot to assassinate Grey and Queen Lia Mara, ruler of Syhl Shallow, he must fight for everything he believes in. Nothing here is as it seems, and after a devastating betrayal, it becomes clear that the danger is only just beginning ...",2022-06-07,0,563,Young Adult Fiction,Bloomsbury Publishing,en,"http://books.google.co.in/books?id=WfFhEAAAQBAJ&printsec=frontcover&dq=Warrior+Princess+Assassin+(Braided+Fate,+%231)+Brigid+Kemmerer&hl=&cd=1&source=gbs_api",https://play.google.com/store/books/details?id=WfFhEAAAQBAJ&source=gbs_api,1526645750,9781526645753
Mistress of Bones,Maria Z. Medina,https://images-na.ssl-images-amazon.com/images/S/compressed.photo.goodreads.com/books/1728763026i/217420653.jpg,,,"An epic and romantic debut adventure fantasy, where a necromancer trying to resurrect her sister gets embroiled in bigger, world-ending plans instead 'A transportive dark fantasy readers will eagerly devour' Emily Thiede, author of This Vicious Grace Necromancer Azul del Arroyo only wants one thing: to steal her sister back from Death by reclaiming her sister's bones. But the Emissary of the Lord Death will do anything to stop her, no matter how alluring he finds her ... As their paths collide, they're drawn into a deadly game of pawns and power with a scheming court, a faceless witch, and the fate of the lands hanging in the balance. For long ago the gods raised the continents, binding them with their own bones to keep humanity alive. But in an era when the gods' sacrifice has been forgotten, Death might not be the only resentful god Azul must defy. Swashbuckling, grand, and tragically romantic, Mistress of Bones is a can't-miss start to a duology about love, loss, and, of course, death.",2025-08-14,0,0,Fiction,Magpie (UK),en,http://books.google.co.in/books?id=kIId0QEACAAJ&dq=Mistress+of+Bones+Maria+Z.+Medina&hl=&cd=1&source=gbs_api,http://books.google.co.in/books?id=kIId0QEACAAJ&dq=Mistress+of+Bones+Maria+Z.+Medina&hl=&source=gbs_api,0008774196,9780008774196
Immortal Consequences (The Souls of Blackwood Academy #1),I.V. Marie,https://images-na.ssl-images-amazon.com/images/S/compressed.photo.goodreads.com/books/1737730578i/203073876.jpg,,,"New for 2025, the thrilling dark academia debut novel for young adult readers, set at a magical boarding school in purgatory. For fans of Olivie Blake's The Atlas Six and Naomi Novik's A Deadly Education.",2025-07-31,0,0,Young Adult Fiction,HarperCollins UK,en,http://books.google.co.in/books?id=gYo7EQAAQBAJ&dq=Immortal+Consequences+(The+Souls+of+Blackwood+Academy+%231)+I.V.+Marie&hl=&cd=1&source=gbs_api,http://books.google.co.in/books?id=gYo7EQAAQBAJ&dq=Immortal+Consequences+(The+Souls+of+Blackwood+Academy+%231)+I.V.+Marie&hl=&source=gbs_api,0008699836,9780008699833
"Arcana Academy (Arcana Academy, #1)",Elise Kova,https://images-na.ssl-images-amazon.com/images/S/compressed.photo.goodreads.com/books/1733304014i/204458825.jpg,,,"Ari lost everything she once loved when the Five Guilds' resistance fell to the Dragon King. Now, she uses her gift for clockwork machinery to earn a living on the black market. Cvareh would do anything to see his sister usurp the Dragon King's place on the throne, and the Alchemist Guild on Loom might hold the key. When Ari stumbles across a wounded Cvareh, she sees an opportunity to slaughter an enemy and make a profit. He sees an opportunity to navigate Loom with the best person to get him where he wants to go. He offers Ari the one thing she can't refuse: a wish of her greatest desire, if she brings him to the Alchemists of Loom. --",2018-03-27,0,0,Clock and watch makers,Unknown,en,"http://books.google.co.in/books?id=Mp-0AQAACAAJ&dq=Arcana+Academy+(Arcana+Academy,+%231)+Elise+Kova&hl=&cd=1&source=gbs_api","http://books.google.co.in/books?id=Mp-0AQAACAAJ&dq=Arcana+Academy+(Arcana+Academy,+%231)+Elise+Kova&hl=&source=gbs_api",1619844435,9781619844438
A Kiss of Hammer and Flame (Fated for Hael #1),Amy de la Force,https://images-na.ssl-images-amazon.com/images/S/compressed.photo.goodreads.com/books/1739993266i/222460467.jpg,,,"Drawn by the lodestone his father gave him years before, twelve-year-old orphan Ray travels south, meeting along the way various characters from folklore who are battling against an evil industry baron known as the Gog.",2009,0,370,Juvenile Fiction,Random House Books for Young Readers,en,http://books.google.co.in/books?id=64yVxiGyR0gC&dq=A+Kiss+of+Hammer+and+Flame+(Fated+for+Hael+%231)+Amy+de+la+Force&hl=&cd=1&source=gbs_api,http://books.google.co.in/books?id=64yVxiGyR0gC&dq=A+Kiss+of+Hammer+and+Flame+(Fated+for+Hael+%231)+Amy+de+la+Force&hl=&source=gbs_api,0375855645,9780375855641
The Lavender Blade: An Exorcist's Chronicle,E.L. Deards,https://images-na.ssl-images-amazon.com/images/S/compressed.photo.goodreads.com/books/1730120601i/220259176.jpg,,,"For readers who loved New York Times bestseller Gideon the Ninth, Deards delivers a queer speculative fiction novel about what happens when a con artist exorcist becomes possessed for real. What happens when a successful con becomes an unexpected reality? Colton and Lucian have a lot in common: both late-twenties, clever, have struggled with substance abuse, and find themselves penniless in Valencia. When Lucian discovers Colton’s fake exorcism con, he devises a scheme to turn that con into a business that can sustain them both. The work is successful, despite unsavory characters they meet along the way: from a woman who murdered her own staff member to a man who pretends to murder Lucian. They even manage to continue their professional relationship while venturing into more personal, romantic possibilities. But when a real, powerful demon possesses Lucian, will they have what it takes to vanquish it to save their relationship—and Lucian’s life?",2025-07-08,0,0,Fiction,She Writes Press,en,http://books.google.co.in/books?id=NnTw0AEACAAJ&dq=The+Lavender+Blade:+An+Exorcist%27s+Chronicle+E.L.+Deards&hl=&cd=1&source=gbs_api,http://books.google.co.in/books?id=NnTw0AEACAAJ&dq=The+Lavender+Blade:+An+Exorcist%27s+Chronicle+E.L.+Deards&hl=&source=gbs_api,1684633206,9781684633203
"Once Upon a Broken Heart (Once Upon a Broken Heart, #1)",Stephanie Garber,https://images-na.ssl-images-amazon.com/images/S/compressed.photo.goodreads.com/books/1615486938i/55987278.jpg,,,"#1 NEW YORK TIMES BESTSELLER! Stephanie Garber’s THE BALLAD OF NEVER AFTER is the jaw-dropping sequel to the ONCE UPON A BROKEN HEART, starring Evangeline Fox and the Prince of Hearts on a new journey of magic, mystery, and heartbreak Not every love is meant to be. After Jacks, the Prince of Hearts, betrays her, Evangeline Fox swears she'll never trust him again. Now that she’s discovered her own magic, Evangeline believes she can use it to restore the chance at happily ever after that Jacks stole away. But when a new terrifying curse is revealed, Evangeline finds herself entering into a tenuous partnership with the Prince of Hearts again. Only this time, the rules have changed. Jacks isn’t the only force Evangeline needs to be wary of. In fact, he might be the only one she can trust, despite her desire to despise him. Instead of a love spell wreaking havoc on Evangeline’s life, a murderous spell has been cast. To break it, Evangeline and Jacks will have to do battle with old friends, new foes, and a magic that plays with heads and hearts. Evangeline has always trusted her heart, but this time she’s not sure she can. . . .",2024-03-26,0,0,Young Adult Fiction,Once Upon a Broken Heart,en,"http://books.google.co.in/books?id=hsW-EAAAQBAJ&dq=Once+Upon+a+Broken+Heart+(Once+Upon+a+Broken+Heart,+%231)+Stephanie+Garber&hl=&cd=1&source=gbs_api","http://books.google.co.in/books?id=hsW-EAAAQBAJ&dq=Once+Upon+a+Broken+Heart+(Once+Upon+a+Broken+Heart,+%231)+Stephanie+Garber&hl=&source=gbs_api",1250268435,9781250268433
"Metal Slinger (Fire & Metal, #1)",Rachel   Schneider,https://images-na.ssl-images-amazon.com/images/S/compressed.photo.goodreads.com/books/1715662517i/213333212.jpg,,,"Forbidden Magic. Shadowy Intrigue. Heart-Pounding Action. Slow-Burn Romance. Eira is now a champion of the Solaris Empire. She's off to a land she's only dreamed about. But a nightmare awaits her. Her sworn enemy has escaped. His allies are powerful and deadly. And Eira finds herself tangled in the dangerous web of the undercity of Risen where the mysterious Court of Shadows and lethal Pillars battle for the fate of the kingdom. But vengeance has a price. When Eira is captured by her enemies, it's not only her life, but the lives of her friends, and the man she loves most, at stake. The woman she was won't be enough to turn the tides churning against her from long before she was born. She'll have to become something more. She'll have to love deeper and fight fiercer than ever before. The only way to kill a legendary champion, will be to become one herself. Experience Eira's adventure in the A Trial of Sorcerers series by USA Today bestselling author Elise Kova today, for readers who enjoy young adult, epic fantasy, filled with sorcery, deep friendships, forbidden romance, and tales of faraway lands. A Hunt of Shadows takes place after the events of A Trial of Sorcerers. Readers should begin with A Trial of Sorcerers before reading A Hunt of Shadows.",2022-03,0,382,,Unknown,en,"http://books.google.co.in/books?id=s-rMzgEACAAJ&dq=Metal+Slinger+(Fire+%26+Metal,+%231)+Rachel+++Schneider&hl=&cd=1&source=gbs_api","http://books.google.co.in/books?id=s-rMzgEACAAJ&dq=Metal+Slinger+(Fire+%26+Metal,+%231)+Rachel+++Schneider&hl=&source=gbs_api",1949694364,9781949694369
The Sleepless,Jen Williams,https://images-na.ssl-images-amazon.com/images/S/compressed.photo.goodreads.com/books/1742655027i/222417204.jpg,,,"Elver is the guardian of the wild and dangerous monster forest. Saved from the brink of death by a god, her skin will poison anyone she touches. Artair is on a mission - one that takes him face-to-face with Elver at her most ruthless. But her defenses are useless when she discovers he's the only human impervious to her deadly gift. For Artair isn't human: he's one of the Sleepless, cursed to share his body with an evil spirit. Lucian inhabits their body while Artair sleeps, and he is hell-bent on manipulating Elver for his dark purposes. But Elver is harbouring secrets too, and she has her own reasons for feigning an alliance with these two souls. Caught in the crossfire of gods, monsters, and a dangerous magic they can barely understand, it is only a matter of time before the paths the three of them choose to take will set alight the very foundations of their world.",2025-05-27,0,315,Fiction,Pan Macmillan UK,en,http://books.google.co.in/books?id=2XxJEQAAQBAJ&pg=PT313&dq=The+Sleepless+Jen+Williams&hl=&cd=1&source=gbs_api,http://books.google.co.in/books?id=2XxJEQAAQBAJ&dq=The+Sleepless+Jen+Williams&hl=&source=gbs_api,1761770985,9781761770982
"The Dark Mirror (The Bone Season, #5)",Samantha    Shannon,https://images-na.ssl-images-amazon.com/images/S/compressed.photo.goodreads.com/books/1723133002i/24526778.jpg,,,No description available,2015-07,0,624,Fiction,Unknown,de,"http://books.google.co.in/books?id=PzXQrQEACAAJ&dq=The+Dark+Mirror+(The+Bone+Season,+%235)+Samantha++++Shannon&hl=&cd=1&source=gbs_api","http://books.google.co.in/books?id=PzXQrQEACAAJ&dq=The+Dark+Mirror+(The+Bone+Season,+%235)+Samantha++++Shannon&hl=&source=gbs_api",3833309326,9783833309328
"Dawn of Chaos and Fury (Legacy, #4)",Melissa K. Roehrich,https://images-na.ssl-images-amazon.com/images/S/compressed.photo.goodreads.com/books/1739394115i/221156110.jpg,,,"After the Coming of the Dark, most immortals in the world have been killed. The religion of the Four Tribes has taken over the world, and any who resist it are crushed. They await the return of their prophesised One, who is both male and female, and neither. They have not been seen for fifteen years, but belief rules all. A few still fight. A handful of surviving immortals, once seen as gods, have hidden away. In each of the four lands of the world, there are mutterings of rebellion. And over the mountains, kept secret from the world, the One has grown into their adulthood. It is time for them to return and see what is being done in their name. And that means going to war.",2022-03-03,0,322,Fiction,Gollancz,en,"http://books.google.co.in/books?id=hYAsEAAAQBAJ&dq=Dawn+of+Chaos+and+Fury+(Legacy,+%234)+Melissa+K.+Roehrich&hl=&cd=1&source=gbs_api","http://books.google.co.in/books?id=hYAsEAAAQBAJ&dq=Dawn+of+Chaos+and+Fury+(Legacy,+%234)+Melissa+K.+Roehrich&hl=&source=gbs_api",1473226112,9781473226111
"Blood Moon (Blood Moon, #1)",Britney S. Lewis,https://images-na.ssl-images-amazon.com/images/S/compressed.photo.goodreads.com/books/1729260723i/206814847.jpg,,,"Legend says long ago werewolves had traveled to Mira’s small hometown to protect humans from vampires. But that’s a fairy tale Mira had stopped believing in years ago. She’d stopped believing in a lot of things, after her mom left when she was thirteen. Now, starting her freshman year of college, Mira just wants everything to be normal. And everything is—except for Julian, a mysterious boy with golden eyes, and a coldness directed at Mira for reasons she can’t understand and he won’t explain. But when a Blood Moon rises, Mira finds herself caught in the middle of a long-standing battle, with Julian on the other side of the line. She discovers there’s more truth to the old town legends than she could ever have anticipated—and her family’s historic role in it will change her world forever.",2025-05-06,0,0,Young Adult Fiction,Page Street YA,en,"http://books.google.co.in/books?id=ay4rEQAAQBAJ&dq=Blood+Moon+(Blood+Moon,+%231)+Britney+S.+Lewis&hl=&cd=1&source=gbs_api","http://books.google.co.in/books?id=ay4rEQAAQBAJ&dq=Blood+Moon+(Blood+Moon,+%231)+Britney+S.+Lewis&hl=&source=gbs_api",,9798890032294
The Monsters We Are (Devil's Cradle #3),Suzanne Wright,https://images-na.ssl-images-amazon.com/images/S/compressed.photo.goodreads.com/books/1737513882i/205838585.jpg,,,"In this ninth installment in the wildly popular Immortals After Dark series from #1 New York Times bestselling paranormal romance author Kresley Cole, a woman must conceal her identity from her one true love—or risk losing him forever. He vowed he’d come for her… Murdered before he could wed Regin the Radiant, warlord Aidan the Fierce seeks his beloved through eternity, reborn again and again into new identities, yet with no memory of his past lives. She awaits his return… ​When Regin encounters Declan Chase, a brutal Celtic soldier, she recognizes her proud warlord reincarnated. But Declan takes her captive, intending retribution against all immortals—unaware that he belongs to their world. To sate a desire more powerful than death… ​Yet every reincarnation comes with a price, for Aidan is doomed to die when he remembers his past. To save herself from Declan’s torments, will Regin rekindle memories of the passion they once shared—even if it means once again losing the only man she could ever love?",2011-02-15,4.5,532,Fiction,Simon and Schuster,en,http://books.google.co.in/books?id=SWZ4FCf3LiQC&printsec=frontcover&dq=The+Monsters+We+Are+(Devil%27s+Cradle+%233)+Suzanne+Wright&hl=&cd=1&source=gbs_api,http://books.google.co.in/books?id=SWZ4FCf3LiQC&dq=The+Monsters+We+Are+(Devil%27s+Cradle+%233)+Suzanne+Wright&hl=&source=gbs_api,1439177015,9781439177013
"What Sleeps Within the Cove (Of Flesh & Bone, #4)",Harper L. Woods,https://images-na.ssl-images-amazon.com/images/S/compressed.photo.goodreads.com/books/1700028643i/122774322.jpg,,,"Go back to where it all began, in the fourth stunning entry to Of Flesh and Bone. Readers are loving Harper L. Woods 'Magic and fighting and spice. Oh my!' Amazon Reviewer 'If you adore Rhysand, then read this book. If you fancy the Bargainer series, then read this book. If you revel in Zodiac Academy, then you already bought this book' Goodreads Reviewer 'A massive five star plus read' Amazon Reviewer 'One of the best fantasy books I've read this year' Goodreads Reviewer 'Just WOW!' Amazon Reviewer",2024-04-25,0,0,Fiction,Hodderscape,en,"http://books.google.co.in/books?id=NVq6zwEACAAJ&dq=What+Sleeps+Within+the+Cove+(Of+Flesh+%26+Bone,+%234)+Harper+L.+Woods&hl=&cd=1&source=gbs_api","http://books.google.co.in/books?id=NVq6zwEACAAJ&dq=What+Sleeps+Within+the+Cove+(Of+Flesh+%26+Bone,+%234)+Harper+L.+Woods&hl=&source=gbs_api",1399711776,9781399711777
"The Forest King's Daughter (Thirstwood, #1)",Elly Blake,https://images-na.ssl-images-amazon.com/images/S/compressed.photo.goodreads.com/books/1717862911i/214175189.jpg,,,"The explosive finale of the New York Times bestselling Frostblood Saga, perfect for fans of Red Queen and A Court of Thorns and Roses. 'A fierce and vibrant world' MORGAN RHODES on Frostblood 'A sucker punch of escalating evil [and] sizzling romance' KIRKUS on Fireblood Frost and fire have joined forces. Now, they must wage a war against darkness... Ruby and Arcus face a more dangerous enemy than they could ever have imagined. Once Eurus opens the Gate of Light, darkness will be unleashed upon the world for all eternity. The Frostbloods and Firebloods have formed a tentative alliance, and are now preparing for war - but Ruby is the only one who can prevent the catastrophe which is coming. With the blood of night running in her veins, the line between good and evil becomes blurred. Ruby must be strong enough to face the darkness within - or else everyone she loves will be swallowed up by the night... In this heart-pounding finale of Elly Blake's gorgeously written and action-packed Frostblood Saga, the fate of Frostbloods, Firebloods, and all of humanity is at stake",2018-08-21,0,294,Juvenile Fiction,Hachette UK,en,"http://books.google.co.in/books?id=L9cmDwAAQBAJ&printsec=frontcover&dq=The+Forest+King%27s+Daughter+(Thirstwood,+%231)+Elly+Blake&hl=&cd=1&source=gbs_api",https://play.google.com/store/books/details?id=L9cmDwAAQBAJ&source=gbs_api,147363525X,9781473635258
Katabasis,R.F. Kuang,https://images-na.ssl-images-amazon.com/images/S/compressed.photo.goodreads.com/books/1738769146i/210223811.jpg,,,"One of Time Magazine’s 100 Best Fantasy Books of All Time “I have no doubt this will end up being the best fantasy debut of the year...I have absolutely no doubt that [Kuang’s] name will be up there with the likes of Robin Hobb and N.K. Jemisin.” -- Booknest From #1 New York Times bestselling author of Babel and Yellowface, the brilliantly imaginative debut of R.F. Kuang: an epic historical military fantasy, inspired by the bloody history of China’s twentieth century and filled with treachery and magic, in the tradition of Ken Liu’s Grace of Kings and N.K. Jemisin’s Inheritance Trilogy. When Rin aced the Keju—the Empire-wide test to find the most talented youth to learn at the Academies—it was a shock to everyone: to the test officials, who couldn’t believe a war orphan from Rooster Province could pass without cheating; to Rin’s guardians, who believed they’d finally be able to marry her off and further their criminal enterprise; and to Rin herself, who realized she was finally free of the servitude and despair that had made up her daily existence. That she got into Sinegard—the most elite military school in Nikan—was even more surprising. But surprises aren’t always good. Because being a dark-skinned peasant girl from the south is not an easy thing at Sinegard. Targeted from the outset by rival classmates for her color, poverty, and gender, Rin discovers she possesses a lethal, unearthly power—an aptitude for the nearly-mythical art of shamanism. Exploring the depths of her gift with the help of a seemingly insane teacher and psychoactive substances, Rin learns that gods long thought dead are very much alive—and that mastering control over those powers could mean more than just surviving school. For while the Nikara Empire is at peace, the Federation of Mugen still lurks across a narrow sea. The militarily advanced Federation occupied Nikan for decades after the First Poppy War, and only barely lost the continent in the Second. And while most of the people are complacent to go about their lives, a few are aware that a Third Poppy War is just a spark away . . . Rin’s shamanic powers may be the only way to save her people. But as she finds out more about the god that has chosen her, the vengeful Phoenix, she fears that winning the war may cost her humanity . . . and that it may already be too late.",2018-05-01,4,297,Fiction,HarperCollins,en,http://books.google.co.in/books?id=c74wDwAAQBAJ&printsec=frontcover&dq=Katabasis+R.F.+Kuang&hl=&cd=1&source=gbs_api,http://books.google.co.in/books?id=c74wDwAAQBAJ&dq=Katabasis+R.F.+Kuang&hl=&source=gbs_api,0062662597,9780062662590
"The Nightshade God (The Nightshade Crown, #3)",Hannah F. Whitten,https://images-na.ssl-images-amazon.com/images/S/compressed.photo.goodreads.com/books/1719253995i/59398164.jpg,,,"THE FIRST DAUGHTER IS FOR THE THRONE. THE SECOND DAUGHTER IS FOR THE WOLF. As the only Second Daughter born in centuries, Red has one purpose - to be sacrificed to the Wolf in the Wood in order to save her kingdom. Red is almost relieved to go. Plagued by a dangerous power she can't control, at least she knows that in the Wilderwood, she can't hurt those she loves. Again. But the legends lie. The Wolf is a man, not a monster. Her magic is a calling, not a curse. And if she doesn't learn how to use it, the Wilderwood - and her world - will be lost forever. Hannah Whitten's New York Times bestselling debut is a sweeping tale of love, legends and the secrets that hide beyond the trees. 'I loved it! I was completely swept away by the world-building, the characters, and the delicate gorgeousness of the writing! A brilliant dark fantasy debut' Jodi Picoult 'Dazzling . . . This is sure to enchant' Publishers Weekly (starred review) 'An unputdownable fairy tale that traces the boundaries of duty, love, and loss. A masterful debut from a must-read new voice in fantasy' Kirkus 'A glorious journey through woods deep and so very dark. A stunning debut' Erin Craig, author of House of Salt and Sorrow",2021-06-01,5,421,Fiction,Hachette UK,en,"http://books.google.co.in/books?id=SAQGEAAAQBAJ&printsec=frontcover&dq=The+Nightshade+God+(The+Nightshade+Crown,+%233)+Hannah+F.+Whitten&hl=&cd=1&source=gbs_api",https://play.google.com/store/books/details?id=SAQGEAAAQBAJ&source=gbs_api,0356516350,9780356516356
"To Steal from Thieves (Thieves & Kings, #1)",M.K. Lobb,https://images-na.ssl-images-amazon.com/images/S/compressed.photo.goodreads.com/books/1721739716i/215749025.jpg,,,"THE 80 MILLION COPY BESTSELLER AUTHOR 'Sandra Brown skilfully sets up the sticky web of dynamics between her cast of characters . . . this is a tightly plotted and gripping read' The Times Twenty years ago, four men attempted to pull off the ultimate heist, almost walking away with half a million dollars. By daybreak, their plan had been shot to hell. One was in hospital. One was in jail. One was dead. And one got away with it. Arden Maxwell is the daughter of the man who disappeared all those years ago, presumedly with the money in his pocket and blood on his hands. After years of running from her past, she is returning to her family home in Caddo Lake, Texas. Little does she know, two of her father's co-conspirators are still there. And they are watching her every move. With Arden's arrival, the two old accomplices are set on red alert. One of these three knows more about the money, the murder and the betrayal than they are letting on. The truth rarely stays buried forever, and many would kill to uncover it. Thick as Thieves is a gripping novel of danger, vengeance, desire and greed, for fans of Melinda Leigh, Lisa Gardner, Karen Rose and Lisa Jackson.",2020-08-25,0,322,Fiction,Hachette UK,en,"http://books.google.co.in/books?id=3UDXDwAAQBAJ&printsec=frontcover&dq=To+Steal+from+Thieves+(Thieves+%26+Kings,+%231)+M.K.+Lobb&hl=&cd=1&source=gbs_api",https://play.google.com/store/books/details?id=3UDXDwAAQBAJ&source=gbs_api,152934171X,9781529341713
What Wakes the Bells,Elle Tesch,https://images-na.ssl-images-amazon.com/images/S/compressed.photo.goodreads.com/books/1713467634i/208844333.jpg,,,"Inspired by an ominous Prague legend, What Wakes the Bells is a lavish gothic fantasy by debut author Elle Tesch that is perfect for fans of Adalyn Grace, Margaret Rogerson, and V.E. Schwab. Built by long-gone Saints, the city of Vaiwyn lives and breathes and bleeds. As a Keeper, Mina knows better than most what her care of Vaiwyn’s bells means for the sentient city. It’s the Strauss family’s thousand-year legacy—prevent the Vespers from ringing, or they will awake a slumbering evil. One afternoon, to Mina's horror, her bell peals thirteen times, shattering the city’s tenuous peace. With so much of the city's history and lore lost in a long-ago disaster, no one knows the danger that has been unleashed—until the city begins to fight back. As the sun sets, stone gargoyles and bronze statues tear away from their buildings and plinths to hunt people through the streets. Trapped in Mina’s bell, the soul of a twisted and power-hungry Saint festered. Now free of his prison, he hides behind the face of one of Vaiwyn’s citizens, corrupting the city and turning it on itself. As the death toll rises, the only chance Mina has to stop the destruction and horrific killings is finding and destroying the Saint’s host. Everyone is a suspect, including Mina's closest loved ones. She will have to decide how far she’ll go to save her city—and who she’s willing to kill to do it.",2025-03-11,0,254,Young Adult Fiction,Feiwel & Friends,en,http://books.google.co.in/books?id=aEj6EAAAQBAJ&pg=PT253&dq=What+Wakes+the+Bells+Elle+Tesch&hl=&cd=1&source=gbs_api,https://play.google.com/store/books/details?id=aEj6EAAAQBAJ&source=gbs_api,1250322812,9781250322814
The Enchanted Greenhouse,Sarah Beth Durst,https://images-na.ssl-images-amazon.com/images/S/compressed.photo.goodreads.com/books/1739405727i/217388100.jpg,,,"Naturally quiet since birth, Mina and her stormbeast, Pixit, lead others like themselves in defying authority and attempting to spread the truth that Alorria's idyllic weather comes at a steep cost.",2019,0,323,Juvenile Fiction,Clarion Books,en,http://books.google.co.in/books?id=tJCUDwAAQBAJ&printsec=frontcover&dq=The+Enchanted+Greenhouse+Sarah+Beth+Durst&hl=&cd=1&source=gbs_api,http://books.google.co.in/books?id=tJCUDwAAQBAJ&dq=The+Enchanted+Greenhouse+Sarah+Beth+Durst&hl=&source=gbs_api,1328973425,9781328973429
"A Fate Forged in Fire (Bonded to Beasts, #1)",Hazel McBride,https://images-na.ssl-images-amazon.com/images/S/compressed.photo.goodreads.com/books/1729703740i/205722827.jpg,,,"Have you ever wondered what it is like to look into the eyes of a killer whale? Have you ever questioned the ethics surrounding the keeping of killer whales in zoological settings? Do you hope to one day become a marine mammal trainer?Then follow trainer Hazel McBride as she depicts her journey from her small village in rural Scotland, into the black and white world of the killer whale. Packed full of 'behind the scenes' stories about the ten killer whales she has known personally, find out more about their individual personalities and where their uncertain future may lie. This book will make you laugh, cry, and hold your breath, as you are taken on a journey to better understand captive killer whales and the relationships they have with their trainers.",2019-03-26,5,280,,Unknown,en,"http://books.google.co.in/books?id=8SWvwwEACAAJ&dq=A+Fate+Forged+in+Fire+(Bonded+to+Beasts,+%231)+Hazel+McBride&hl=&cd=1&source=gbs_api","http://books.google.co.in/books?id=8SWvwwEACAAJ&dq=A+Fate+Forged+in+Fire+(Bonded+to+Beasts,+%231)+Hazel+McBride&hl=&source=gbs_api",1798720809,9781798720806
"Tenderly, I Am Devoured",Lyndall Clipstone,https://images-na.ssl-images-amazon.com/images/S/compressed.photo.goodreads.com/books/1725201748i/214438301.jpg,,,"A stunningly written, lush dark fantasy perfect for fans of A Curse So Dark and Lonely and Uprooted. There are monsters in the world. Violeta Graceling has spent her life in an isolated cottage, trying to protect herself and her beloved younger brother Arien from their adoptive mother's twisted cruelty. A cruelty driven by the mysterious shadows that unwillingly spill from Arien's hands, spelling dark magic and an even darker underworld. To escape means taking a position at the haunted estate of Rowan Sylvanan—the so-called ""Monster of Lakesedge""—who comes seeking Arien's dark magic. The monster who, it is whispered, stalks the halls of his manor and the shores of the blackened, cursed lake. Yet as Violeta investigates Lakesedge's tragic history, she discovers that its prickly, standoffish lord is far from a monster, but an orphaned boy not much older than she is. As their friendship blossoms, Violeta learns the tragic truth of Rowan's curse and his fateful bargain with the Lord Under. To save Lakesedge, she must make a bargain of her own with the fiendish being who rules over the world Below.",2021-10-12,0,300,Fiction,Titan Books,en,"http://books.google.co.in/books?id=7c4qEAAAQBAJ&printsec=frontcover&dq=Tenderly,+I+Am+Devoured+Lyndall+Clipstone&hl=&cd=1&source=gbs_api",https://play.google.com/store/books/details?id=7c4qEAAAQBAJ&source=gbs_api,1789096898,9781789096897
Shield of Sparrows,Devney Perry,https://images-na.ssl-images-amazon.com/images/S/compressed.photo.goodreads.com/books/1733692549i/217171544.jpg,,,"Shield of Sparrows is a slow-burn, high-stakes romantasy perfect for fans of Sarah J. Maas and Rebecca Yarros—where enemies become lovers, monsters stalk a cursed realm, and a forgotten princess finds the strength to tear off her crown and become the warrior she was never meant to be. The gods sent monsters to the five kingdoms to remind mortals they must kneel. I’ve spent my life kneeling—to their will and to my father's. As a princess, my only duty is to wear the crown and obey the king. I was never meant to rule. Never meant to fight. And I was never supposed to be the daughter who sealed an ancient treaty with her own blood. But that changed the fateful day I stepped into my father’s throne room. The day a legendary monster hunter sailed to our shores. The day a prince ruined my life. Now I’m crossing treacherous lands beside a warrior who despises me as much as I despise him—bound to a future I didn’t choose and a husband I barely know. Everyone wants me to be something I’m not—a queen, a spy, a sacrifice. But what if I refused the role chosen for me? What if I made my own rules? What if there’s power in being underestimated? And what if—for the first time—I reached for it?",2025-05-06,0,646,Fiction,Entangled: Red Tower Books,en,http://books.google.co.in/books?id=F00zEQAAQBAJ&dq=Shield+of+Sparrows+Devney+Perry&hl=&cd=1&source=gbs_api,http://books.google.co.in/books?id=F00zEQAAQBAJ&dq=Shield+of+Sparrows+Devney+Perry&hl=&source=gbs_api,1649378084,9781649378088
What Fury Brings,Tricia Levenseller,https://images-na.ssl-images-amazon.com/images/S/compressed.photo.goodreads.com/books/1739245996i/220908944.jpg,,,"In Master of Iron, the conclusion to Tricia Levenseller’s exciting and romantic Bladesmith duology, a magically gifted blacksmith with social anxiety must race against the clock to save her beloved sister and stop a devastating war. Eighteen-year-old Ziva may have defeated a deadly warlord, but the price was almost too much. Ziva is forced into a breakneck race to a nearby city with the handsome mercenary, Kellyn, and the young scholar, Petrik, to find a powerful magical healer who can save her sister’s life. When the events that follow lead to Ziva and Kellyn’s capture by an ambitious prince, Ziva is forced into the very situation she’s been dreading: magicking dangerous weapons meant for world domination. The forge has always been Ziva’s safe space, a place to avoid society and the anxiety it causes her, but now it is her prison, and she’s not sure just how much of herself she’ll have to sacrifice to save Kellyn and take center stage in the very war she’s been trying to stop. Praise for the Bladesmith Duology: ""An addictive page-turner. Loaded with action, betrayal, slow-burn romance—honestly, that is the best first kiss scene ever... Be prepared to laugh, cry, and gasp."" — Mary E. Pearson, the New York Times-bestselling author of The Remnant Chronicles on Blade of Secrets ""Levenseller elevates her already intriguing fantasy world through her depiction of Ziva, whose anxiety will ring true for anyone who’s ever had a panic attack. Grab this and devour it."" — Booklist on Blade of Secrets, starred review ""Blade of Secrets is an impactful, eye-opening journey of social anxiety that is flawlessly blended with Levenseller's signature flair for adventure and romance."" —Bookstagram sensation Bridget Howard, @darkfaerietales_, on Blade of Secrets",2025-01-28,0,0,Young Adult Fiction,Unknown,en,http://books.google.co.in/books?id=plr-EAAAQBAJ&dq=What+Fury+Brings+Tricia+Levenseller&hl=&cd=1&source=gbs_api,http://books.google.co.in/books?id=plr-EAAAQBAJ&dq=What+Fury+Brings+Tricia+Levenseller&hl=&source=gbs_api,1250878888,9781250878885
"Fate of the Five: Veil of Vasara (Fate of the Five, #1)",Niamh  Rose,https://images-na.ssl-images-amazon.com/images/S/compressed.photo.goodreads.com/books/1730502021i/221111902.jpg,,,"A NEW YORK TIMES BEST ROMANCE OF 2022 A TODAY SHOW BEST ROMANCE PICK FROM NEW YORK TIMES BESTSELLING AUTHOR JASMINE GUILLORY D’Vaughn and Kris have six weeks to plan their dream wedding. Their whole relationship is fake. Instant I Do could be Kris Zavala’s big break. She’s right on the cusp of really making it as an influencer, so a stint on reality TV is the perfect chance to elevate her brand. And $100,000 wouldn’t hurt, either. D’Vaughn Miller is just trying to break out of her shell. She’s sort of neglected to come out to her mom for years, so a big splashy fake wedding is just the excuse she needs. All they have to do is convince their friends and family they’re getting married in six weeks. If anyone guesses they’re not for real, they’re out. Selling their chemistry on camera is surprisingly easy, and it’s still there when no one else is watching, which is an unexpected bonus. Winning this competition is going to be a piece of wedding cake. But each week of the competition brings new challenges, and soon the prize money’s not the only thing at stake. A reality show isn’t the best place to create a solid foundation, and their fake wedding might just derail their relationship before it even starts. Carina Adores is home to romantic love stories where LGBTQ+ characters find their happily-ever-afters.",2022-01-25,0,336,Fiction,Harlequin,en,"http://books.google.co.in/books?id=IAIfEAAAQBAJ&printsec=frontcover&dq=Fate+of+the+Five:+Veil+of+Vasara+(Fate+of+the+Five,+%231)+Niamh++Rose&hl=&cd=1&source=gbs_api",https://play.google.com/store/books/details?id=IAIfEAAAQBAJ&source=gbs_api,0369717767,9780369717764
He Who Slumbers Beneath the Mountain,Elle Montague,https://images-na.ssl-images-amazon.com/images/S/compressed.photo.goodreads.com/books/1735506213i/223082642.jpg,,,No description available,Unknown,0,0,,Unknown,en,http://books.google.co.in/books?id=4jpuDwAAQBAJ&pg=PP1&dq=He+Who+Slumbers+Beneath+the+Mountain+Elle+Montague&hl=&cd=1&source=gbs_api,https://play.google.com/store/books/details?id=4jpuDwAAQBAJ&source=gbs_api,,
The Book of Heartbreak,Ova Ceren,https://images-na.ssl-images-amazon.com/images/S/compressed.photo.goodreads.com/books/1739302679i/220480145.jpg,,,"FROM BOOKTOK AND BOOKSTAGRAM SENSATION OVA CEREN: A Middle Eastern legend get a magically romantic modern makeover perfect for fans of The Invisible Life of Addie LaRue. A young woman must find a way to end the curse on her heart before it claims her forever in this delightfully witty fantasy romance. Sare Silverbirch has already had her heart broken three times. A fifth heartbreak will stop her heart forever. Such is the nature of the curse she was born under, which forces her to live a life without letting anyone get too close. When her mother dies unexpectedly and her heart breaks for the fourth time, Sare begins to urgently question the curse. Where did it come from? Why her? And rather than accept it, could there be a way to break it? Her questions lead her to Istanbul where she meets Leon, a seer who helps her track down the mysteries of her mother’s past. But Sare’s heart is a fragile thing and their blossoming romance poses a great risk to her survival. Especially when she discovers that her fate is in the hands of celestials beyond this earthly realm. Now the heavens are stirring, for they have a stake in Sare’s destiny—and they don’t like their plans being overturned. The Book of Heartbreak is a dazzling, haunting romantasy sure to break—and mend again—the hearts of readers everywhere.",2025-08-26,0,0,Fiction,Crooked Lane Books,en,http://books.google.co.in/books?id=b-dMEQAAQBAJ&dq=The+Book+of+Heartbreak+Ova+Ceren&hl=&cd=1&source=gbs_api,http://books.google.co.in/books?id=b-dMEQAAQBAJ&dq=The+Book+of+Heartbreak+Ova+Ceren&hl=&source=gbs_api,,9798892422765
Nyx & Sol : A Steampunk Romantasy,Monika Nyre,https://images-na.ssl-images-amazon.com/images/S/compressed.photo.goodreads.com/books/1736093165i/223284303.jpg,,,No description available,Unknown,0,0,,Unknown,Unknown,,,,
"Deathbound (The Eynhallow Saga, Book 1)",Heather Palmer,https://images-na.ssl-images-amazon.com/images/S/compressed.photo.goodreads.com/books/1737268444i/223769163.jpg,,,"The stunning prequel to the worldwide bestselling Black Magician Trilogy *Over 3 million Trudi Canavan copies sold worldwide* In the remote village of Mandryn, Tessia serves as assistant to her father, the village Healer - much to the frustration of her mother, who would rather she found a husband. But her life is about to take a very unexpected turn. When treating a patient at the residence of the local magician, Lord Dakon, Tessia is forced to fight off the advances of a visiting Sachakan mage - and instinctively uses magic. She now finds herself facing an entirely different future as Lord Dakon's apprentice. But along with the excitement and privilege, Tessia is about to discover that her magical gifts bring with them a great deal of responsibility. Events are brewing that will lead nations into war, rival magicians into conflict, and spark an act of sorcery so brutal that its effects will be felt for centuries . . . Praise for Trudi Canavan: 'Epic, vivid and believable' Guardian 'It's easy to see why Trudi Canavan's novels so often make the bestseller lists. Her easy, flowing style makes for effortless reading . . . Delightful worldbuilding . . . Vivid and enjoyable' SFX 'The world-building is tremendous. The magical system is sophisticated and fascinating' Striking Keys 'A suspenseful masterpiece . . . will have fans desperate for the sequel' RT Book Reviews 'Superb . . . an enthralling tapestry of a book that's hard to put down' Fantasy Faction *Have you tried Trudi Canavan's stunning new series, Millennium's Rule? It starts with the Sunday Times bestselling THIEF'S MAGIC*",2010-04-01,5,488,Fiction,Hachette UK,en,"http://books.google.co.in/books?id=lavDHzIKTJ4C&printsec=frontcover&dq=Deathbound+(The+Eynhallow+Saga,+Book+1)+Heather+Palmer&hl=&cd=1&source=gbs_api",https://play.google.com/store/books/details?id=lavDHzIKTJ4C&source=gbs_api,0748115978,9780748115976
I Summon the Sea: An Epic Fated Mates Romantasy (The Thorn and the Shadow Book 1),Mona Archer,https://images-na.ssl-images-amazon.com/images/S/compressed.photo.goodreads.com/books/1740321887i/223716013.jpg,,,"Meet the Damage Control Boys - set in the world of the bestselling series Inked Brotherhood. New Adult Contemporary Romance. Returning to Madison hurts. I thought I’d left my past behind, but the past goes on living. I carry it inside of me, it’s a piece of me. People have marked me in indelible ways and I drag the shreds of my soul behind me, trying to put my pieces back together. I’m not the Amber I used to be. I fly under the radar, try to be invisible. It doesn't always work. Drawing attention scares me. It always spells trouble. Returning to my home town is a last ditch effort to lay my demons to rest and start anew, for good this time. Meeting Jesse Lee wasn’t in the plan. Yet here he is with his heart-stopping, sexy grin, handsome like a god, shining bright. He’s full of life, full of heat, packing the energy of a thousand suns in his gaze and muscular body. Jesse burns, and the pain of being near him is sweet. But he’s foiling my plans. It’s hard to remain a ghost when he’s around. Hard to avoid his attention, to remain invisible. He sees me, really sees me, and behind his bright radiance, I can see shadows from his own past crowding in. He’s swimming hard to stay afloat even as he reaches for me. What is he afraid of? And how can he save me from drowning when he can’t even save himself? *Warning: this book contains graphic language, sex, and violence. Mature readers only. Not intended for young readers.* JESSE is book 2 in the series Damage Control - a series set in the same world as Inked Brotherhood. The boys of Damage Control were taken in by Zane Madden and Rafe Vestri and offered apprenticeship and work in the tattoo shop Damage Control. Next in the Damage Control series: SETH (Damage Control 3).",2015-07-16,0,235,Fiction,Jo Raven,en,http://books.google.co.in/books?id=yXksCgAAQBAJ&printsec=frontcover&dq=I+Summon+the+Sea:+An+Epic+Fated+Mates+Romantasy+(The+Thorn+and+the+Shadow+Book+1)+Mona+Archer&hl=&cd=1&source=gbs_api,https://play.google.com/store/books/details?id=yXksCgAAQBAJ&source=gbs_api,,
"Restore Me (Shatter Me, #4)",Tahereh Mafi,https://images-na.ssl-images-amazon.com/images/S/compressed.photo.goodreads.com/books/1507232049i/34992929.jpg,,,"The book that all SHATTER ME fans have been waiting for is finally here. The fourth incredible instalment of Tahereh Mafi's New York Times bestselling YA fantasy series perfect for fans of Sarah J. Maas, Victoria Aveyard's The Red Queen, Stranger Things and Leigh Bardugo's Six of Crows",2018-03-06,0,333,Juvenile Fiction,HarperCollins UK,en,"http://books.google.co.in/books?id=BkbMEAAAQBAJ&printsec=frontcover&dq=Restore+Me+(Shatter+Me,+%234)+Tahereh+Mafi&hl=&cd=1&source=gbs_api",https://play.google.com/store/books/details?id=BkbMEAAAQBAJ&source=gbs_api,1780318553,9781780318554
Conjuring & Crossroads,Luciana Morfa,https://images-na.ssl-images-amazon.com/images/S/compressed.photo.goodreads.com/books/1745194155i/231410326.jpg,,,"Newly revised and updated, this classic manifesto is “a foundational text for anyone hoping to understand transgender politics and culture in the U.S. today” (NPR) A landmark of trans and feminist nonfiction, Whipping Girl is Julia Serano’s indispensable account of what it means to be a transgender woman in a world that consistently derides and belittles anything feminine. In a series of incisive essays, Serano draws on gender theory, her training as a biologist, her career in queer activism, and her own experiences before and after her gender transition to examine the deep connections between sexism and transphobia. She coins the term transmisogyny to describe the specific discrimination trans women face—and she shows how, in a world where masculinity is seen as unquestionably superior to femininity, transgender women’s very existence becomes a threat to the established gender hierarchy. Now updated with a new afterword on the contemporary anti-trans backlash, Whipping Girl makes the case that today's feminists and transgender activists must work to embrace and empower femininity—in all of its wondrous forms—and to make the world safe and just for people of all genders and sexualities.",2016-03-08,0,367,Social Science,Hachette UK,en,http://books.google.co.in/books?id=s7RKDgAAQBAJ&printsec=frontcover&dq=Conjuring+%26+Crossroads+Luciana+Morfa&hl=&cd=1&source=gbs_api,https://play.google.com/store/books/details?id=s7RKDgAAQBAJ&source=gbs_api,1580056237,9781580056236
Der Ewige (Nyx & Sol 2) (German Edition),Monika Nyre,https://images-na.ssl-images-amazon.com/images/S/compressed.photo.goodreads.com/books/1737655108i/223915655.jpg,,,No description available,Unknown,0,0,,Unknown,Unknown,,,,
The Nightblood Prince,Molly X. Chang,https://images-na.ssl-images-amazon.com/images/S/compressed.photo.goodreads.com/books/1729924418i/220210271.jpg,,,"Two kingdoms on the brink of battle. One prophesied empress to unite them, who finds herself caught between two princes, and the fact that love alone may not stop the coming war. A thrilling romantasy from the bestselling author of To Gaze Upon Wicked Gods. ""Beautifully written and brimming with defiance."" —Xiran Jay Zhao, #1 New York Times bestselling author of Iron Widow Two princes. One prophecy. A fate she cannot outrun. The night Fei was born, a prophecy was made: she would one day become the Empress of All Empresses. Torn from her family as a child and raised in the palace to one day marry the Crown Prince of the most powerful empire in the land, Fei has only ever known loneliness. When the opportunity arises to seize her own destiny for the first time in her life, Fei sets out to hunt a legendary tiger, knowing it might cost her everything. What she doesn’t expect is to fall under the mercy of Yexue, the beautiful runaway prince from a rival kingdom. Blessed by the night, harboring a dangerous magic, and capable of commanding an army of deadly vampires, Yexue could be the key to Fei gaining more than just her freedom. But to outrun destiny, Fei must spark a wave of events that will change the world as she knows it. Torn between two princes and plagued by nightmares of bloodshed, she finds that the stars might be more inescapable—and more irresistible—than she ever considered before. . . .",2025-07-01,0,0,Young Adult Fiction,Random House,en,http://books.google.co.in/books?id=Fl8sEQAAQBAJ&dq=The+Nightblood+Prince+Molly+X.+Chang&hl=&cd=1&source=gbs_api,http://books.google.co.in/books?id=Fl8sEQAAQBAJ&dq=The+Nightblood+Prince+Molly+X.+Chang&hl=&source=gbs_api,0593897374,9780593897379
Witch of the Wolves,Kaylee Archer,https://images-na.ssl-images-amazon.com/images/S/compressed.photo.goodreads.com/books/1739991732i/222284050.jpg,,,"When a powerful witch discovers she's the daughter of an Alpha werewolf and is taken by his Pack, she's determined to break free all the while denying her attraction to her abductor. Witch of the Wolves is perfect for fans of A Court of Thorns and Roses and From Blood and Ash. Cordelia Levine comes from a long line of powerful witches. She's been flying under the radar in the human world, focused on strengthening her magic. She loves working at her aunt's apothecary in London, secretly serving supernaturals. Until the truth about her family is revealed. She always assumed her enhanced sense of smell came from her French perfumer father. But when Bishop Daniels abducts Cordelia at the request of her father, the Alpha, Cordelia learns she's a lycan--sharing both witch and werewolf traits. She's brought to Trevelyan, the pack estate, under the guise of protection from foreign threats who want to use her to continue their bloodline. She quickly learns that to keep her from being sold off to another pack, her father intends to give Cordelia as a mate to Bishop. His second in command and the future Alpha. Cordelia refuses to accept this as her fate. She can't rely on her magic alone to escape and when she learns Bishop plans to challenge her father's power, she reluctantly begins to trust him. The cracks within the Pack become evident and something is bound to break. And Cordelia and her growing desire for the man who shouldn't set her on fire are right at the center of it all. Witch of the Wolves is the first book in this Victorian romantasy series, featuring an intense and sexy romance and a world on the brink of change.",2025-09-30,0,0,Fiction,St. Martin's Griffin,en,http://books.google.co.in/books?id=FJo2EQAAQBAJ&dq=Witch+of+the+Wolves+Kaylee+Archer&hl=&cd=1&source=gbs_api,http://books.google.co.in/books?id=FJo2EQAAQBAJ&dq=Witch+of+the+Wolves+Kaylee+Archer&hl=&source=gbs_api,1250393094,9781250393098
"The Ballad of Never After (Once Upon a Broken Heart, #2)",Stephanie Garber,https://images-na.ssl-images-amazon.com/images/S/compressed.photo.goodreads.com/books/1716011416i/59808071.jpg,,,"#1 NEW YORK TIMES BESTSELLER! Stephanie Garber’s THE BALLAD OF NEVER AFTER is the jaw-dropping sequel to the ONCE UPON A BROKEN HEART, starring Evangeline Fox and the Prince of Hearts on a new journey of magic, mystery, and heartbreak Not every love is meant to be. After Jacks, the Prince of Hearts, betrays her, Evangeline Fox swears she'll never trust him again. Now that she’s discovered her own magic, Evangeline believes she can use it to restore the chance at happily ever after that Jacks stole away. But when a new terrifying curse is revealed, Evangeline finds herself entering into a tenuous partnership with the Prince of Hearts again. Only this time, the rules have changed. Jacks isn’t the only force Evangeline needs to be wary of. In fact, he might be the only one she can trust, despite her desire to despise him. Instead of a love spell wreaking havoc on Evangeline’s life, a murderous spell has been cast. To break it, Evangeline and Jacks will have to do battle with old friends, new foes, and a magic that plays with heads and hearts. Evangeline has always trusted her heart, but this time she’s not sure she can. . . .",2024-03-26,0,0,Young Adult Fiction,Once Upon a Broken Heart,en,"http://books.google.co.in/books?id=hsW-EAAAQBAJ&dq=The+Ballad+of+Never+After+(Once+Upon+a+Broken+Heart,+%232)+Stephanie+Garber&hl=&cd=1&source=gbs_api","http://books.google.co.in/books?id=hsW-EAAAQBAJ&dq=The+Ballad+of+Never+After+(Once+Upon+a+Broken+Heart,+%232)+Stephanie+Garber&hl=&source=gbs_api",1250268435,9781250268433
"A Curse for True Love (Once Upon a Broken Heart, #3)",Stephanie Garber,https://images-na.ssl-images-amazon.com/images/S/compressed.photo.goodreads.com/books/1674501506i/62816044.jpg,,,"#1 NEW YORK TIMES BESTSELLER! Stephanie Garber’s THE BALLAD OF NEVER AFTER is the jaw-dropping sequel to the ONCE UPON A BROKEN HEART, starring Evangeline Fox and the Prince of Hearts on a new journey of magic, mystery, and heartbreak Not every love is meant to be. After Jacks, the Prince of Hearts, betrays her, Evangeline Fox swears she'll never trust him again. Now that she’s discovered her own magic, Evangeline believes she can use it to restore the chance at happily ever after that Jacks stole away. But when a new terrifying curse is revealed, Evangeline finds herself entering into a tenuous partnership with the Prince of Hearts again. Only this time, the rules have changed. Jacks isn’t the only force Evangeline needs to be wary of. In fact, he might be the only one she can trust, despite her desire to despise him. Instead of a love spell wreaking havoc on Evangeline’s life, a murderous spell has been cast. To break it, Evangeline and Jacks will have to do battle with old friends, new foes, and a magic that plays with heads and hearts. Evangeline has always trusted her heart, but this time she’s not sure she can. . . .",2024-03-26,0,0,Young Adult Fiction,Once Upon a Broken Heart,en,"http://books.google.co.in/books?id=hsW-EAAAQBAJ&dq=A+Curse+for+True+Love+(Once+Upon+a+Broken+Heart,+%233)+Stephanie+Garber&hl=&cd=1&source=gbs_api","http://books.google.co.in/books?id=hsW-EAAAQBAJ&dq=A+Curse+for+True+Love+(Once+Upon+a+Broken+Heart,+%233)+Stephanie+Garber&hl=&source=gbs_api",1250268435,9781250268433
Embrace the Serpent,Sunya Mara,https://images-na.ssl-images-amazon.com/images/S/compressed.photo.goodreads.com/books/1729349269i/204288977.jpg,,,"'A grand epic' Chloe Gong Only she can face the Storm . . . Vesper Vale is the daughter of revolutionaries. Failed revolutionaries. Since the Queen sentenced her mother to death by a deadly Storm that curses everyone it touches, Vesper and her father have been on the run. So when the queen's soldiers - led by paranoid Prince Dalca - catch up to them, Vesper will do whatever it takes to keep her father from sharing her mother's cruel fate. Even arm herself with her father's book of dangerous experimental magic. Even infiltrate the prince's elite squad of soldier-sorcerers. Even cheat her way into his cold heart. But when Vesper learns that there's more to the story of her mother's death, and that her home is in dire peril, she has little choice: trust the devious prince with her family's secrets, or follow her mother's footsteps into the Storm . . . 'Enchanting and wildly clever' Ayana Gray 'Wild and thrilling' Adalyn Grace",2023-04-27,0,0,Young Adult Fiction,Hodder Paperbacks,en,http://books.google.co.in/books?id=z0hmzwEACAAJ&dq=Embrace+the+Serpent+Sunya+Mara&hl=&cd=1&source=gbs_api,http://books.google.co.in/books?id=z0hmzwEACAAJ&dq=Embrace+the+Serpent+Sunya+Mara&hl=&source=gbs_api,1529354900,9781529354904
"Ignite Me (Shatter Me, #3)",Tahereh Mafi,https://images-na.ssl-images-amazon.com/images/S/compressed.photo.goodreads.com/books/1375972497i/13188676.jpg,,,"X-Men meets The Handmaid's Tale in the third instalment in an epic and romantic YA fantasy trilogy perfect for fans of Netflix's Stranger Things, Sarah J. Maas, Victoria Aveyard's The Red Queen and Leigh Bardugo's Six of Crows.",2018-03-06,0,357,Juvenile Fiction,HarperCollins UK,en,"http://books.google.co.in/books?id=CEbMEAAAQBAJ&printsec=frontcover&dq=Ignite+Me+(Shatter+Me,+%233)+Tahereh+Mafi&hl=&cd=1&source=gbs_api",https://play.google.com/store/books/details?id=CEbMEAAAQBAJ&source=gbs_api,1780318561,9781780318561
Of Earthly Delights,Goldy Moldavsky,https://images-na.ssl-images-amazon.com/images/S/compressed.photo.goodreads.com/books/1724988124i/214438353.jpg,,,"From New York Times bestselling author Goldy Moldavsky comes an uproarious take on when the best of intentions go horribly wrong. Gregor Maravilla doesn't want much. Just to feed all the starving children. That's why he goes to Camp Save the World, a summer program for teen activists who care about making a difference. What could be better?It's almost perfect. Except some of these causes are kind of...strange. Like Eat Dirt--a campaign started by up-and-coming actress Ashley Woodstone. Gregor wasn't a fan of her work before, and he's certain she's only there now because of her fame. But Gregor is determinged to not let her ruin his experience.And then the contest is announced. That's when the sabotage starts. They want to see who can do the most good. But that leads to the most bad.No good deed goes unpunished.",2017-05-30,0,294,Young Adult Fiction,Scholastic Inc.,en,http://books.google.co.in/books?id=fgJsDQAAQBAJ&dq=Of+Earthly+Delights+Goldy+Moldavsky&hl=&cd=1&source=gbs_api,http://books.google.co.in/books?id=fgJsDQAAQBAJ&dq=Of+Earthly+Delights+Goldy+Moldavsky&hl=&source=gbs_api,0545867525,9780545867528
"Shatter Me (Shatter Me, #1)",Tahereh Mafi,https://images-na.ssl-images-amazon.com/images/S/compressed.photo.goodreads.com/books/1310649047i/10429045.jpg,,,"OVER 8 MILLION COPIES SOLD. THE GLOBAL BESTSELLER AND TIKTOK SENSATION! ""Addictive, intense, and oozing with romance” Lauren Kate, Fallen ""Dangerous, sexy, romantic and intense! Kami Garcia, Beautiful Creatures “My favourite series of all time” Goodreads review “Perfection” TikTok review",2018-03-06,0,291,Young Adult Fiction,HarperCollins UK,en,"http://books.google.co.in/books?id=MuCiEAAAQBAJ&pg=PP1&dq=Shatter+Me+(Shatter+Me,+%231)+Tahereh+Mafi&hl=&cd=1&source=gbs_api",https://play.google.com/store/books/details?id=MuCiEAAAQBAJ&source=gbs_api,1780318685,9781780318684
The Listeners,Maggie Stiefvater,https://images-na.ssl-images-amazon.com/images/S/compressed.photo.goodreads.com/books/1741715520i/218636304.jpg,,,"‘In a young-adult market crowded with copycats, it’s refreshing to find a book that blazes a path as unique as Maggie Stiefvater’s The Raven Boys.’ – LA Times Book Review Blue Sargent has always felt ordinary. She was born into a family of clairvoyants, but she doesn’t share their gift. Her ‘gift’? A warning: if she kisses her true love, they will die. But who cares; who is there for Blue to love? Enter Gansey, a rich student from Aglionby, the town’s all-boys private school. Blue has always avoided Aglionby’s ‘Raven Boys’ – their wealth, their privilege, their trouble – that is, until Gansey invites her to join four Raven Boys on their hunt for a legendary Welsh king buried along a nearby ley line. But a strange and shifting world awaits, one far more dangerous than anything they could ever have imagined. Full of magic, found family and impossible romance, this stunning hardback graphic novel adaptation of a YA classic weaves a thrilling plot around a cast of characters that are impossible to forget.",2025-08-07,0,0,Young Adult Fiction,Random House,en,http://books.google.co.in/books?id=m8ovEQAAQBAJ&dq=The+Listeners+Maggie+Stiefvater&hl=&cd=1&source=gbs_api,http://books.google.co.in/books?id=m8ovEQAAQBAJ&dq=The+Listeners+Maggie+Stiefvater&hl=&source=gbs_api,0241762251,9780241762257
"Echo Fort (Sins of the Zodiac, #2)",Caroline Peckham,https://images-na.ssl-images-amazon.com/images/S/compressed.photo.goodreads.com/books/1727187207i/219503833.jpg,,,"This compendium of projects, writings and interviews focuses on how the field of drawing expands synchronously alongside technological and computational developments. This book critically reassess the act of drawing and where its future may lie. Bringing together practitioners from many creative fields, the book discusses how drawing is changing in relation to new technologies for the production and dissemination of ideas. Drawings seduce, and the drawings in this book are tantalising evidence of this. Yet the aim of the book is to illustrate how drawing works as an abundantly rich, diverse, inventive, critical and serious research domain. In this regard, it is a study of the point and promise of drawing; which both explores the microscopic detail of the craft and envisions the radical possibilities inherent in its expression. The academics, artists and architects whose work lies within conceive of drawing as a rigorous, liberating form of expression.",2016,0,288,Architectural drawing,Unknown,en,"http://books.google.co.in/books?id=YUv4nAAACAAJ&dq=Echo+Fort+(Sins+of+the+Zodiac,+%232)+Caroline+Peckham&hl=&cd=1&source=gbs_api","http://books.google.co.in/books?id=YUv4nAAACAAJ&dq=Echo+Fort+(Sins+of+the+Zodiac,+%232)+Caroline+Peckham&hl=&source=gbs_api",1988366046,9781988366043
"The Beasts We Bury (The Broken Citadel, #1)",D.L. Taylor,https://images-na.ssl-images-amazon.com/images/S/compressed.photo.goodreads.com/books/1709489567i/208840724.jpg,,,"Raise. Your. Phantom. In a world on the brink of the next Great Dying, no amount of training can prepare us for what is to come. A young heir will raise the most powerful phantom in all of Baiseen. A dangerous High Savant will do anything to control the nine realms. A mysterious and deadly Mar race will steal children into the sea. And a handsome guide with far too many secrets will make me fall in love. My name is Ash. A lowly scribe meant to observe and record. And yet I might be destined to surprise us all... The Amassia series is best enjoyed in order. Reading Order: Book #1 Crown of Bones Book #2 Curse of Shadows",2021-01-05,5,541,Young Adult Fiction,Entangled: Teen,en,"http://books.google.co.in/books?id=L6eFDwAAQBAJ&printsec=frontcover&dq=The+Beasts+We+Bury+(The+Broken+Citadel,+%231)+D.L.+Taylor&hl=&cd=1&source=gbs_api",https://play.google.com/store/books/details?id=L6eFDwAAQBAJ&source=gbs_api,1640634134,9781640634138
"A Fate So Cold (A Fate So Cold, #1)",Amanda Foody,https://images-na.ssl-images-amazon.com/images/S/compressed.photo.goodreads.com/books/1741131191i/61237416.jpg,,,"You Fell In Love With The Victors of The Hunger Games. Now Prepare To Meet The Villains Of The Blood Veil. After the publication of a salacious tell-all book, the remote city of Ilvernath is thrust into the spotlight. Tourists, protesters, and reporters alike flock to its spellshops and historic ruins to witness an ancient curse unfold: every generation, seven families name a champion among them to compete in a tournament to the death. The winner awards their family exclusive control over the city's high magick supply, the most powerful resource in the world. In the past, the villainous Lowes have won nearly every tournament, and their champion is prepared to continue his family's reign. But this year, thanks to the influence of their newfound notoriety, each of the champions has a means to win. Or better yet--a chance to rewrite their story. But this is a story that must be penned in blood.",2021-11-11,0,369,Fiction,Hachette UK,en,"http://books.google.co.in/books?id=knYXEAAAQBAJ&printsec=frontcover&dq=A+Fate+So+Cold+(A+Fate+So+Cold,+%231)+Amanda+Foody&hl=&cd=1&source=gbs_api",https://play.google.com/store/books/details?id=knYXEAAAQBAJ&source=gbs_api,1473233887,9781473233881
"The Eagle and the Wolf (The Huntress Saga, #1)",Alexandria Warwick,https://images-na.ssl-images-amazon.com/images/S/compressed.photo.goodreads.com/nophoto/book/111x148.png,,,"An absolute MUST-READ for romantasy fans who love the ACOTAR series by Sarah J. Maas! The North Wind is an addictive, sexy and enchanting enemies-to-lovers fantasy romance inspired by Beauty and the Beast and the Greek myth of Hades and Persephone. Wren of Edgewood is no stranger to suffering. With her parents gone, it's Wren’s responsibility to ensure she and her sister survive the harsh and endless winter, but if the legends are to be believed, their home may not be safe for much longer. For three hundred years, the land surrounding Edgewood has been encased in ice as the Shade, a magical barrier that protects the townsfolk from the Deadlands beyond, weakens. Only one thing can stop the Shade’s fall: the blood of a mortal woman bound in wedlock to the North Wind, a dangerous immortal whose heart is said to be as frigid as the land he rules. And the time has come to choose his bride. When the North Wind sets his eyes on Wren’s sister, Wren will do anything to save her – even if it means sacrificing herself in the process. But mortal or not, Wren won’t go down without a fight . . . Beloved by readers on TikTok, discover your next fantasy romance obsession with the Four Winds series, inspired by fairytales and sprinkled with Greek mythology. Perfect for fans of Sarah J. Maas, Jennifer L. Armentrout, Raven Kennedy and Scarlett St. Clair. 'A brutally cold, beautifully drawn world warmed by a delicious slow-burn romance. I couldn’t turn the pages fast enough!' - S. M. Gaither, author of the Shadows & Crowns series Readers love The North Wind: 'The perfect enemies to lovers book... especially if you like Beauty and the Beast retellings and ACOTAR' 'This was BRILLIANT! I enjoyed every page' 'The slow burn that stole my heart' 'Blown away... Our north king is just everything. He will be added to my book boyfriend list' 'If I could give it more stars I would... The world building was incredible' 'Completely enchanting and so, so well written' 'Literally could not put this book down' 'One of my new favourites'",2024-05-09,0,449,Fiction,Simon and Schuster,en,"http://books.google.co.in/books?id=h_3QEAAAQBAJ&printsec=frontcover&dq=The+Eagle+and+the+Wolf+(The+Huntress+Saga,+%231)+Alexandria+Warwick&hl=&cd=1&source=gbs_api",https://play.google.com/store/books/details?id=h_3QEAAAQBAJ&source=gbs_api,1398532533,9781398532533
Soul of Shadow,Emma  Noyes,https://images-na.ssl-images-amazon.com/images/S/compressed.photo.goodreads.com/books/1726517031i/217387643.jpg,,,No description available,2025-07-31,0,0,Fiction,Michael Joseph,en,http://books.google.co.in/books?id=Wj7p0AEACAAJ&dq=Soul+of+Shadow+Emma++Noyes&hl=&cd=1&source=gbs_api,http://books.google.co.in/books?id=Wj7p0AEACAAJ&dq=Soul+of+Shadow+Emma++Noyes&hl=&source=gbs_api,0241683874,9780241683873
"Visions of Darkness (Darkness, #1)",A.L. Jackson,https://images-na.ssl-images-amazon.com/images/S/compressed.photo.goodreads.com/books/1723910174i/213003571.jpg,,,"On the same night she discovers she is pregnant, twenty-eight-year-old nurse Meg Richards' husband is killed in an auto accident caused by a drunken teen. James Thomas, the teen, comes from one of the most influential families in the community. He's a star athlete and glamour boy at the local high school. Angered by her senseless loss, Meg blames God for what has happened and considers a decision that could change her life even further—until the D.A. intervenes. The results of the brutal trial enrage Meg, leading her down a frightening path of retribution. When the opportunity for revenge comes unexpectedly, will Meg follow through? Or will the remnants of her faith lead her in a different direction?",2013-03-01,0,343,Fiction,Simon and Schuster,en,"http://books.google.co.in/books?id=uz89DAAAQBAJ&printsec=frontcover&dq=Visions+of+Darkness+(Darkness,+%231)+A.L.+Jackson&hl=&cd=1&source=gbs_api",https://play.google.com/store/books/details?id=uz89DAAAQBAJ&source=gbs_api,1682997812,9781682997819
"The Jasad Crown (The Scorched Throne, #2)",Sara  Hashem,https://images-na.ssl-images-amazon.com/images/S/compressed.photo.goodreads.com/books/1724995863i/216623880.jpg,,,"THE FIRST DAUGHTER IS FOR THE THRONE. THE SECOND DAUGHTER IS FOR THE WOLF. As the only Second Daughter born in centuries, Red has one purpose - to be sacrificed to the Wolf in the Wood in order to save her kingdom. Red is almost relieved to go. Plagued by a dangerous power she can't control, at least she knows that in the Wilderwood, she can't hurt those she loves. Again. But the legends lie. The Wolf is a man, not a monster. Her magic is a calling, not a curse. And if she doesn't learn how to use it, the Wilderwood - and her world - will be lost forever. Hannah Whitten's New York Times bestselling debut is a sweeping tale of love, legends and the secrets that hide beyond the trees. 'I loved it! I was completely swept away by the world-building, the characters, and the delicate gorgeousness of the writing! A brilliant dark fantasy debut' Jodi Picoult 'Dazzling . . . This is sure to enchant' Publishers Weekly (starred review) 'An unputdownable fairy tale that traces the boundaries of duty, love, and loss. A masterful debut from a must-read new voice in fantasy' Kirkus 'A glorious journey through woods deep and so very dark. A stunning debut' Erin Craig, author of House of Salt and Sorrow",2021-06-01,5,421,Fiction,Hachette UK,en,"http://books.google.co.in/books?id=SAQGEAAAQBAJ&printsec=frontcover&dq=The+Jasad+Crown+(The+Scorched+Throne,+%232)+Sara++Hashem&hl=&cd=1&source=gbs_api",https://play.google.com/store/books/details?id=SAQGEAAAQBAJ&source=gbs_api,0356516350,9780356516356
Swordheart,T. Kingfisher,https://images-na.ssl-images-amazon.com/images/S/compressed.photo.goodreads.com/books/1738170162i/218624103.jpg,,,"'Absolutely delightful and full of charm and truth' Naomi Novik, on Thornhedge Halla is a housekeeper who has suddenly inherited her great-uncle's estate... and, unfortunately, his relatives. Sarkis is an immortal swordsman trapped in a prison of enchanted steel. When Halla draws the sword that imprisons him, Sarkis finds himself attempting to defend his new wielder against everything from bandits and roving inquisitors to her own in-laws... and the sword itself may prove to be the greatest threat of all... Praise for T. Kingfisher: 'T. Kingfisher solidifies her place as natural and inevitable heir to the greats of her genre, while remaining clearly and unquestionably a unique voice in fantasy' Seanan McGuire 'Exciting, deeply wise, sad, brutal and compassionate all at once. And beautifully written, with a plot as cunning as fine embroidery' Catriona Ward 'Creepy, funny, heartfelt, and full of fantastic characters I absolutely loved' Melissa Caruso, author of The Tethered Mage ""Nettle & Bone brings Kingfisher's signature honesty and authenticity to a fairy tale setting the result is refreshing, earnest but not naive, and deeply satisfying. I devoured it. This is one that's going to stay with me for a long time' Sarah Gailey, author of Magic for Liars 'A delight throughout' Louisa Morgan, author of A Secret History of Witches 'T. Kingfisher uses the bones of fairy tale to create something entirely her own, written in gloriously clear and transparent prose' Emily Tesh, author of Some Desperate Glory 'Funny, frightening, and full of heart; I loved it' Alix E. Harrow, author of The Ten Thousand Doors of January 'Charming and macabre, often both at the same time' A. K. Larkwood, author of The Unspoken Name",2023-11-21,0,478,Fiction,Hachette UK,en,http://books.google.co.in/books?id=Hd7hEAAAQBAJ&pg=PA1&dq=Swordheart+T.+Kingfisher&hl=&cd=1&source=gbs_api,https://play.google.com/store/books/details?id=Hd7hEAAAQBAJ&source=gbs_api,0356524388,9780356524382
"House of Blight (The Threadmender Chronicles, #1)",Maxym M. Martineau,https://images-na.ssl-images-amazon.com/images/S/compressed.photo.goodreads.com/books/1724255759i/216405568.jpg,,,"The Wheel of Time is now an original series on Prime Video, starring Rosamund Pike as Moiraine! In The Shadow Rising, the fourth novel in Robert Jordan’s #1 New York Times bestselling epic fantasy series, The Wheel of Time®, Rand al’Thor now wields the sword Callandor. He is both the Champion of Light and the Dragon Reborn. Now, he seeks answers to another prophecy that lies with the warrior people known as the Aiel to put him on the path of learning how to wield the One Power. Accompanied by Moiraine Damodred, Rand arrives at the Aiel Waste and is granted permission by the Wise Ones to enter the sacred city of Rhuidean. After passing through a doorframe ter'angreal, Moiraine gains foresight while the Aiel await Rand's return, either with both arms marked by dragon symbols, validating his identity as He Who Comes With the Dawn, the Chief of Chiefs of all the Aiel—or to never emerge at all. Since its debut in 1990, The Wheel of Time® has captivated millions of readers around the globe with its scope, originality, and compelling characters. The last six books in series were all instant #1 New York Times bestsellers, and The Eye of the World was named one of America's best-loved novels by PBS's The Great American Read. The Wheel of Time® New Spring: The Novel #1 The Eye of the World #2 The Great Hunt #3 The Dragon Reborn #4 The Shadow Rising #5 The Fires of Heaven #6 Lord of Chaos #7 A Crown of Swords #8 The Path of Daggers #9 Winter's Heart #10 Crossroads of Twilight #11 Knife of Dreams By Robert Jordan and Brandon Sanderson #12 The Gathering Storm #13 Towers of Midnight #14 A Memory of Light By Robert Jordan and Teresa Patterson The World of Robert Jordan's The Wheel of Time By Robert Jordan, Harriet McDougal, Alan Romanczuk, and Maria Simons The Wheel of Time Companion By Robert Jordan and Amy Romanczuk Patterns of the Wheel: Coloring Art Based on Robert Jordan's The Wheel of Time At the Publisher's request, this title is being sold without Digital Rights Management Software (DRM) applied.",2010-01-19,0,943,Fiction,Tor Books,en,"http://books.google.co.in/books?id=EA1wODXZM_AC&dq=House+of+Blight+(The+Threadmender+Chronicles,+%231)+Maxym+M.+Martineau&hl=&cd=1&source=gbs_api","http://books.google.co.in/books?id=EA1wODXZM_AC&dq=House+of+Blight+(The+Threadmender+Chronicles,+%231)+Maxym+M.+Martineau&hl=&source=gbs_api",1429960191,9781429960199
"Blood Beneath the Snow (Blood & Souls, #1)",Alexandra Kennington,https://images-na.ssl-images-amazon.com/images/S/compressed.photo.goodreads.com/books/1722081559i/214537839.jpg,,,"A sexy and poignant new adult novel in the vein of Jamie McGuire’s Beautiful Disaster from New York Times bestseller Marata Eros, about two lost souls who find each other in the wake of tragedy—only to learn that love may not be enough to heal the wounds of a dark and tortured past… “I don’t want my broken fixed. . . .” Six months ago, Brooke Starr was one impeccable piano performance away from Juilliard. Now, she is lonely, devastated, orphaned . . . seeking solace in a place where the sun never sets and trying to make sense of the dark tragedy that clouds her shattered heart. There are no coincidences. . . . Deep-sea fisherman Chance Taylor can’t imagine what his life would be if he’d never taken that midnight stroll to the pier. Had never seen the intriguing, raven-haired girl swan dive into the Alaskan sea. Had never plunged into the icy waters to rescue her . . . and finally felt her electric charge. As their blazing chemistry consumes them, Chance is determined to save Brooke from her demons. But Brooke knows she must find her own footing. She thinks she’s already lost everything—until the terror of her past catches up with her and threatens all that she has left: her life, her love, and the freedom to choose between drowning in grief and finding joy in the darkness.",2014-02-18,0,320,Fiction,Simon and Schuster,en,"http://books.google.co.in/books?id=ZRqaAAAAQBAJ&printsec=frontcover&dq=Blood+Beneath+the+Snow+(Blood+%26+Souls,+%231)+Alexandra+Kennington&hl=&cd=1&source=gbs_api",https://play.google.com/store/books/details?id=ZRqaAAAAQBAJ&source=gbs_api,1476752222,9781476752228
Mystery Royale,Kaitlyn Cavalancia,https://images-na.ssl-images-amazon.com/images/S/compressed.photo.goodreads.com/books/1714820523i/211026720.jpg,,,"From the BookTok viral author of The Obsession comes a new YA thriller for fans of Gossip Girl and Euphoria. *BuzzFeed Highly Anticipated Thriller of 2022 *PopSugar Best YA Book *Netgalley Most Anticipated Novel of 2022 She's a liar. A cheater. A murderer. And it's only her first semester. Lia Setiawan has never really fit in. And when she wins a full ride to the prestigious Draycott Academy on a track scholarship, she's determined to make it work even though she's never felt more out of place. But on her first day there she witnesses a girl being forcefully carried away by campus security. Her new schoolmates and teachers seem unphased, but it leaves her unsure of what she's gotten herself into. And as she uncovers the secrets of Draycott, complete with a corrupt teacher, a golden boy who isn't what he seems, and a blackmailer determined to get her thrown out, she's not sure if she can trust anyone...especially when the threats against her take a deadly turn.",2022-02-01,0,307,Young Adult Fiction,"Sourcebooks, Inc.",en,http://books.google.co.in/books?id=PfIzEAAAQBAJ&printsec=frontcover&dq=Mystery+Royale+Kaitlyn+Cavalancia&hl=&cd=1&source=gbs_api,https://play.google.com/store/books/details?id=PfIzEAAAQBAJ&source=gbs_api,172821520X,9781728215204
"Lies on the Serpent's Tongue (Bittersweet in the Hollow, #2)",Kate Pearsall,https://images-na.ssl-images-amazon.com/images/S/compressed.photo.goodreads.com/books/1713441786i/205064729.jpg,,,"NOW A NEW YORK TIMES BESTSELLER! ‘AN INTENSE AND BROODING THRILLER ’ – THE OBSERVER A intensely romantic and atmospheric thriller for young adults, full of twists and turns with a simmering supernatural undercurrent. Perfect for fans of Holly Jackson, Karen McManus and Delia Owens’ Where the Crawdads Sing",2021-09-02,0,396,Young Adult Fiction,HarperCollins UK,en,"http://books.google.co.in/books?id=b9grEAAAQBAJ&printsec=frontcover&dq=Lies+on+the+Serpent%27s+Tongue+(Bittersweet+in+the+Hollow,+%232)+Kate+Pearsall&hl=&cd=1&source=gbs_api",https://play.google.com/store/books/details?id=b9grEAAAQBAJ&source=gbs_api,0008494797,9780008494797
The Enemy’s Daughter,Melissa Poett,https://images-na.ssl-images-amazon.com/images/S/compressed.photo.goodreads.com/books/1737477548i/217223396.jpg,,,"A stunning reimagining of Tristan and Isolde set in a dystopian world woven with magic. An incredibly addictive debut YA enemies-to-lovers romantasy. 'I couldn't turn the pages fast enough!' Alwyn Hamilton 'Magical, romantic and deeply nostalgic' Sarah Underwood It's been thirty-seven years since the Republic was destroyed. Now, two settlements - the five clans and the Kingsland - fight for control of the untainted land. Though the five clans are outnumbered, they've finally struck, killing Kingsland's brutal leader. In the war that follows, Isadora, an eighteen-year-old healer, risks her life on the battlefield to help injured clan soldiers. But when she stops an attack from Tristan, a Kingsland assassin, his soldiers shoot her with a poisoned arrow. As Isadora lies dying, Tristan does the unimaginable: he offers to save her life using a rare magic. However, in choosing to live, Isadora is unknowingly bound to the mysterious Tristan. Worse, even acknowledging the attraction between them allows him to glean fragments of her memories, and the very knowledge he needs to destroy the five clans. But their magical connection works both ways. To save her people, Isadora will have to open her heart to her most cunning enemy. Because in a race for secret information and ultimate survival, she'll need to destroy Tristan and his people first.",2025-05-08,0,0,Juvenile Fiction,Harper Fire,en,http://books.google.co.in/books?id=SRXd0AEACAAJ&dq=The+Enemy%E2%80%99s+Daughter+Melissa+Poett&hl=&cd=1&source=gbs_api,http://books.google.co.in/books?id=SRXd0AEACAAJ&dq=The+Enemy%E2%80%99s+Daughter+Melissa+Poett&hl=&source=gbs_api,0008716595,9780008716592
Marked by Moonlight (The Moon Chasers #1),Sophie Jordan,https://images-na.ssl-images-amazon.com/images/S/compressed.photo.goodreads.com/books/1728505562i/220261903.jpg,,,"She doesn't know what bit her...Seemingly overnight, Claire Morgan has transformed: the normally mousy schoolteacher is now bold, and her behavior is truly wild. Her eyes gleam silver. Suddenly she's a self-confident femme fatale with a libido that just won't quit. After an impulsive makeover, she's even...dare she say it'...sexy. Is Claire going insane?Then brutally handsome stranger Gideon March tells her she was bitten by a werewolf, and Claire figures he's the insane one. Sure, she was attacked by a nasty dog in a back alley, but this guy stalking her says he's a member of an underground society of lycan hunters -- and his mission is to kill her immediately.When Claire finally realizes she really is a lycan, there's no turning back -- because by now Claire and Gideon are bound by a hungry passion. If they can't break the curse by the next full moon, Claire's soul will be lost forever and Gideon will be forced to terminate his prey -- a woman dangerously close to devouring him, heart and soul.",2009-08-18,0,0,Fiction,Pocket Star,en,http://books.google.co.in/books?id=tVRYPgAACAAJ&dq=Marked+by+Moonlight+(The+Moon+Chasers+%231)+Sophie+Jordan&hl=&cd=1&source=gbs_api,http://books.google.co.in/books?id=tVRYPgAACAAJ&dq=Marked+by+Moonlight+(The+Moon+Chasers+%231)+Sophie+Jordan&hl=&source=gbs_api,1439168814,9781439168813
"Something Wicked (Idle Reputations, #1)",Falon Ballard,https://images-na.ssl-images-amazon.com/images/S/compressed.photo.goodreads.com/books/1741547971i/223854848.jpg,,,"This guide to the modern musical covers the entire process of creating a show, from finding and working out the initial idea, through to the ways in which writers can market a finished show and get it produced. For the interested theatregoer and writers, it is written in a lively and user-friendly style and illustrated with numerous examples.",2016-04-30,0,293,Performing Arts,Springer,en,"http://books.google.co.in/books?id=Ba8YDAAAQBAJ&printsec=frontcover&dq=Something+Wicked+(Idle+Reputations,+%231)+Falon+Ballard&hl=&cd=1&source=gbs_api",https://play.google.com/store/books/details?id=Ba8YDAAAQBAJ&source=gbs_api,1137048107,9781137048103
"Never Ever After (Never Ever After, #1)",Sue Lynn Tan,https://images-na.ssl-images-amazon.com/images/S/compressed.photo.goodreads.com/books/1741329651i/223296202.jpg,,,"The stunning sequel to Daughter of the Moon Goddess delves deeper into beloved Chinese mythology, concluding the epic story of Xingyin--the daughter of Chang'e and the mortal archer, Houyi--as she battles a grave new threat to the realm, in this powerful tale of love, sacrifice, and hope. After winning her mother's freedom from the Celestial Emperor, Xingyin thrives in the enchanting tranquility of her home. But her fragile peace is threatened by the discovery of a strange magic on the moon and the unsettling changes in the Celestial Kingdom as the emperor tightens his grip on power. While Xingyin is determined to keep clear of the rising danger, the discovery of a shocking truth spurs her into a perilous confrontation. Forced to flee her home once more, Xingyin and her companions venture to unexplored lands of the Immortal Realm, encountering legendary creatures and shrewd monarchs, beloved friends and bitter adversaries. With alliances shifting quicker than the tides, Xingyin has to overcome past grudges and enmities to forge a new path forward, seeking aid where she never imagined she would. As an unspeakable terror sweeps across the realm, Xingyin must uncover the truth of her heart and claw her way through devastation--to rise against this evil before it destroys everything she holds dear, and the worlds she has grown to love . . . even if doing so demands the greatest price of all.",2023-08-29,0,0,,Harper Voyager,en,"http://books.google.co.in/books?id=_DeNzwEACAAJ&dq=Never+Ever+After+(Never+Ever+After,+%231)+Sue+Lynn+Tan&hl=&cd=1&source=gbs_api","http://books.google.co.in/books?id=_DeNzwEACAAJ&dq=Never+Ever+After+(Never+Ever+After,+%231)+Sue+Lynn+Tan&hl=&source=gbs_api",006303137X,9780063031371
The Last Bloodcarver,Vanessa Le,https://images-na.ssl-images-amazon.com/images/S/compressed.photo.goodreads.com/books/1719934083i/215948306.jpg,,,"Nhika is a bloodcarver. She has the power to alter human biology – to heal or to harm with just a touch. 'You’ll gasp, you’ll scream, you’ll cry, and you’ll be begging for the next book.' Chloe Gong, New York Times bestselling author of These Violent Delights In Theumas, Nhika is seen as a monster who kills for pleasure, and her gift is highly prized in the city’s criminal underworld. When Nhika is finally captured, she is sold to the highest bidder – an aristocratic girl dressed in white. But her mysterious buyer is not looking for an assassin. She needs Nhika to heal the only witness to her father’s murder. Nhika vows to hunt down the killer and all signs point to Ven Kochin, an alluring yet entitled physician’s aide. Despite Kochin’s relentless attempts to push her away, Nikha can’t help feeling drawn into his opulent world. But she soon finds herself in a fight for her life – and for the future of her own kind.",2024-03-21,0,240,Young Adult Fiction,Simon and Schuster,en,http://books.google.co.in/books?id=V2PcEAAAQBAJ&printsec=frontcover&dq=The+Last+Bloodcarver+Vanessa+Le&hl=&cd=1&source=gbs_api,https://play.google.com/store/books/details?id=V2PcEAAAQBAJ&source=gbs_api,0861547985,9780861547982
Seven Deadly Thorns,Amber Hamilton,https://images-na.ssl-images-amazon.com/images/S/compressed.photo.goodreads.com/books/1745171265i/211384006.jpg,,,"Limited special edition will include stenciled edges and a designed case cover! The Cruel Prince meets Fourth Wing in this high-concept, dark academia romantasy with an irresistible enemies-to-lovers romance. Her worst enemy. Her only chance. Viola Sinclair has hidden the shadow magic in her blood for seventeen years, trying to blend in as a student at the prestigious Vandenberghe Academy. When her secret is discovered, the queen gives her assassin, the Huntsman, a new assignment and a new cursed tattoo: the seven thorns on his wrist mean he has seven days to hunt Viola down and kill her. If he doesn't, he will be the one to die. It turns out the Huntsman isn't just an assassin. He's Roze Roquelart-entitled prince, arrogant fellow student, and the one person Viola hates more than anyone. He should revel in the chance to strike Viola down. But the Hunstman needs something from Viola and her magic. And he's willing to spare her life to get it. Viola and Roze have seven days to save their lives. Forced to work together, they'll discover terrible secrets, sinister threats...and an irresistible attraction. But is the prince telling the full truth? Is anyone? This steamy dark academia enemies-to-lovers story is perfect for romantasy fans!",2025-10-28,0,0,Young Adult Fiction,Bloomsbury YA,en,http://books.google.co.in/books?id=PSZYEQAAQBAJ&dq=Seven+Deadly+Thorns+Amber+Hamilton&hl=&cd=1&source=gbs_api,http://books.google.co.in/books?id=PSZYEQAAQBAJ&dq=Seven+Deadly+Thorns+Amber+Hamilton&hl=&source=gbs_api,1547616598,9781547616596
Hemlock & Silver,T. Kingfisher,https://images-na.ssl-images-amazon.com/images/S/compressed.photo.goodreads.com/books/1739405976i/217388302.jpg,,,"Winner of the RUSA Award for Best Horror When a young woman clears out her deceased grandmother’s home in rural North Carolina, she finds long-hidden secrets about a strange colony of beings in the woods in this chilling novel that reads like The Blair Witch Project meets The Andy Griffith Show. When Mouse’s dad asks her to clean out her dead grandmother's house, she says yes. After all, how bad could it be? Answer: pretty bad. Grandma was a hoarder, and her house is stuffed with useless rubbish. That would be horrific enough, but there’s more—Mouse stumbles across her step-grandfather’s journal, which at first seems to be filled with nonsensical rants…until Mouse encounters some of the terrifying things he described for herself. Alone in the woods with her dog, Mouse finds herself face to face with a series of impossible terrors—because sometimes the things that go bump in the night are real, and they’re looking for you. And if she doesn’t face them head on, she might not survive to tell the tale. From Hugo Award–winning author Ursula Vernon, writing as T. Kingfisher, The Twisted Ones is a gripping, terrifying tale bound to keep you up all night—from both fear and anticipation of what happens next.",2019-10-01,3,400,Fiction,Simon and Schuster,en,http://books.google.co.in/books?id=VxSKDwAAQBAJ&printsec=frontcover&dq=Hemlock+%26+Silver+T.+Kingfisher&hl=&cd=1&source=gbs_api,http://books.google.co.in/books?id=VxSKDwAAQBAJ&dq=Hemlock+%26+Silver+T.+Kingfisher&hl=&source=gbs_api,1534429581,9781534429581
The Crimson Throne,Sara Raasch,https://images-na.ssl-images-amazon.com/images/S/compressed.photo.goodreads.com/books/1742276367i/228486032.jpg,,,"Game of Thrones meets Graceling in this action-packed fantasy—the highly anticipated final book in the New York Times bestselling Snow Like Ashes series by Sara Raasch. Perfect for fans of An Ember in the Ashes and A Court of Thorns and Roses. Angra is alive, his Decay is spreading—and no one is safe. Meira will do anything to save her world. With Angra trying to break through her mental defenses, she desperately needs to learn to control her own magic—so when the leader of a mysterious Order from Paisly offers to teach her, Meira jumps at the chance. But the true solution to stopping the Decay lies in a labyrinth deep beneath the Season Kingdoms. To defeat Angra, Meira will have to enter the labyrinth, destroy the very magic she’s learning to control—and make the biggest sacrifice of all. Mather will do anything to save his queen. He needs to rally the Children of the Thaw, find Meira—and finally tell her how he really feels. But with a plan of attack that leaves no kingdom unscathed and a major betrayal within their ranks, winning the war—and protecting Meira—slips farther and farther out of reach. Ceridwen will do anything to save her people. Angra had her brother killed, stole her kingdom, and made her a prisoner. But when she’s freed by an unexpected ally who reveals a shocking truth behind Summer’s slave trade, Ceridwen must take action to save her true love and her kingdom, even if it costs her what little she has left. As Angra unleashes the Decay on the world, Meira, Mather, and Ceridwen must bring the kingdoms of Primoria together…or lose everything.",2016-09-20,0,276,Young Adult Fiction,HarperCollins,en,http://books.google.co.in/books?id=jzlmCwAAQBAJ&printsec=frontcover&dq=The+Crimson+Throne+Sara+Raasch&hl=&cd=1&source=gbs_api,https://play.google.com/store/books/details?id=jzlmCwAAQBAJ&source=gbs_api,0062287001,9780062287007
