title,author,img_url,series_name,series_position,description,publishedDate,averageRating,pageCount,categories,publisher,language,previewLink,infoLink,isbn_10,isbn_13
"House of Flame and Shadow (Crescent City, #3)",Sarah J. Maas,https://images-na.ssl-images-amazon.com/images/S/compressed.photo.goodreads.com/books/1689809645i/52857700.jpg,,,"The second instalment of the GLOBAL PHENOMENON, romantic fantasy epic and TikTok sensation, ACOTAR. From multi-million and #1 Sunday Times bestselling author Sarah J. Maas. Maas has established herself as a fantasy fiction titan - Time Think Game of Thrones meets Buffy the Vampire Slayer with a drizzle of E.L. James – Telegraph Spiced with slick plotting and atmospheric world-building ... a page-turning delight – Guardian Sarah J. Maas does not disappoint ... To be devoured with relish – Mail ****** Feyre survived Amarantha's clutches to return to the Spring Court – but at a steep cost. Though she now possesses the powers of the High Fae, her heart remains human, and it can't forget the terrible deeds she performed to save Tamlin's people. Nor has Feyre forgotten her bargain with Rhysand, the mesmerising High Lord of the feared Night Court. As Feyre navigates his dark web of political games and tantalising promises, a greater evil looms – and she might be key to stopping it. But only if she can step into her growing power, heal her fractured soul and have the courage to shape her own future – and the future of a world cloven in two. Sarah J. Maas is a global #1 bestselling author. Her books have sold more than nine million copies and been translated into 38 languages. Discover the sweeping romantic fantasy for yourself.",2016-05-03,4.5,678,Fiction,Bloomsbury Publishing,en,"http://books.google.co.in/books?id=LtEkCwAAQBAJ&printsec=frontcover&dq=House+of+Flame+and+Shadow+(Crescent+City,+%233)+Sarah+J.+Maas&hl=&cd=1&source=gbs_api",https://play.google.com/store/books/details?id=LtEkCwAAQBAJ&source=gbs_api,1408857898,9781408857892
"Ruthless Vows (Letters of Enchantment, #2)",Rebecca   Ross,https://images-na.ssl-images-amazon.com/images/S/compressed.photo.goodreads.com/books/1684911482i/127280062.jpg,,,TORN APART BY WAR. REUNITED BY LOVE?,2023-12-26,0,484,Fiction,HarperCollins UK,en,"http://books.google.co.in/books?id=mfnLEAAAQBAJ&printsec=frontcover&dq=Ruthless+Vows+(Letters+of+Enchantment,+%232)+Rebecca+++Ross&hl=&cd=1&source=gbs_api",https://play.google.com/store/books/details?id=mfnLEAAAQBAJ&source=gbs_api,0008588244,9780008588243
"Wind and Truth (The Stormlight Archive, #5)",Brandon Sanderson,https://images-na.ssl-images-amazon.com/images/S/compressed.photo.goodreads.com/books/1724944713i/203578847.jpg,,,No description available,2011-05,0,576,,Tor Books,en,"http://books.google.co.in/books?id=mEygPQAACAAJ&dq=Wind+and+Truth+(The+Stormlight+Archive,+%235)+Brandon+Sanderson&hl=&cd=1&source=gbs_api","http://books.google.co.in/books?id=mEygPQAACAAJ&dq=Wind+and+Truth+(The+Stormlight+Archive,+%235)+Brandon+Sanderson&hl=&source=gbs_api",0765360055,9780765360052
"Reckless (The Powerless Trilogy, #2)",Lauren  Roberts,https://images-na.ssl-images-amazon.com/images/S/compressed.photo.goodreads.com/books/1731714752i/183086339.jpg,,,"OVER 8 MILLION COPIES SOLD. THE GLOBAL BESTSELLER AND TIKTOK SENSATION! ""Addictive, intense, and oozing with romance” Lauren Kate, Fallen ""Dangerous, sexy, romantic and intense! Kami Garcia, Beautiful Creatures “My favourite series of all time” Goodreads review “Perfection” TikTok review",2018-03-06,0,291,Young Adult Fiction,HarperCollins UK,en,"http://books.google.co.in/books?id=MuCiEAAAQBAJ&pg=PP1&dq=Reckless+(The+Powerless+Trilogy,+%232)+Lauren++Roberts&hl=&cd=1&source=gbs_api",https://play.google.com/store/books/details?id=MuCiEAAAQBAJ&source=gbs_api,1780318685,9781780318684
"The Prisoner’s Throne (The Stolen Heir Duology, #2)",Holly Black,https://images-na.ssl-images-amazon.com/images/S/compressed.photo.goodreads.com/books/1686847098i/75673879.jpg,,,"Discover the dark and seductive realm of faerie in the first book of the critically acclaimed Modern Faerie Tales series from the bestselling author of The Cruel Prince – Holly Black. Kaye is used to drifting from place to place with her mother’s rock band, until an ominous attack forces them back to her childhood home. Kaye’s always had the unique ability to see faeries, so when she stumbles upon an injured faerie knight in the woods, she decides to save him. But this fateful choice has dire consequences, as she soon finds herself the unwilling pawn in an ancient and violent power struggle between two rival faerie kingdoms. Will Kaye escape with her life?",2012-09-27,4,267,Juvenile Fiction,Simon and Schuster,en,"http://books.google.co.in/books?id=s5CPTJAJQXoC&printsec=frontcover&dq=The+Prisoner%E2%80%99s+Throne+(The+Stolen+Heir+Duology,+%232)+Holly+Black&hl=&cd=1&source=gbs_api","http://books.google.co.in/books?id=s5CPTJAJQXoC&dq=The+Prisoner%E2%80%99s+Throne+(The+Stolen+Heir+Duology,+%232)+Holly+Black&hl=&source=gbs_api",1471116220,9781471116223
"Heartless Hunter (The Crimson Moth, #1)",Kristen Ciccarelli,https://images-na.ssl-images-amazon.com/images/S/compressed.photo.goodreads.com/books/1683734080i/127305713.jpg,,,"Kristen Ciccarelli’s debut fantasy explores an intricately woven world of deception, inner darkness, and dragons that fantasy fans won’t be able to resist. In the beginning, there was the Namsara: the child of sky and spirit, who carried love and laughter wherever he went. But where there is light, there must be darkness—and so there was also the Iskari. The child of blood and moonlight. The destroyer. The death-bringer. These are the legends that Asha, daughter of the king of Firgaard, has grown up learning in hushed whispers, drawn to the forbidden figures of the past. But it isn’t until she becomes the fiercest, most feared dragon slayer in the land that she takes on the role of the next Iskari—a lonely destiny that leaves her feeling more like a weapon than a girl. Asha conquers each dragon and brings its head to the king, but no kill can free her from the shackles that await at home: her betrothal to the cruel commandant, a man who holds the truth about her nature in his palm. When she’s offered the chance to gain her freedom in exchange for the life of the most powerful dragon in Firgaard, she finds that there may be more truth to the ancient stories than she ever could have expected. With the help of a secret friend—a slave boy from her betrothed’s household—Asha must shed the layers of her Iskari bondage and open her heart to love, light, and a truth that has been kept from her.",2017-10-03,0,432,Young Adult Fiction,HarperTeen,en,"http://books.google.co.in/books?id=83VJMQAACAAJ&dq=Heartless+Hunter+(The+Crimson+Moth,+%231)+Kristen+Ciccarelli&hl=&cd=1&source=gbs_api","http://books.google.co.in/books?id=83VJMQAACAAJ&dq=Heartless+Hunter+(The+Crimson+Moth,+%231)+Kristen+Ciccarelli&hl=&source=gbs_api",0062567985,9780062567987
The Little Shop of Grand Curiosities,Iris Lake,https://images-na.ssl-images-amazon.com/images/S/compressed.photo.goodreads.com/books/1708085063i/208617017.jpg,,,No description available,2024,0,0,Love,Unknown,en,http://books.google.co.in/books?id=yD0e0QEACAAJ&dq=The+Little+Shop+of+Grand+Curiosities+Iris+Lake&hl=&cd=1&source=gbs_api,http://books.google.co.in/books?id=yD0e0QEACAAJ&dq=The+Little+Shop+of+Grand+Curiosities+Iris+Lake&hl=&source=gbs_api,,9798874320812
"Find Me Between the Stars (Meet Me in the Ether, #2)",Iris Lake,https://images-na.ssl-images-amazon.com/images/S/compressed.photo.goodreads.com/books/1725614222i/218546689.jpg,,,"Drinking water provides an efficient source for the spread of gastrointestinal microbial pathogens capable of causing serious human disease. The massive death toll and burden of disease worldwide caused by unsafe drinking water is a compelling reason to value the privilege of having safe drinking water delivered to individual homes. On rare occasions, that privilege has been undermined in affluent nations by waterborne disease outbreaks traced to the water supply. Using the rich and detailed perspectives offered by the evidence and reports from the Canadian public inquiries into the Walkerton (2000) and North Battleford (2001) outbreaks to develop templates for understanding their key dimensions, over 60 waterborne outbreaks from 15 affluent countries over the past 30 years are explored as individual case studies. Recurring themes and patterns are revealed and the critical human dimensions are highlighted suggesting insights for more effective and more individualized preventive strategies, personnel training, management, and regulatory control. Safe Drinking Water aims to raise understanding and awareness of those factors that have most commonly contributed to or caused drinking-water-transmitted disease outbreaks - essentially a case-history analysis within the multi-barrier framework. It contains detailed analysis of the failures underlying drinking-water-transmitted disease epidemics that have been documented in the open literature, by public inquiry, in investigation reports, in surveillance databases and other reliable information sources. The book adopts a theme of 'converting hindsight into foresight', to inform drinking-water and health professionals including operators, managers, engineers, chemists and microbiologists, regulators, as well as undergraduates and graduates at specialty level. Key Features: Contains details and perspectives of major outbreaks not widely known or understood beyond those directly involved in the investigations. Technical and scientific background associated with case studies is offered in an accessible summary form. Does not require specialist training or experience to comprehend the details of the numerous outbreaks reviewed. By providing a broad-spectrum review using a consistent approach, several key recurring themes are revealed that offer insights for developing localized, tailor-made prevention strategies.",2004-05-31,3,501,Science,IWA Publishing,en,"http://books.google.co.in/books?id=KhiKu7nyCD0C&printsec=frontcover&dq=Find+Me+Between+the+Stars+(Meet+Me+in+the+Ether,+%232)+Iris+Lake&hl=&cd=1&source=gbs_api","http://books.google.co.in/books?id=KhiKu7nyCD0C&dq=Find+Me+Between+the+Stars+(Meet+Me+in+the+Ether,+%232)+Iris+Lake&hl=&source=gbs_api",1843390426,9781843390428
A Fragile Enchantment,Allison Saft,https://images-na.ssl-images-amazon.com/images/S/compressed.photo.goodreads.com/books/1683815235i/127305900.jpg,,,"An unforgettable YA regency-inspired romantic fantasy about a seamstress who is sent to dress the prince for his royal wedding - and the scandal she weaves in her wake. All Niamh has longed for is to be remembered: to create something that will last far longer than she will. For her, that means becoming a renowned dressmaker, using the magic in her blood that lets her stitch emotions and memories into fabric - the same magic that will eventually kill her. When Niamh is commissioned to design the prince's wardrobe for a royal wedding in Avaland, she knows she finally has her chance to leave her legacy. But Avaland is far from the fairytale that she imagined. While nobles and the elite attend extravagant balls and candlelit garden parties, unrest brews amid the working class. Niamh finds herself drawn to Kit, the prince whom she must dress for his wedding, despite his cold, prickly demeanour. And soon, a gossip column reports on their undeniable chemistry between them, threatening scandal. Niamh must decide if reputation should come above all else, whether her magic curse will allow her to experience love, and what cost she is willing to pay for a future she never thought possible... Threaded with intrigue and unforgettable characters, A Fragile Enchantment is a sweeping romance for the ages.",2024-01-04,0,345,Young Adult Fiction,Hachette UK,en,http://books.google.co.in/books?id=NNXGEAAAQBAJ&pg=PT341&dq=A+Fragile+Enchantment+Allison+Saft&hl=&cd=1&source=gbs_api,https://play.google.com/store/books/details?id=NNXGEAAAQBAJ&source=gbs_api,151011212X,9781510112124
"The Devils (The Devils, #1)",Joe Abercrombie,https://images-na.ssl-images-amazon.com/images/S/compressed.photo.goodreads.com/books/1716490016i/212276037.jpg,,,"'Delightfully twisted and evil' GUARDIAN 'Highly recommended ... seek it out' Joe Hill Inquisitor Glokta, a crippled and increasingly bitter relic of the last war, former fencing champion turned torturer extraordinaire, is trapped in a twisted and broken body - not that he allows it to distract him from his daily routine of torturing smugglers. Nobleman, dashing officer and would-be fencing champion Captain Jezal dan Luthar is living a life of ease by cheating his friends at cards. Vain, shallow, selfish and self-obsessed, the biggest blot on his horizon is having to get out of bed in the morning to train with obsessive and boring old men. And Logen Ninefingers, an infamous warrior with a bloody past, is about to wake up in a hole in the snow with plans to settle a blood feud with Bethod, the new King of the Northmen, once and for all - ideally by running away from it. But as he's discovering, old habits die really, really hard indeed... ...especially when Bayaz gets involved. A bald old man with a terrible temper and a pathetic assistant, he could be the First of the Magi, he could be a spectacular fraud, but whatever he is, he's about to make the lives of Glotka, Jezal and Logen a whole lot more difficult...",2009-06-18,4,654,Fiction,Hachette UK,en,"http://books.google.co.in/books?id=pvVSwRWXerEC&printsec=frontcover&dq=The+Devils+(The+Devils,+%231)+Joe+Abercrombie&hl=&cd=1&source=gbs_api",https://play.google.com/store/books/details?id=pvVSwRWXerEC&source=gbs_api,0575091509,9780575091504
"A Tempest of Tea (Blood and Tea, #1)",Hafsah Faizal,https://images-na.ssl-images-amazon.com/images/S/compressed.photo.goodreads.com/books/1683804803i/56163940.jpg,,,"The epic sequel to the bestselling TikTok sensation We Hunt the Flame , by the #1 bestselling author of A Tempest of Tea – featuring an exclusive bonus chapter!! This is YA fantasy at it's best. Lush, hopeful and devestating, We Free the Stars is Hafsah Faizal's spellbinding conclusion to the Sands of Arawiya duology, set in a world inspired by ancient Arabia. Perfect for fans of Leigh Bardugo's Shadow and Bone series. Darkness surged in his veins. Power bled from her bones. The battle is over, but the war is just beginning. Low on resources and allies alike, Zafira and Nasir are determined to finish their mission; to restore magic to their kingdom. But the land teems with the return of an ancient evil, and as Nasir fights to command the magic in his blood, Zafira battles a very different darkness. And yet, in spite of everything, they find themselves falling into a love they can't stand to lose. Time is running out and if order is to be restored, sacrifices will have to be made . . .",2021-01-21,0,629,Young Adult Fiction,Pan Macmillan,en,"http://books.google.co.in/books?id=NLnJDwAAQBAJ&printsec=frontcover&dq=A+Tempest+of+Tea+(Blood+and+Tea,+%231)+Hafsah+Faizal&hl=&cd=1&source=gbs_api",https://play.google.com/store/books/details?id=NLnJDwAAQBAJ&source=gbs_api,1529034124,9781529034127
"The Primal of Blood and Bone (Blood and Ash, #6)",Jennifer L. Armentrout,https://images-na.ssl-images-amazon.com/images/S/compressed.photo.goodreads.com/books/1730471303i/58483123.jpg,,,No description available,2024-01-15,0,0,Fiction,Unknown,en,"http://books.google.co.in/books?id=7PwG0QEACAAJ&dq=The+Primal+of+Blood+and+Bone+(Blood+and+Ash,+%236)+Jennifer+L.+Armentrout&hl=&cd=1&source=gbs_api","http://books.google.co.in/books?id=7PwG0QEACAAJ&dq=The+Primal+of+Blood+and+Bone+(Blood+and+Ash,+%236)+Jennifer+L.+Armentrout&hl=&source=gbs_api",1963135601,9781963135602
"Road to Ruin (Magebike Courier, #1)",Hana  Lee,https://images-na.ssl-images-amazon.com/images/S/compressed.photo.goodreads.com/books/1703196456i/199898107.jpg,,,"A master of science fiction introduces a world where everything is large and the problems of survival even larger in this exciting new novel. Hella is a planet where everything is oversized—especially the ambitions of the colonists. The trees are mile-high, the dinosaur herds are huge, and the weather is extreme—so extreme, the colonists have to migrate twice a year to escape the blistering heat of summer and the atmosphere-freezing cold of winter. Kyle is a neuro-atypical young man, emotionally challenged, but with an implant that gives him real-time access to the colony's computer network, making him a very misunderstood savant. When an overburdened starship arrives, he becomes the link between the established colonists and the refugees from a ravaged Earth. The Hella colony is barely self-sufficient. Can it stand the strain of a thousand new arrivals, bringing with them the same kinds of problems they thought they were fleeing? Despite the dangers to himself and his family, Kyle is in the middle of everything—in possession of the most dangerous secret of all. Will he be caught in a growing political conspiracy? Will his reawakened emotions overwhelm his rationality? Or will he be able to use his unique ability to prevent disaster?",2020-06-16,0,450,Fiction,Penguin,en,"http://books.google.co.in/books?id=ZSyJEAAAQBAJ&dq=Road+to+Ruin+(Magebike+Courier,+%231)+Hana++Lee&hl=&cd=1&source=gbs_api","http://books.google.co.in/books?id=ZSyJEAAAQBAJ&dq=Road+to+Ruin+(Magebike+Courier,+%231)+Hana++Lee&hl=&source=gbs_api",0756416574,9780756416577
"The Ashes & the Star-Cursed King (Crowns of Nyaxia, #2)",Carissa Broadbent,https://images-na.ssl-images-amazon.com/images/S/compressed.photo.goodreads.com/books/1701282455i/198902263.jpg,,,"The Bookish Box Exclusive Luxe Edition of The Ashes & the Star-Cursed King Love is a sacrifice at the altar of power.In the wake of the Kejari, everything Oraya once thought to be true has been destroyed. A prisoner in her own kingdom, grieving the only family she ever had, and reeling from a gutting betrayal, she no longer even knows the truth of her own blood. She's left only with one certainty: she cannot trust anyone, least of all Raihn.The House of Night, too, is surrounded by enemies. Raihn's own nobles are none too eager to accept a Turned king, especially one who was once a slave. And the House of Blood digs their claws into the kingdom, threatening to tear it apart from the inside.When Raihn offers Oraya a secret alliance, taking the deal is her only chance at reclaiming her kingdom-and gaining her vengeance against the lover who betrayed her. But to do so, she'll need to harness a devastating ancient power, intertwined with her father's greatest secrets.But with enemies closing in on all sides, nothing is as it seems. As she unravels her past and faces her future, Oraya finds herself forced to choose between the bloody reality of seizing power - and the devastating love that could be her downfall.",2024-12-17,0,0,Fiction,Unknown,en,"http://books.google.co.in/books?id=IokQ0QEACAAJ&dq=The+Ashes+%26+the+Star-Cursed+King+(Crowns+of+Nyaxia,+%232)+Carissa+Broadbent&hl=&cd=1&source=gbs_api","http://books.google.co.in/books?id=IokQ0QEACAAJ&dq=The+Ashes+%26+the+Star-Cursed+King+(Crowns+of+Nyaxia,+%232)+Carissa+Broadbent&hl=&source=gbs_api",1965322158,9781965322154
"Untitled (Six of Crows, #3)",Leigh Bardugo,https://images-na.ssl-images-amazon.com/images/S/compressed.photo.goodreads.com/nophoto/book/111x148.png,,,"See the Grishaverse come to life on screen with the Netflix series, Shadow and Bone - Season 2 streaming now! Discover what comes next for the daring rogue Nikolai in the riveting sequel to King of Scars. The wolves are circling and a young king will face his greatest challenge in the explosive finale of the instant No.1 New York Times-bestselling King of Scars Duology. The Demon King. As Fjerda's massive army prepares to invade, Nikolai Lantsov will summon every bit of his ingenuity and charm - and even the monster within - to win this fight. But a dark threat looms that cannot be defeated by a young king's gift for the impossible. The Stormwitch. Zoya Nazyalensky has lost too much to war. She saw her mentor die and her worst enemy resurrected, and she refuses to bury another friend. Now duty demands she embrace her powers to become the weapon her country needs. No matter the cost. The Queen of Mourning. Deep undercover, Nina Zenik risks discovery and death as she wages war on Fjerda from inside its capital. But her desire for revenge may cost her country its chance at freedom and Nina the chance to heal her grieving heart. King. General. Spy. Together they must find a way to forge a future in the darkness. Or watch a nation fall. Read all the books in the Grishaverse! The Shadow and Bone Trilogy (previously published as The Grisha Trilogy) Shadow and Bone Siege and Storm Ruin and Rising The Six of Crows Duology Six of Crows Crooked Kingdom The King of Scars Duology King of Scars Rule of Wolves The Language of Thorns: Midnight Tales and Dangerous Magic The Severed Moon: A Year-Long Journal of Magic The Lives of Saints Praise for the Grishaverse ""A master of fantasy."" -The Huffington Post ""Utterly, extremely bewitching."" -The Guardian ""The best magic universe since Harry Potter."" -Bustle ""This is what fantasy is for."" -The New York Times Book Review ""[A] world that feels real enough to have its own passport stamp."" -NPR ""The darker it gets for the good guys, the better."" -Entertainment Weekly ""Sultry, sweeping and picturesque. . . . Impossible to put down."" -USA Today ""There's a level of emotional and historical sophistication within Bardugo's original epic fantasy that sets it apart."" -Vanity Fair ""Unlike anything I've ever read."" -Veronica Roth, bestselling author of Divergent ""Bardugo crafts a first-rate adventure, a poignant romance, and an intriguing mystery!"" -Rick Riordan, bestselling author of the Percy Jackson series",2021-03-30,0,518,Young Adult Fiction,Hachette UK,en,"http://books.google.co.in/books?id=AtDyDwAAQBAJ&printsec=frontcover&dq=Untitled+(Six+of+Crows,+%233)+Leigh+Bardugo&hl=&cd=1&source=gbs_api",https://play.google.com/store/books/details?id=AtDyDwAAQBAJ&source=gbs_api,151010450X,9781510104501
"A Queen This Fierce and Deadly (Kingdom of Lies, #4)",Stacia Stark,https://images-na.ssl-images-amazon.com/images/S/compressed.photo.goodreads.com/books/1711264541i/201537019.jpg,,,"I hunt demons. I don't work for them. And I promised my mom one thing before she was murdered: Under no circumstances, would I ever go near the high demons. But I'll break that promise over and over again if it helps me avenge her death. When my only lead turns to ash in the middle of demon territory, I'm suddenly a dead witch walking. Violence in Samael's club is an automatic death sentence... unless he can use you. And it turns out that the most powerful demon in the country has a use for little ol' me. Demons are being slaughtered. His demons. And as a bounty hunter, it's up to me to find out who would dare hurt his people. I've got two weeks to find the killer, and if I fail, I'm bonded to Samael. Forever. Samael's certain that I'll be his, but I'm not the kinda girl who risks her freedom for a demon. I'm the kinda girl who won't let anyone get in the way of her vengeance-- not even the Machiavellian control freak who thinks he can run my life. The problem? I've pissed the wrong people off. Now I'm the one being hunted, and someone's coming for me with everything they have. But I'm never more dangerous than when my back is up against the wall. And I'm ready to come out swinging. ♥ If you like K.F Breene, Ilona Andrews, Patricia Briggs, Faith Hunter, Laurell K. Hamilton, Jennifer Estep, Shannon Mayer, Kim Harrison, and Dannika Dark, you'll love this series. The Deals with Demons world includes the fae, demons, mages, werewolves, witches, and more.♥ ★ Read it now ★",2021-08-17,0,350,,Unknown,en,"http://books.google.co.in/books?id=H2-5zgEACAAJ&dq=A+Queen+This+Fierce+and+Deadly+(Kingdom+of+Lies,+%234)+Stacia+Stark&hl=&cd=1&source=gbs_api","http://books.google.co.in/books?id=H2-5zgEACAAJ&dq=A+Queen+This+Fierce+and+Deadly+(Kingdom+of+Lies,+%234)+Stacia+Stark&hl=&source=gbs_api",,9798454151386
Treasures of Egypt: The Spear & the Scythe,Amr  Saleh,https://images-na.ssl-images-amazon.com/images/S/compressed.photo.goodreads.com/books/1703816268i/204478695.jpg,,,"'A unique mythic adventure full of thrilling twists and heart-warming romance!' Cassandra Rose Clarke, author of Magic of Blood and Sea What would one do for love? What would one do for Egypt? Desperation drives Nefiri Minu, apprentice to the Grand Vizier, to save her little brother by seeking Khafset, a young thief from the persecuted people of Hyksos. But his price to help heal her sick brother is to steal a divine spear from Ra's temple. However, by touching the spear, Nefiri unwittingly unleashes Set, the shackled God of Destruction, and starts a chain of events that threatens to plunge Egypt into chaos. To avert disaster, they are forced to navigate the realm of the gods and the dead, and face off against mythological creatures in a dangerous adventure Khafset insists on calling “The Grand Heist.” Can this unlikely pair learn to trust each other? Will that trust turn their forced partnership into something more? On an adventure packed with secrets, hidden agendas, not to mention Gods and monsters, will Nefiri and Khafset succeed in their mission to save Egypt or will the very prejudices that have shaped their world threaten to tear them apart?",2024-10-01,0,353,Young Adult Fiction,John Hunt Publishing,en,http://books.google.co.in/books?id=cMYWEQAAQBAJ&pg=PT233&dq=Treasures+of+Egypt:+The+Spear+%26+the+Scythe+Amr++Saleh&hl=&cd=1&source=gbs_api,https://play.google.com/store/books/details?id=cMYWEQAAQBAJ&source=gbs_api,1803416114,9781803416113
"Emily Wilde’s Map of the Otherlands (Emily Wilde, #2)",Heather Fawcett,https://images-na.ssl-images-amazon.com/images/S/compressed.photo.goodreads.com/books/1682054645i/134119076.jpg,,,No description available,2024,0,0,,Unknown,en,"http://books.google.co.in/books?id=zzu_0AEACAAJ&dq=Emily+Wilde%E2%80%99s+Map+of+the+Otherlands+(Emily+Wilde,+%232)+Heather+Fawcett&hl=&cd=1&source=gbs_api","http://books.google.co.in/books?id=zzu_0AEACAAJ&dq=Emily+Wilde%E2%80%99s+Map+of+the+Otherlands+(Emily+Wilde,+%232)+Heather+Fawcett&hl=&source=gbs_api",889164224X,9788891642240
"The Tainted Cup (Shadow of the Leviathan, #1)",Robert Jackson Bennett,https://images-na.ssl-images-amazon.com/images/S/compressed.photo.goodreads.com/books/1735662086i/150247395.jpg,,,No description available,2025,0,0,,Unknown,de,"http://books.google.co.in/books?id=if820QEACAAJ&dq=The+Tainted+Cup+(Shadow+of+the+Leviathan,+%231)+Robert+Jackson+Bennett&hl=&cd=1&source=gbs_api","http://books.google.co.in/books?id=if820QEACAAJ&dq=The+Tainted+Cup+(Shadow+of+the+Leviathan,+%231)+Robert+Jackson+Bennett&hl=&source=gbs_api",3985852987,9783985852987
"Wisteria (Belladonna, #3)",Adalyn  Grace,https://images-na.ssl-images-amazon.com/images/S/compressed.photo.goodreads.com/books/1698070459i/195820745.jpg,,,"The New York Times bestselling author of All the Stars and Teeth brings to life a highly romantic, Gothic-infused world of wealth, desire, and betrayal. ​ Orphaned as a baby, nineteen-year-old Signa has been raised by a string of guardians, each one more interested in her wealth than her well-being—and each has met an untimely end. Her remaining relatives are the elusive Hawthornes, an eccentric family living at Thorn Grove, an estate both glittering and gloomy. Its patriarch mourns his late wife through wild parties, while his son grapples for control of the family’s waning reputation, and his daughter suffers from a mysterious illness. But when their mother’s restless spirit appears claiming she was poisoned, Signa realizes that the family she depends on could be in grave danger and enlists the help of a surly stable boy to hunt down the killer. However, Signa’s best chance of uncovering the murderer is an alliance with Death himself, a fascinating, dangerous shadow who has never been far from her side. Though he’s made her life a living hell, Death shows Signa that their growing connection may be more powerful—and more irresistible—than she ever dared imagine.",2022-08-30,0,352,Young Adult Fiction,Hachette UK,en,"http://books.google.co.in/books?id=RSxHEAAAQBAJ&dq=Wisteria+(Belladonna,+%233)+Adalyn++Grace&hl=&cd=1&source=gbs_api","http://books.google.co.in/books?id=RSxHEAAAQBAJ&dq=Wisteria+(Belladonna,+%233)+Adalyn++Grace&hl=&source=gbs_api",0316158453,9780316158459
"Mirrored Heavens (Between Earth and Sky, #3)",Rebecca Roanhorse,https://images-na.ssl-images-amazon.com/images/S/compressed.photo.goodreads.com/books/1695054550i/60656015.jpg,,,"""Inspired by the civilizations of the pre-Columbian Americas, woven into a tale of celestial prophecies, forbidden magic, and crafted with unforgettable characters, Rebecca Roanhorse has created an epic fantasy adventure in the most original series debut of the decade. In the holy city of Tova three lives are converging during a solar eclipse, proscribed by the Sun Priest as an unbalancing of the world. Meanwhile, a ship launches from a distant city bound for Tova and set to arrive on the solstice. The captain of the ship, Xiala, is a disgraced Teek whose song can calm the waters around her as easily as it can warp a man's mind. Her ship carries one passenger. Described as ""harmless,"" the passenger, Serapio, is a young man, blind, scarred, and cloaked in destiny. As Xiala well knows, when a man is described as harmless, he usually ends up being a villain."" --",2021-06-29,0,496,Fiction,Simon and Schuster,en,"http://books.google.co.in/books?id=MRIxEAAAQBAJ&printsec=frontcover&dq=Mirrored+Heavens+(Between+Earth+and+Sky,+%233)+Rebecca+Roanhorse&hl=&cd=1&source=gbs_api","http://books.google.co.in/books?id=MRIxEAAAQBAJ&dq=Mirrored+Heavens+(Between+Earth+and+Sky,+%233)+Rebecca+Roanhorse&hl=&source=gbs_api",1534437681,9781534437685
"Empire of the Damned (Empire of the Vampire, #2)",Jay Kristoff,https://images-na.ssl-images-amazon.com/images/S/compressed.photo.goodreads.com/books/1687870963i/126918599.jpg,,,"The highly anticipated sequel to the SUNDAY TIMES bestselling EMPIRE OF THE VAMPIRE 'Bloody brilliant' V.E. Schwab 'A ripping read' Joe Abercrombie Gabriel de León has saved the Holy Grail from death, but his chance to end the endless night is lost. After turning his back on his silversaint brothers once and for all, Gabriel and the Grail set out to learn the truth of how Daysdeath might finally be undone. But the last silversaint faces peril, within and without. Pursued by children of the Forever King, drawn into wars and webs centuries in the weaving, and ravaged by his own rising bloodlust, Gabriel may not survive to see the truth of the Grail revealed. A truth that may be too awful for any to imagine.",2025-02,0,0,Fiction,Harper Voyager,en,"http://books.google.co.in/books?id=EET2zwEACAAJ&dq=Empire+of+the+Damned+(Empire+of+the+Vampire,+%232)+Jay+Kristoff&hl=&cd=1&source=gbs_api","http://books.google.co.in/books?id=EET2zwEACAAJ&dq=Empire+of+the+Damned+(Empire+of+the+Vampire,+%232)+Jay+Kristoff&hl=&source=gbs_api",0008350507,9780008350505
"Bride (Bride, #1)",Ali Hazelwood,https://images-na.ssl-images-amazon.com/images/S/compressed.photo.goodreads.com/books/1730451646i/181344829.jpg,,,"A USA Today Bestseller! From the New York Times bestselling author of The Love Hypothesis comes a new steamy, STEMinist novella… A scientist should never cohabitate with her annoyingly hot nemesis—it leads to combustion. Mara, Sadie, and Hannah are friends first, scientists always. Though their fields of study might take them to different corners of the world, they can all agree on this universal truth: when it comes to love and science, opposites attract and rivals make you burn… As an environmental engineer, Mara knows all about the delicate nature of ecosystems. They require balance. And leaving the thermostat alone. And not stealing someone else’s food. And other rules Liam, her detestable big-oil lawyer of a roommate, knows nothing about. Okay, sure, technically she’s the interloper. Liam was already entrenched in his aunt’s house like some glowering grumpy giant when Mara moved in, with his big muscles and kissable mouth just sitting there on the couch tempting respectable scientists to the dark side…but Helena was her mentor and Mara’s not about to move out and give up her inheritance without a fight. The problem is, living with someone means getting to know them. And the more Mara finds out about Liam, the harder it is to loathe him…and the easier it is to love him. To read Sadie and Hannah’s stories look for the novellas Stuck with You and Below Zero, coming soon from Berkley!",2022-05-03,0,133,Fiction,Penguin,en,"http://books.google.co.in/books?id=LNhOEAAAQBAJ&pg=PA1&dq=Bride+(Bride,+%231)+Ali+Hazelwood&hl=&cd=1&source=gbs_api","http://books.google.co.in/books?id=LNhOEAAAQBAJ&dq=Bride+(Bride,+%231)+Ali+Hazelwood&hl=&source=gbs_api",0593437810,9780593437810
"The Silverblood Promise (The Last Legacy, #1)",James   Logan,https://images-na.ssl-images-amazon.com/images/S/compressed.photo.goodreads.com/books/1683700544i/144736989.jpg,,,"'A fast-paced carnival of setbacks and skullduggery that reminds me of... me! Charming from the first twist to the last' Scott Lynch, author of THE LIES OF LOCKE LAMORA The first in an extraordinary new fantasy epic, perfect for fans of Nicholas Eames and James Islington! Lukan Gardova is a cardsharp, academy dropout, and - thanks to a duel that ended badly - the disgraced heir to an ancient noble house. His life consists of cheap wine, rigged card games and wondering how he might win back the life he threw away. When Lukan discovers that his estranged father has been murdered in strange circumstances, he finds fresh purpose. Deprived of his chance to make amends for his mistakes, he vows to unravel the mystery behind his father's death. His search for answers leads him to Saphrona, fabled city of merchant princes, where anything can be bought if one has the coin. Lukan only seeks the truth, but instead he finds danger and secrets in every shadow. For in Saphrona, everything has a price - and the price of truth is the deadliest of all. Readers love The Silverblood Promise 'The characters are beyond great' 5-star reader review 'Logan is a writer to watch' 5-star reader review 'Fantastic start to what is promising to be a spectacular series' 5-star reader review",2024-04-25,0,509,Fiction,Hachette UK,en,"http://books.google.co.in/books?id=Emq8EAAAQBAJ&printsec=frontcover&dq=The+Silverblood+Promise+(The+Last+Legacy,+%231)+James+++Logan&hl=&cd=1&source=gbs_api",https://play.google.com/store/books/details?id=Emq8EAAAQBAJ&source=gbs_api,1529432804,9781529432800
"Foul Days (The Witch's Compendium of Monsters, #1)",Genoveva Dimova,https://images-na.ssl-images-amazon.com/images/S/compressed.photo.goodreads.com/books/1694861642i/195791008.jpg,,,"'A fresh, gritty world bursting with wonderful characters'ALLISON SAFT, author of A Far Wilder Magic 'A fast-paced thrill ride with immersive worldbuilding' FRANCES WHITE, author of Voyage of the Damned As a witch in the walled city of Chernograd, Kosara has plenty of practice treating lycanthrope bites, bargaining with kikimoras, and slaying bloodsucking upirs. There's only one monster she can't defeat: her ex, the Zmey, known as the Tsar of Monsters. She's defied him one too many times and now he's hunting her. Betrayed by someone close to her, Kosara's only choice is to trade her shadow-the source of her powers-for a quick escape. Unfortunately, Kosara soon develops the deadly sickness that plagues shadowless witches-and only reclaiming her magic can cure her. To find it, she's forced to team up with a suspiciously honorable detective. Even worse, all the clues point in a single direction: To get her shadow back, Kosara will have to face the Foul Days' biggest threats without it. And she's only got twelve days. But in a city where everyone is out for themselves, who can Kosara trust to assist her in outwitting the biggest monster from her past? 'A brilliant modern fantasy that's not afraid to show its teeth.' ED MCDONALD, author of The Redwinter Chronicles Early reader reviews: 'This is a must read! Honestly I can't wait to read whatever Ms. Dimova comes up with next!' 'Delightfully witty and utterly charming' 'A truly breathless romp that grabs you from the very first page and doesn't let go' 'If you are unfamiliar with Balkan folklore, this is an excellent starting point.'",2024-06-25,0,418,Fiction,Hachette UK,en,"http://books.google.co.in/books?id=-4v1EAAAQBAJ&printsec=frontcover&dq=Foul+Days+(The+Witch%27s+Compendium+of+Monsters,+%231)+Genoveva+Dimova&hl=&cd=1&source=gbs_api",https://play.google.com/store/books/details?id=-4v1EAAAQBAJ&source=gbs_api,1035421003,9781035421008
Call of the Sea,Emily B. Rose,https://images-na.ssl-images-amazon.com/images/S/compressed.photo.goodreads.com/books/1695987451i/173223545.jpg,,,"Kenna has never wanted the life ahead of her; trapped in her castle and married to someone she does not love. She dreams of a life of adventure, exploring the ocean, searching for mermaids. Except mermaids don't exist. At least, that's what she has always been told. Unfortunately, her plans for exploration are thwarted. Every heir must wed, and with war on the horizon, her time is up. Five suitors are vying for her hand, but Kenna vowed never to marry someone only after her crown. Only, one of them doesn't seem to care about her title, refusing to even use it. Just as she begins to consider opening up to him, he disappears. Kenna chases after him and learns his secret, before a storm wrecks her boat. Finding herself stranded on an island with him, Kenna has no choice but to trust him to nurse her back to health. With the tension growing, and sparks she doesn't trust flying between them, Kenna has to decide how to balance the desires of her heart and her duty to her people. And how far she's willing to go to learn the whole truth.",2024-02-13,0,0,,Unknown,en,http://books.google.co.in/books?id=kocD0AEACAAJ&dq=Call+of+the+Sea+Emily+B.+Rose&hl=&cd=1&source=gbs_api,http://books.google.co.in/books?id=kocD0AEACAAJ&dq=Call+of+the+Sea+Emily+B.+Rose&hl=&source=gbs_api,,9798988483601
"That Time I Got Drunk and Saved a Demon (Mead Mishaps, #1)",Kimberly Lemming,https://images-na.ssl-images-amazon.com/images/S/compressed.photo.goodreads.com/books/1627439923i/58648147.jpg,,,"A USA Today Bestseller • An Amazon Best Book of January 2024 • An IndieNext List Pick ""One of the freshest voices in fantasy romance! This book has it all: spice, humor, and a world I want to get lost in."" —Katee Robert, New York Times bestselling author Spice trader Cinnamon’s quiet life is turned upside down when she ends up on a quest with a fiery demon, in this irreverently quirky rom-com fantasy that is sweet, steamy, and funny as hell. All she wanted to do was live her life in peace—maybe get a cat, expand the family spice farm. Really, anything that didn’t involve going on an adventure where an orc might rip her face off. But they say the goddess has favorites, and if so, Cin is clearly not one of them. After Cin saves the demon Fallon in a wine-drunk stupor, Fallon reveals that all he really wants to do is kill an evil witch enslaving his people. And who can blame him? But now he’s dragging Cinnamon along for the ride whether she likes it or not. On the bright side, at least he keeps burning off his shirt.… Praise for the Mead Mishaps series: ""A hilarious, down-to-earth romance with magic, adventure, and intrigue. What's not to love?"" —Talia Hibbert ""Sexy, witty, and fun as hell—That Time I Got Drunk and Saved a Demon is the instant mood-boost we all need."" —Hannah Whitten ""Hilarious, hot and full of heart, That Time I Got Drunk And Saved A Demon is exactly what you need in your life. Right now. Go pick it up because it is the cure to any reading funk and might even clear up acne. I’m serious. It’s that good."" —Avery Flynn",2023-05-23,0,204,Fiction,Orbit,en,"http://books.google.co.in/books?id=9TesEAAAQBAJ&dq=That+Time+I+Got+Drunk+and+Saved+a+Demon+(Mead+Mishaps,+%231)+Kimberly+Lemming&hl=&cd=1&source=gbs_api","http://books.google.co.in/books?id=9TesEAAAQBAJ&dq=That+Time+I+Got+Drunk+and+Saved+a+Demon+(Mead+Mishaps,+%231)+Kimberly+Lemming&hl=&source=gbs_api",0316570265,9780316570268
A Song to Drown Rivers,Ann Liang,https://images-na.ssl-images-amazon.com/images/S/compressed.photo.goodreads.com/books/1727713627i/203578730.jpg,,,"‘Exquisite and devastating. It won’t fail to move you’ – Shelley Parker-Chan, author of She Who Became the Sun Inspired by the legend of Xishi, one of the famous Four Beauties of Ancient China, A Song to Drown Rivers is an epic historical fantasy about womanhood, war, sacrifice and love against all odds as the fate of two kingdoms hangs in a delicate balance. Her beauty hides a deadly purpose . . . Since birth, Xishi’s extraordinary beauty has been seen as a blessing. When Xishi draws the attention of the famous young military advisor Fanli, he presents her with a rare opportunity: to use her beauty as a weapon. One that could topple the rival neighbouring kingdom, improve the lives of her people and avenge her sister’s murder. All she has to do is infiltrate the enemy palace as a spy and seduce their immoral king. What neither Xishi nor Fanli expect is the doomed attraction that ignites between them. Even worse, Xishi soon finds herself under the hungry gaze of the king and his advisors. Despite his gentleness, a brutality lurks and Xishi knows she can never let her guard down. But the higher she climbs in the court, the further she and Fanli have to fall. And if she is unmasked as a traitor, she will bring both kingdoms down . . . 'An elegant historical epic' – Samantha Shannon, author of The Priory of the Orange Tree ‘Stunning and heart-rending’ – Chloe Gong, author of Immortal Longings",2024-10-03,0,290,Fiction,Pan Macmillan,en,http://books.google.co.in/books?id=nBvxEAAAQBAJ&pg=PP1&dq=A+Song+to+Drown+Rivers+Ann+Liang&hl=&cd=1&source=gbs_api,https://play.google.com/store/books/details?id=nBvxEAAAQBAJ&source=gbs_api,1035050420,9781035050420
"That Time I Got Drunk and Yeeted a Love Potion at a Werewolf (Mead Mishaps, #2)",Kimberly Lemming,https://images-na.ssl-images-amazon.com/images/S/compressed.photo.goodreads.com/books/1650710036i/60865821.jpg,,,"A USA Today Bestseller • An Amazon Best Book of January 2024 • An IndieNext List Pick ""One of the freshest voices in fantasy romance! This book has it all: spice, humor, and a world I want to get lost in."" —Katee Robert, New York Times bestselling author Spice trader Cinnamon’s quiet life is turned upside down when she ends up on a quest with a fiery demon, in this irreverently quirky rom-com fantasy that is sweet, steamy, and funny as hell. All she wanted to do was live her life in peace—maybe get a cat, expand the family spice farm. Really, anything that didn’t involve going on an adventure where an orc might rip her face off. But they say the goddess has favorites, and if so, Cin is clearly not one of them. After Cin saves the demon Fallon in a wine-drunk stupor, Fallon reveals that all he really wants to do is kill an evil witch enslaving his people. And who can blame him? But now he’s dragging Cinnamon along for the ride whether she likes it or not. On the bright side, at least he keeps burning off his shirt.… Praise for the Mead Mishaps series: ""A hilarious, down-to-earth romance with magic, adventure, and intrigue. What's not to love?"" —Talia Hibbert ""Sexy, witty, and fun as hell—That Time I Got Drunk and Saved a Demon is the instant mood-boost we all need."" —Hannah Whitten ""Hilarious, hot and full of heart, That Time I Got Drunk And Saved A Demon is exactly what you need in your life. Right now. Go pick it up because it is the cure to any reading funk and might even clear up acne. I’m serious. It’s that good."" —Avery Flynn",2023-05-23,0,204,Fiction,Orbit,en,"http://books.google.co.in/books?id=9TesEAAAQBAJ&dq=That+Time+I+Got+Drunk+and+Yeeted+a+Love+Potion+at+a+Werewolf+(Mead+Mishaps,+%232)+Kimberly+Lemming&hl=&cd=1&source=gbs_api","http://books.google.co.in/books?id=9TesEAAAQBAJ&dq=That+Time+I+Got+Drunk+and+Yeeted+a+Love+Potion+at+a+Werewolf+(Mead+Mishaps,+%232)+Kimberly+Lemming&hl=&source=gbs_api",0316570265,9780316570268
"Untitled (The Roots of Chaos, #2)",Samantha    Shannon,https://images-na.ssl-images-amazon.com/images/S/compressed.photo.goodreads.com/nophoto/book/111x148.png,,,"The purpose of Grammar for Teachers is to encourage readers to develop a solid understanding of the use and function of grammatical structures in American English. It approaches grammar from a descriptive rather than a prescriptive approach; however, throughout the book differences between formal and informal language, and spoken and written English are discussed. The book avoids jargon or excessive use of technical terminology. It makes the study of grammar interesting and relevant by presenting grammar in context and by using authentic material from a wide variety of sources.",2008-01-31,4,454,Education,Springer Science & Business Media,en,"http://books.google.co.in/books?id=vVBo4MmXS-4C&printsec=frontcover&dq=Untitled+(The+Roots+of+Chaos,+%232)+Samantha++++Shannon&hl=&cd=1&source=gbs_api","http://books.google.co.in/books?id=vVBo4MmXS-4C&dq=Untitled+(The+Roots+of+Chaos,+%232)+Samantha++++Shannon&hl=&source=gbs_api",0387763317,9780387763316
"A Dawn of Gods & Fury (Fate & Flame, #4)",K.A. Tucker,https://images-na.ssl-images-amazon.com/images/S/compressed.photo.goodreads.com/books/1704554979i/198971836.jpg,,,"""Prophecy always finds a way."" The will of the fates has come to pass. Monsters swarm from the depths, while dragons soar overhead. And the throne of Islor lies vacant¿ but not for long. Fleeing the merciless sirens, Tyree and Annika find themselves stranded on a distant shore. Forced together to survive, they find old magics and terrifying new enemies. For Romeria and Zander, the long-held secrets of the casters' magic reveal a chance to finally master the power that has held all their lives in the balance for too long. But with power comes betrayal. And sacrifices must be made. The final book in the captivating Fate & Flame series.",2025-01-20,0,0,Fiction,Unknown,en,"http://books.google.co.in/books?id=bshA0QEACAAJ&dq=A+Dawn+of+Gods+%26+Fury+(Fate+%26+Flame,+%234)+K.A.+Tucker&hl=&cd=1&source=gbs_api","http://books.google.co.in/books?id=bshA0QEACAAJ&dq=A+Dawn+of+Gods+%26+Fury+(Fate+%26+Flame,+%234)+K.A.+Tucker&hl=&source=gbs_api",1965322441,9781965322444
"The Lotus Empire (The Burning Kingdoms, #3)",Tasha Suri,https://images-na.ssl-images-amazon.com/images/S/compressed.photo.goodreads.com/books/1705078749i/59558627.jpg,,,"'Empire of Sand thoroughly swept me away' S. A. Chakraborty, author of CITY OF BRASS 'A darkly intricate, devastating, and utterly original story about the ways we are bound by those we love' R. F. Kuang, author of THE POPPY WAR A NOBLEMAN'S DAUGHTER WITH MAGIC IN HER BLOOD AN EMPIRE BUILT ON THE DREAMS OF ENSLAVED GODS Mehr is a girl trapped between two cultures. Her father comes from the ruling classes of the empire, but her mother's people were outcasts, Amrithi nomads who worshipped the spirits of the sands. Caught one night performing these forbidden rites, Mehr is brought to the attention of the Emperor's most feared mystics, who try to force her into their service by way of an arranged marriage. If she fails in their bidding, the gods themselves may awaken and seek vengeance... From British debut author Tasha Suri, Empire of Sand is a lush and beautiful tale set in a magical world inspired by medieval India. 'Draws you into an intricately realised world of blood and secrets. An arresting and magical history told through the eyes of an indomitable heroine. I cannot ask for more' Jeannette Ng 'Astounding . . . the epic story set my heart free' Fran Wilde 'The best fantasy novel I have read this year' Miles Cameron TASHA SURI is a librarian in London. Follow her on twitter at @tashadrinkstea for updates. Look out for Realm of Ash and The Jasmine Throne.",2018-11-13,0,327,Fiction,Hachette UK,en,"http://books.google.co.in/books?id=MBBmDwAAQBAJ&printsec=frontcover&dq=The+Lotus+Empire+(The+Burning+Kingdoms,+%233)+Tasha+Suri&hl=&cd=1&source=gbs_api",https://play.google.com/store/books/details?id=MBBmDwAAQBAJ&source=gbs_api,0356511995,9780356511993
"Faebound (Faebound, #1)",Saara El-Arifi,https://images-na.ssl-images-amazon.com/images/S/compressed.photo.goodreads.com/books/1695755226i/157981739.jpg,,,"NATIONAL BESTSELLER • Two elven sisters become imprisoned in the intoxicating world of the fae, where danger and love lie in wait. Faebound is the first book in an enchanting new trilogy from the Sunday Times bestselling author of The Final Strife. “A romantic fantasy of epic proportions, crackling with magic and passion.”—Samantha Shannon, bestselling author of The Priory of the Orange Tree Yeeran was born on the battlefield, has lived on the battlefield, and one day, she knows, she’ll die on the battlefield. As a warrior in the elven army, Yeeran has known nothing but violence her whole life. Her sister, Lettle, is trying to make a living as a diviner, seeking prophecies of a better future. When a fatal mistake leads to Yeeran’s exile from the Elven Lands, both sisters are forced into the terrifying wilderness beyond their borders. There they encounter the impossible: the fae court. The fae haven’t been seen for a millennium. But now Yeeran and Lettle are thrust into their seductive world, torn among their loyalties to each other, their elven homeland, and their hearts. Book One of the Faebound Trilogy Don’t miss any of Saara El-Arifi’s magical Faebound Trilogy: FAEBOUND • CURSEBOUND",2024-08-27,0,401,Fiction,Random House,en,"http://books.google.co.in/books?id=iZsREQAAQBAJ&pg=PP4&dq=Faebound+(Faebound,+%231)+Saara+El-Arifi&hl=&cd=1&source=gbs_api","http://books.google.co.in/books?id=iZsREQAAQBAJ&dq=Faebound+(Faebound,+%231)+Saara+El-Arifi&hl=&source=gbs_api",0593723023,9780593723029
"The Daughters' War (Blacktongue, #0)",Christopher Buehlman,https://images-na.ssl-images-amazon.com/images/S/compressed.photo.goodreads.com/books/1699374747i/198112184.jpg,,,"A man must confront a terrifying evil in this captivating horror novel that’s “as much F. Scott Fitzgerald as Dean Koontz.”* Haunted by memories of the Great War, failed academic Frank Nichols and his wife have arrived in the sleepy Georgia town of Whitbrow, where Frank hopes to write a history of his family’s old estate—the Savoyard Plantation—and the horrors that occurred there. At first their new life seems to be everything they wanted. But under the facade of summer socials and small-town charm, there is an unspoken dread that the townsfolk have lived with for generations. A presence that demands sacrifice. It comes from the shadowy woods across the river, where the ruins of the Savoyard Plantation still stand. Where a long-smoldering debt of blood has never been forgotten. Where it has been waiting for Frank Nichols....",2011-09-06,4,255,Fiction,Penguin,en,"http://books.google.co.in/books?id=HLIO1zNqt10C&printsec=frontcover&dq=The+Daughters%27+War+(Blacktongue,+%230)+Christopher+Buehlman&hl=&cd=1&source=gbs_api",https://play.google.com/store/books/details?id=HLIO1zNqt10C&source=gbs_api,1101543868,9781101543863
"The Trials of Empire (Empire of the Wolf, #3)",Richard  Swan,https://images-na.ssl-images-amazon.com/images/S/compressed.photo.goodreads.com/books/1697516081i/60028924.jpg,,,"The time is the Beginning. The place is Heaven. The story is the Revolt of the Angels—a war of magic, corruption and intrigue that could destroy the universe. To Reign in Hell was Stephen Brust's second novel, and it's a thrilling retelling of the revolt of the angels, through the lens of epic fantasy. At the Publisher's request, this title is being sold without Digital Rights Management Software (DRM) applied.",2007-04-01,4,288,Fiction,Orb Books,en,"http://books.google.co.in/books?id=p5Z4rIvvv_4C&printsec=frontcover&dq=The+Trials+of+Empire+(Empire+of+the+Wolf,+%233)+Richard++Swan&hl=&cd=1&source=gbs_api",https://play.google.com/store/books/details?id=p5Z4rIvvv_4C&source=gbs_api,1429910739,9781429910736
"That Time I Got Drunk And Saved a Human (Mead Mishaps, #3)",Kimberly Lemming,https://images-na.ssl-images-amazon.com/images/S/compressed.photo.goodreads.com/books/1684867278i/122752652.jpg,,,"A USA Today Bestseller • An Amazon Best Book of January 2024 • An IndieNext List Pick ""One of the freshest voices in fantasy romance! This book has it all: spice, humor, and a world I want to get lost in."" —Katee Robert, New York Times bestselling author Spice trader Cinnamon’s quiet life is turned upside down when she ends up on a quest with a fiery demon, in this irreverently quirky rom-com fantasy that is sweet, steamy, and funny as hell. All she wanted to do was live her life in peace—maybe get a cat, expand the family spice farm. Really, anything that didn’t involve going on an adventure where an orc might rip her face off. But they say the goddess has favorites, and if so, Cin is clearly not one of them. After Cin saves the demon Fallon in a wine-drunk stupor, Fallon reveals that all he really wants to do is kill an evil witch enslaving his people. And who can blame him? But now he’s dragging Cinnamon along for the ride whether she likes it or not. On the bright side, at least he keeps burning off his shirt.… Praise for the Mead Mishaps series: ""A hilarious, down-to-earth romance with magic, adventure, and intrigue. What's not to love?"" —Talia Hibbert ""Sexy, witty, and fun as hell—That Time I Got Drunk and Saved a Demon is the instant mood-boost we all need."" —Hannah Whitten ""Hilarious, hot and full of heart, That Time I Got Drunk And Saved A Demon is exactly what you need in your life. Right now. Go pick it up because it is the cure to any reading funk and might even clear up acne. I’m serious. It’s that good."" —Avery Flynn",2023-05-23,0,204,Fiction,Orbit,en,"http://books.google.co.in/books?id=9TesEAAAQBAJ&dq=That+Time+I+Got+Drunk+And+Saved+a+Human+(Mead+Mishaps,+%233)+Kimberly+Lemming&hl=&cd=1&source=gbs_api","http://books.google.co.in/books?id=9TesEAAAQBAJ&dq=That+Time+I+Got+Drunk+And+Saved+a+Human+(Mead+Mishaps,+%233)+Kimberly+Lemming&hl=&source=gbs_api",0316570265,9780316570268
"The Weavers of Alamaxa (The Alamaxa Duology, #2)",Hadeer Elsbai,https://images-na.ssl-images-amazon.com/images/S/compressed.photo.goodreads.com/books/1690379450i/181110065.jpg,,,"Fetch Philips has nothing left to believe in. Which is why he's surprised when the people of Sunder City start to believe in him... Rumour has it that Fetch is only one who can bring magic back into the world. So when a man is murdered in a way that can only be explained as magical, Fetch is brought in on the case. A case which just might unearth things best left buried... This sequel to The Last Smile in Sunder City follows the adventures of Fetch Phillips - a character destined to be loved by readers of Ben Aaronovitch, Jim Butcher and Terry Pratchett's Discworld.",2020-09-22,0,481,Fiction,Hachette UK,en,"http://books.google.co.in/books?id=oZ2xDwAAQBAJ&pg=PA1&dq=The+Weavers+of+Alamaxa+(The+Alamaxa+Duology,+%232)+Hadeer+Elsbai&hl=&cd=1&source=gbs_api",https://play.google.com/store/books/details?id=oZ2xDwAAQBAJ&source=gbs_api,0356512916,9780356512914
"The Doors of Stone (The Kingkiller Chronicle, #3)",Patrick Rothfuss,https://images-na.ssl-images-amazon.com/images/S/compressed.photo.goodreads.com/nophoto/book/111x148.png,,,"In these pages you will come to know Kvothe the notorious magician, the accomplished thief, the masterful musician, the dragon-slayer, the legend-hunter, the lover, the thief and the infamous assassin.",2009-04-07,0,674,Fiction,Penguin,en,"http://books.google.co.in/books?id=5y6JEAAAQBAJ&dq=The+Doors+of+Stone+(The+Kingkiller+Chronicle,+%233)+Patrick+Rothfuss&hl=&cd=1&source=gbs_api","http://books.google.co.in/books?id=5y6JEAAAQBAJ&dq=The+Doors+of+Stone+(The+Kingkiller+Chronicle,+%233)+Patrick+Rothfuss&hl=&source=gbs_api",0756405890,9780756405892
"Lore of the Wilds (Lore of the Wilds, #1)",Analeigh Sbrana,https://images-na.ssl-images-amazon.com/images/S/compressed.photo.goodreads.com/books/1694885691i/195853531.jpg,,,"'Utterly absorbing and deliciously erotic' Angela Knight 'Hot, sexy, unique, intriguingly wicked' Christine Feehan True love brings a deadly threat to the Black Dagger Brotherhood in this sizzling new novel in J.R. Ward's No.1 New York Times bestselling series. Possessed by the demon Devina, Balthazar is once again on the hunt for the Book of Spells-and fighting an undeniable attraction to a woman. As a thief, he has stolen a lot of things...but he never thought his heart would be taken by another. Especially not a human. As a homicide detective, Erika Saunders knows there is something otherworldly going on in Caldwell, New York. Mutilated bodies that cannot be explained are all over her case list-and then there are her nightmares in which she's When Devina's wish for true love is finally granted, Balthazar and Erika unwittingly become the gateway for the rebirth hunted by shadows and captivated by a mysterious man who is both a suspect and a savior. of an old enemy of the Brothers. Will the very thing that brings them together lead to the ultimate destruction of the Brotherhood? Or will they have to lose everything in order to save the race's most sacred defenders? Find out why readers are OBSESSED with the Black Dagger Brotherhood... 'Insanely good! . . . Intensely romantic and straight up flipping steamy, violent and gruesome, heartbreaking and deep. Her addictive writing tells a story like none other' Goodreads reviewer 'I can't get enough of these sexy, tough, intriguing vampires' Amazon reviewer 'Emotional by epic proportions' Kobo reviewer 'The Black Dagger Brotherhood is a twisting, often surprising, but always awesome read' Amazon reviewer 'A must read' Goodreads reviewer 'The story had me captivated the whole way' Kobo reviewer 'Each and every character is compelling' Amazon reviewer",2022-04-05,0,462,Fiction,Hachette UK,en,"http://books.google.co.in/books?id=zQwqEAAAQBAJ&printsec=frontcover&dq=Lore+of+the+Wilds+(Lore+of+the+Wilds,+%231)+Analeigh+Sbrana&hl=&cd=1&source=gbs_api",https://play.google.com/store/books/details?id=zQwqEAAAQBAJ&source=gbs_api,0349430845,9780349430843
"Throne of Secrets (Prince of Sin, #2)",Kerri Maniscalco,https://images-na.ssl-images-amazon.com/images/S/compressed.photo.goodreads.com/books/1708793355i/204593559.jpg,,,"From the #1 New York Times bestselling author of the Stalking Jack the Ripper series comes the steamy conclusion to Kingdom of the Wicked trilogy. Two curses. One prophecy. A reckoning all have feared. And a love more powerful than fate. All hail the king and queen of Hell. Emilia is reeling from a shocking discovery about her sister, Vittoria. But before she faces the demons of her past, Emilia yearns to claim her king, the seductive Prince of Wrath, in the flesh. She doesn’t just desire his body; she wants his heart and soul—but that’s something the enigmatic demon can’t promise her. When a high-ranking member of House Greed is assassinated, damning evidence somehow points to Vittoria as the murderer. Now, Emilia will do anything to get to the bottom of these accusations against the sister she thought she knew. Together, Emilia and Wrath play a sin-fueled game of deception to solve the murder and stop the unrest that’s brewing between witches, demons, shape-shifters, and the most treacherous foes of all: the Feared. Emilia was warned that when it came to the Wicked, nothing was as it seemed. But have the true villains been much closer all along? #1 New York Times bestselling author Kerri Maniscalco delivers sizzling romance, sexy secrets, and unexpected twists in this unforgettable conclusion to the Kingdom of the Wicked series! Suggested for ages 16 and up.",2022-09-27,0,342,Young Adult Fiction,Hachette UK,en,"http://books.google.co.in/books?id=BrBXEAAAQBAJ&dq=Throne+of+Secrets+(Prince+of+Sin,+%232)+Kerri+Maniscalco&hl=&cd=1&source=gbs_api","http://books.google.co.in/books?id=BrBXEAAAQBAJ&dq=Throne+of+Secrets+(Prince+of+Sin,+%232)+Kerri+Maniscalco&hl=&source=gbs_api",0316342084,9780316342087
"Kingdom of the Forgotten (Witch Walker, #4)",Charissa Weaks,https://images-na.ssl-images-amazon.com/images/S/compressed.photo.goodreads.com/books/1693921407i/63853061.jpg,,,"??? ????? ????????? ????? ????? ??????? ????. ??'? ????? ????. ????? ???.????? ??????????Eight years ago, the Witch Collector stole her sister. Ever since, Raina has wanted one thing: her family, together and free. Now she longs for something more: the Frost King and his Witch Collector. Dead. And today, she'll make her wish come true.??? ????? ??????????Every autumn, Alexus Thibault travels from Winterhold to select a witch from each village for the Frost King's service. This time he rides to collect Raina Bloodgood, a young woman whose face he cannot forget, and whose secrets could save them all.??? ?????? ?? ???????????Thrust into an age-old story of ice, fire, and buried gods, Raina must abandon vengeance and join Alexus in a quest to save the Frost King, or let their world be destroyed. But when the lines between good and evil blur, how can she fulfill her vow-to kill the Witch Collector-when he's no longer the man who stole her sister, but the hero who's stealing her heart?",2021-10-14,0,370,Fiction,Unknown,en,"http://books.google.co.in/books?id=2O3bzQEACAAJ&dq=Kingdom+of+the+Forgotten+(Witch+Walker,+%234)+Charissa+Weaks&hl=&cd=1&source=gbs_api","http://books.google.co.in/books?id=2O3bzQEACAAJ&dq=Kingdom+of+the+Forgotten+(Witch+Walker,+%234)+Charissa+Weaks&hl=&source=gbs_api",1648980449,9781648980442
"Six Scorched Roses (Crowns of Nyaxia, #1.5)",Carissa Broadbent,https://images-na.ssl-images-amazon.com/images/S/compressed.photo.goodreads.com/books/1711665498i/123027751.jpg,,,"Her life for freedom. Her blood for love. Her soul for vengeance. Ripped from a forgotten homeland as a child, Tisaanah learned how to survive with nothing but a sharp wit and a touch of magic. But the night she tries to buy her freedom, she barely escapes with her life. Desperate to save the best friend she left behind, Tisaanah journeys to the Orders, the most powerful organizations of magic Wielders in the world. To join their ranks, she must complete an apprenticeship with Maxantarius Farlione, a handsome and reclusive fire wielder who despises the Orders. The Orders' intentions are cryptic, and Tisaanah must prove herself under the threat of looming war. But even more dangerous are her growing feelings for Maxantarius. The bloody past he wants to forget may be the key to her future... or the downfall of them both. Tisaanah will stop at nothing to save those she abandoned. Even if it means gambling in the Orders' deadly games. Even if it means sacrificing her heart. Even if it means wielding death itself. A tale of dark magic, passionate romance, vengeance and redemption, for fans of Carissa Broadbent's Crowns of Nyaxia series. Continue the series with Children of Fallen Gods, the captivating second book in the War of Lost Hearts trilogy.",2025-10-16,0,0,Fiction,Tor,en,"http://books.google.co.in/books?id=kQUb0QEACAAJ&dq=Six+Scorched+Roses+(Crowns+of+Nyaxia,+%231.5)+Carissa+Broadbent&hl=&cd=1&source=gbs_api","http://books.google.co.in/books?id=kQUb0QEACAAJ&dq=Six+Scorched+Roses+(Crowns+of+Nyaxia,+%231.5)+Carissa+Broadbent&hl=&source=gbs_api",1035070839,9781035070831
"Sunbringer (Fallen Gods, #2)",Hannah Kaner,https://images-na.ssl-images-amazon.com/images/S/compressed.photo.goodreads.com/books/1698687061i/124941442.jpg,,,"Drowned, set in the idyllic countryside during a short-lived Swedish summer, gets under one’s skin from the first page, creating an atmosphere of foreboding in which even the perfume of freshly picked vegetables roasting in the kitchen becomes ominous. Marina has left behind her stalled relationship and floundering career in Stockholm to visit her sister in rural Skåne, where she lives in a house full of books, gorgeous flowers and, as Marina soon learns, many secrets. Nothing is as it seems in this spellbinding novel of psychological suspense that combines hothouse sensuality with ice-cold fear on every page. More than a mere thriller, this debut novel delves deep into the feminine soul and at the same time exposes the continuing oppression of women in Sweden’s supposedly enlightened society. Mixing hothouse sensuality with ice-cold fear on every page, Drowned heralds the emergence of a major new talent on the international scene.",2012-05-22,2,225,Fiction,"Other Press, LLC",en,"http://books.google.co.in/books?id=SB7RstWUgewC&printsec=frontcover&dq=Sunbringer+(Fallen+Gods,+%232)+Hannah+Kaner&hl=&cd=1&source=gbs_api",https://play.google.com/store/books/details?id=SB7RstWUgewC&source=gbs_api,1590515250,9781590515259
Voyage of the Damned,Frances   White,https://images-na.ssl-images-amazon.com/images/S/compressed.photo.goodreads.com/books/1682712457i/135802269.jpg,,,"The Sunday Times bestselling murder mystery debut with magical passengers, epic adventure, and a twist you can’t guess If Agatha Christie wrote fantasy, this would be it! ----------- For a thousand years, Concordia has maintained peace between its provinces. To mark this incredible feat, the Emperor’s ship embarks upon a twelve-day voyage to the sacred Goddess’s Mountain. Aboard are the heirs of the twelve provinces of Concordia, each graced with a unique and secret magical ability known as a Blessing. Except one: Ganymedes Piscero – class clown, slacker, and all-round disappointment. But when a beloved heir is murdered, every one of these powerful people becomes a suspect. Now Ganymedes – alone and vulnerable without a Blessing – must become the hero he was never born to be. With the body-count rising, can he unmask the killer before they reach the shore? -- Praise for Voyage of the Damned: ‘Agatha Christie with glitter magic."" I’m totally here for it. Both funny and flirty as it deals with class, snobbery and sexuality amongst all the magic and murder. Hugely entertaining’ Herald ‘A brilliantly clever tale full of heart-warming characters, riveting twists and a gloriously conceived world’ Bea Fitzgerald, bestselling author of Girl, Goddess, Queen",2024-01-18,0,289,Fiction,Random House,en,http://books.google.co.in/books?id=X1O6EAAAQBAJ&pg=PT2&dq=Voyage+of+the+Damned+Frances+++White&hl=&cd=1&source=gbs_api,https://play.google.com/store/books/details?id=X1O6EAAAQBAJ&source=gbs_api,1405956607,9781405956604
The Djinn Waits a Hundred Years,Shubnum Khan,https://images-na.ssl-images-amazon.com/images/S/compressed.photo.goodreads.com/books/1685352104i/127464148.jpg,,,"A NEW YORK TIMES BOOK REVIEW EDITOR'S CHOICE ""Rich and swoony...an ambitious delight, with rich characters and some exceptionally lovely writing...This is the start of a major career."" -- The New York Times Book Review AN INDIE NEXT PICK A LIBRARY READS PICK “A dark and heady dream of a book” (Alix E. Harrow) about a ruined mansion by the sea, the djinn that haunts it, and a curious girl who unearths the tragedy that happened there a hundred years previous Akbar Manzil was once a grand estate off the coast of South Africa. Nearly a century later, it stands in ruins: an isolated boardinghouse for eclectic misfits, seeking solely to disappear into the mansion’s dark corridors. Except for Sana. Unlike the others, she is curious and questioning and finds herself irresistibly drawn to the history of the mansion: To the eerie and forgotten East Wing, home to a clutter of broken and abandoned objects—and to the door at its end, locked for decades. Behind the door is a bedroom frozen in time and a worn diary that whispers of a dark past: the long-forgotten story of a young woman named Meena, who died there tragically a hundred years ago. Watching Sana from the room’s shadows is a besotted, grieving djinn, an invisible spirit who has haunted the mansion since her mysterious death. Obsessed with Meena’s story, and unaware of the creature that follows her, Sana digs into the past like fingers into a wound, dredging up old and terrible secrets that will change the lives of everyone living and dead at Akbar Manzil. Sublime, heart-wrenching, and lyrically stunning, The Djinn Waits a Hundred Years is a haunting, a love story, and a mystery, all twined beautifully into one young girl’s search for belonging.",2025-01-07,0,321,Fiction,Penguin Group,en,http://books.google.co.in/books?id=1k0tEQAAQBAJ&pg=PP6&dq=The+Djinn+Waits+a+Hundred+Years+Shubnum+Khan&hl=&cd=1&source=gbs_api,http://books.google.co.in/books?id=1k0tEQAAQBAJ&dq=The+Djinn+Waits+a+Hundred+Years+Shubnum+Khan&hl=&source=gbs_api,0593653475,9780593653470
"Queens of Mist and Madness (Fae Isles, #4)",Lisette Marshall,https://images-na.ssl-images-amazon.com/images/S/compressed.photo.goodreads.com/books/1705005213i/201127804.jpg,,,"All my life, I've dreamed of the sea.Mermaids, stormy skies, daring adventures, pirates?it was little wonder I sprinted to the docks the moment I left the orphanage. Eager to begin my new life, I searched for a ship that would have me-and found a thief instead. I chased the bastard.Now I'm trapped.I'm told this place is Neverland, but everything I touch is dead or dying; what's left is hellbent on killing each other. Monsters lurk around every corner, and everyone I meet hides a damning secret. I'm thrust in the middle of a deadly feud, and the only one capable of unraveling the curse that plagues us.Neverland is my home now. Until it's done with me?It will never let go.Peter Pan meets Pirates of the Caribbean in A Land of Never After, but reader beware: this children's tale has been reimagined for adult lovers of all things dark and deadly. Content warnings include language, violence, and mentions of gender dysphoria and suicide.",2021-10-26,0,214,,Unknown,en,"http://books.google.co.in/books?id=seRizgEACAAJ&dq=Queens+of+Mist+and+Madness+(Fae+Isles,+%234)+Lisette+Marshall&hl=&cd=1&source=gbs_api","http://books.google.co.in/books?id=seRizgEACAAJ&dq=Queens+of+Mist+and+Madness+(Fae+Isles,+%234)+Lisette+Marshall&hl=&source=gbs_api",1735131547,9781735131542
How to Become the Dark Lord and Die Trying (Dark Lord Davi #1),Django Wexler,https://images-na.ssl-images-amazon.com/images/S/compressed.photo.goodreads.com/books/1687359828i/179911444.jpg,,,"A NOVEL OF LOVE AND DEATH, IN NO PARTICULAR ORDER The words were gentle strokes, drawing her awake. ""Hello. Hello there."" She felt the light on her eyelids, and knew that if she opened her eyes they would sting, and she would have to shade them with her palm and let the light bleed through a crack. ""Feel like talking?"" A man's soft voice. And then her mind cleared enough to wonder: who was this man at her bedside? She tried to sigh, but no breath came. Her eyes flew open in alarm. The Minus Eighty . . . Where millionaires browse the catalogue of icy women, judging on beauty ratings and revival costs. Where a freezer's gentle hum plays the background symphony for the world's most expensive first dates. Where death is only the beginning. Love Minus Eighty is a disquieting vision of our romantic future, as hopeful as it is horrifying, by a Hugo Award-winning author.",2013-06-11,5,399,Fiction,Hachette UK,en,http://books.google.co.in/books?id=lC9vQf9-B50C&printsec=frontcover&dq=How+to+Become+the+Dark+Lord+and+Die+Trying+(Dark+Lord+Davi+%231)+Django+Wexler&hl=&cd=1&source=gbs_api,https://play.google.com/store/books/details?id=lC9vQf9-B50C&source=gbs_api,1405521686,9781405521680
"The Hidden Queen (Nightfall Saga, #2)",Peter V. Brett,https://images-na.ssl-images-amazon.com/images/S/compressed.photo.goodreads.com/books/1690992003i/174146942.jpg,,,"The second book in The Nightfall Saga, the stunning new epic fantasy series set in the world of The Demon Cycle, from New York Times bestselling author Peter V. Brett “Heart-wrenching, smart, and modern . . . The Desert Princehas set a new standard for fantasy.”—Wesley Chu, author of The War Arts Saga Humanity thought the war with demonkind was over. Now, after less than a generation to rebuild, the demon corelings have returned with a vengeance. The Spear of Ala—the fortress that stands at the gates of the demon’s hive—is the last bastion against the horde, and reports say it may already have fallen. Olive Paper is expected to take the vanguard in the fight. Only an heir of Kaji can wield the artifact that opens the gates of the Spear of Ala, and as Ahmann Jardir’s child, Olive seems destined for a role as leader and savior. But Olive does not wish to follow in her father’s footsteps any more than she did her mother’s. Darin Bales was born with supernatural senses that he struggles to process, and even those who love him believe he can barely take care of himself. Yet to save his mother from the clutches of Alagai Ka, the demon king, Darin will brave anything to mount a rescue. Darin and Olive each strive to walk their own path but find themselves inextricably tied to the legacies of their parents and to a fated confrontation with the demon king and his new hatchling queen. If they fail, humanity may not survive.",2025-03-25,0,609,Fiction,Random House,en,"http://books.google.co.in/books?id=nBs1EQAAQBAJ&printsec=frontcover&dq=The+Hidden+Queen+(Nightfall+Saga,+%232)+Peter+V.+Brett&hl=&cd=1&source=gbs_api","http://books.google.co.in/books?id=nBs1EQAAQBAJ&dq=The+Hidden+Queen+(Nightfall+Saga,+%232)+Peter+V.+Brett&hl=&source=gbs_api",1984817132,9781984817136
"Books & Broadswords, Volume One",Jessie Mihalik,https://images-na.ssl-images-amazon.com/images/S/compressed.photo.goodreads.com/books/1706835678i/206756468.jpg,,,"This novella-length volume includes two romantic fantasy stories set in a shared world, each with a guaranteed happily ever after, plus a new bonus epilogue. Books & Broadswords The only thing Feora likes more than stealing the king’s gold is using it to buy books. But when a handsome, persistent knight interrupts her day, Feora must decide if saving his life is worth revealing her true nature. Rocks & Rapiers Zenira never wanted to sell her rock collection, but when the new landowner raises her rent, she’s out of options. Armed with a sketchy rumor about a collector who will pay for stones others might consider worthless, Zenira sets out, but she’s met with an icy scowl, a muddy manor, and the overwhelming urge to mend the mess—owner included.",2024-06-11,0,149,Fiction,NYLA,en,"http://books.google.co.in/books?id=izPyEAAAQBAJ&pg=PP1&dq=Books+%26+Broadswords,+Volume+One+Jessie+Mihalik&hl=&cd=1&source=gbs_api",https://play.google.com/store/books/details?id=izPyEAAAQBAJ&source=gbs_api,1641972831,9781641972833
The Marble Queen,Anna Kopp,https://images-na.ssl-images-amazon.com/images/S/compressed.photo.goodreads.com/books/1647024921i/57130693.jpg,,,"A sapphic YA graphic novel with sword fighting, political intrigue and magic where the princess needs a marriage alliance for the welfare of her kingdom, but she unknowingly accepts a proposal from a mysterious country, having come not from the prince, but his sister. The Marble Queen is a YA fantasy graphic novel that’s the political drama of Nimona meets the heartfelt romance of The Princess and the Dressmaker, but this time in a sapphic romance surrounded by a mist of magic. Princess Amelia’s kingdom, Marion, is in shambles after months of their trade routes being ravaged by pirates. Now, it seems the only option left for her is to save it through a marriage alliance. When she gets an exorbitant offer from the royalty of Iliad—a country shrouded in mystery—Amelia accepts without question and leaves her home to begin a new life. But she lands on Iliad’s shores to find that her betrothed isn't the country’s prince, but the recently coronated Queen Salira. Shocked, Amelia tries to make sense of her situation and her confused heart: Salira has awakened strange new feelings inside her, but something dark hides behind the queen's sorrowful eyes. Amelia must fight the demons of her own anxiety disorder before she can tackle her wife's, all while war looms on the horizon.",2024-03-05,0,340,Young Adult Fiction,Dark Horse Comics,en,http://books.google.co.in/books?id=neZnEAAAQBAJ&pg=PT4&dq=The+Marble+Queen+Anna+Kopp&hl=&cd=1&source=gbs_api,https://play.google.com/store/books/details?id=neZnEAAAQBAJ&source=gbs_api,1506728138,9781506728131
"Children of Anguish and Anarchy (Legacy of Orïsha, #3)",Tomi Adeyemi,https://images-na.ssl-images-amazon.com/images/S/compressed.photo.goodreads.com/books/1706806004i/68310983.jpg,,,"Zľie Adebola remembers when the soil of Ors̐ha hummed with magic. Burners ignited flames, Tiders beckoned waves, and Zľie's Reaper mother summoned forth souls.",2018-03-06,4.5,543,Young Adult Fiction,Henry Holt Books For Young Readers,en,"http://books.google.co.in/books?id=Yp9GDwAAQBAJ&dq=Children+of+Anguish+and+Anarchy+(Legacy+of+Or%C3%AFsha,+%233)+Tomi+Adeyemi&hl=&cd=1&source=gbs_api","http://books.google.co.in/books?id=Yp9GDwAAQBAJ&dq=Children+of+Anguish+and+Anarchy+(Legacy+of+Or%C3%AFsha,+%233)+Tomi+Adeyemi&hl=&source=gbs_api",1250170974,9781250170972
The Dance of Shadows,Rogba Payne,https://images-na.ssl-images-amazon.com/images/S/compressed.photo.goodreads.com/books/1697337484i/123345328.jpg,,,"Rumi and his family are Odu, stricken with poverty and disparaged by the other tribes. When ruthless agents of the Palmaine - the colonising nation that dominates the continent of Basmine - threaten to destroy the village market, Rumi takes it upon himself to liberate his family. Taking a place in the prestigious Golden Room, where earnings from his music offer a chance at freedom, he shoulders his pride and resentment in a bid to make it to the top. On what should be Rumi's greatest night at the Golden Room, his life is turned upside down. A terrifying individual known as the Priest of Vultures attacks Rumi and his family. Before her death, Rumi's mother, Adunola, solicits the help of a dying god and saves Rumi, setting him on the path to become a Shadowwielder: warriors with the ability to use their shadow as a weapon. But Rumi's need for vengeance may be more important to him than the future of his people...",2024-04-18,0,464,Fiction,Hachette UK,en,http://books.google.co.in/books?id=BY6zEAAAQBAJ&pg=PT373&dq=The+Dance+of+Shadows+Rogba+Payne&hl=&cd=1&source=gbs_api,https://play.google.com/store/books/details?id=BY6zEAAAQBAJ&source=gbs_api,1399612646,9781399612647
The Concealed (Heir of Earth and Sky #1),S.K. Horton,https://images-na.ssl-images-amazon.com/images/S/compressed.photo.goodreads.com/books/1709390665i/208091772.jpg,,,"A groundbreaking contribution to the history of the ""long Civil Rights movement,"" Hammer and Hoe tells the story of how, during the 1930s and 40s, Communists took on Alabama's repressive, racist police state to fight for economic justice, civil and political rights, and racial equality. The Alabama Communist Party was made up of working people without a Euro-American radical political tradition: devoutly religious and semiliterate black laborers and sharecroppers, and a handful of whites, including unemployed industrial workers, housewives, youth, and renegade liberals. In this book, Robin D. G. Kelley reveals how the experiences and identities of these people from Alabama's farms, factories, mines, kitchens, and city streets shaped the Party's tactics and unique political culture. The result was a remarkably resilient movement forged in a racist world that had little tolerance for radicals. After discussing the book's origins and impact in a new preface written for this twenty-fifth-anniversary edition, Kelley reflects on what a militantly antiracist, radical movement in the heart of Dixie might teach contemporary social movements confronting rampant inequality, police violence, mass incarceration, and neoliberalism.",2015-08-03,5,412,History,UNC Press Books,en,http://books.google.co.in/books?id=amC0CAAAQBAJ&printsec=frontcover&dq=The+Concealed+(Heir+of+Earth+and+Sky+%231)+S.K.+Horton&hl=&cd=1&source=gbs_api,http://books.google.co.in/books?id=amC0CAAAQBAJ&dq=The+Concealed+(Heir+of+Earth+and+Sky+%231)+S.K.+Horton&hl=&source=gbs_api,1469625490,9781469625492
"Blood at the Root (Blood at the Root, #1)",LaDarrion Williams,https://images-na.ssl-images-amazon.com/images/S/compressed.photo.goodreads.com/books/1698150162i/198688474.jpg,,,"""[A] vital investigation of Forsyth’s history, and of the process by which racial injustice is perpetuated in America."" —U.S. Congressman John Lewis Forsyth County, Georgia, at the turn of the twentieth century, was home to a large African American community that included ministers and teachers, farmers and field hands, tradesmen, servants, and children. But then in September of 1912, three young black laborers were accused of raping and murdering a white girl. One man was dragged from a jail cell and lynched on the town square, two teenagers were hung after a one-day trial, and soon bands of white “night riders” launched a coordinated campaign of arson and terror, driving all 1,098 black citizens out of the county. The charred ruins of homes and churches disappeared into the weeds, until the people and places of black Forsyth were forgotten. National Book Award finalist Patrick Phillips tells Forsyth’s tragic story in vivid detail and traces its long history of racial violence all the way back to antebellum Georgia. Recalling his own childhood in the 1970s and ’80s, Phillips sheds light on the communal crimes of his hometown and the violent means by which locals kept Forsyth “all white” well into the 1990s. In precise, vivid prose, Blood at the Root delivers a ""vital investigation of Forsyth’s history, and of the process by which racial injustice is perpetuated in America"" (Congressman John Lewis).",2016-09-20,0,263,History,W. W. Norton & Company,en,"http://books.google.co.in/books?id=Ft6aCwAAQBAJ&printsec=frontcover&dq=Blood+at+the+Root+(Blood+at+the+Root,+%231)+LaDarrion+Williams&hl=&cd=1&source=gbs_api",https://play.google.com/store/books/details?id=Ft6aCwAAQBAJ&source=gbs_api,0393293025,9780393293029
Blood and War,Belle  Walker,https://images-na.ssl-images-amazon.com/images/S/compressed.photo.goodreads.com/books/1708978977i/209181932.jpg,,,"Loyalty and love can ruin you. But hope is the deadliest of all. For ten years Demitria Collins has fought the creatures of nightmares to protect the one person she has left. With a rising string of demon attacks on the forefront, she knows it's only a matter of time until they're next. But when a routine patrol goes awry, and Demitria has a fated encounter with the legendary Horsemen known as War, everything she fought for is threatened. Including her life. Kellan, one of the Four Horsemen of the Apocalypse, has been sent to Earth by the High Council of Eden to restore the balance with his siblings. Dispatched on their newest assignment, he expected the task to be simple. Not for his charge to be human. When a split second decision leaves even more blood on his hands, Kellan has questions for the council- Ones they won't answer. The warrior should embody everything Demitria hates, but a growing darkness forces them into an unlikely allegiance to uncover a deadly truth. When an inexplicable pull complicates matters even worse, and that unyielding hostility turns into something beautiful and fiery that breaks through every belief they've ever had, both know the consequences will be deadly. But together, they might stand a chance to restore order before the ultimate destruction of a planet that she, and the High Council, hold dear. BLOOD AND WAR is a new adult romantasy by debut author Belle Walker. Combining the epic journey and heart stopping romance of A COURT OF THORNS AND ROSES, the scorching spice from FALL OF RUIN AND WRATH, and the dark vibes of SUPERNATURAL, this story will appeal to fans of heated romance with high stakes!",2024-10-15,0,0,Fiction,Unknown,en,http://books.google.co.in/books?id=hpPU0AEACAAJ&dq=Blood+and+War+Belle++Walker&hl=&cd=1&source=gbs_api,http://books.google.co.in/books?id=hpPU0AEACAAJ&dq=Blood+and+War+Belle++Walker&hl=&source=gbs_api,1964505097,9781964505091
"Mistress of Lies (The Age of Blood, #1)",K.M.  Enright,https://images-na.ssl-images-amazon.com/images/S/compressed.photo.goodreads.com/books/1697019847i/63106097.jpg,,,"With the ghostly help of the First Rider, Karigan G'ladheon had transported the corrupt spirit of Mornhavon the Black into the future, buying valuable time for her king and country. But how far in the future is Mornhavon now? A hundred years? Ten years? Only one year? There's no way to tell. So though the immediate threat has passed, Mornhavon's shadow still lies heavily on the land, and on their minds ... although there are threats closer to home as well. The D'Yer Wall, protecting Sacoridia from the dark, corrupted Blackveil forest, remains breached despite Karigan and her fellow Riders best efforts. They've scoured the land searching for lost documents and magical clues to help mend the breach, fend off any incursions from Blackveil Forest and, more pressingly, protect them from Mornhavon's return. Nor is the breach in the wall the only danger. Mornhavon may have gone, but the descendants of his people remain and they're ready to claim the land that their forefathers failed to conquer. These vengeful enemies, hidden within the peaceful borders of Sacoridia, have spent generations honing their dark magic ready to strike - and ensuring that their blow, when it comes, will be one that Karigan and the Sacordians have no defence against ...",2011-04-01,0,523,Fiction,Gollancz,en,"http://books.google.co.in/books?id=AQ-ABAAAQBAJ&dq=Mistress+of+Lies+(The+Age+of+Blood,+%231)+K.M.++Enright&hl=&cd=1&source=gbs_api","http://books.google.co.in/books?id=AQ-ABAAAQBAJ&dq=Mistress+of+Lies+(The+Age+of+Blood,+%231)+K.M.++Enright&hl=&source=gbs_api",0575099909,9780575099906
"A Curse of Breath and Blood (The Mind Breaker, #1)",K.W. Foster,https://images-na.ssl-images-amazon.com/images/S/compressed.photo.goodreads.com/books/1708546555i/208964636.jpg,,,No description available,1966,0,67,Bengali language,Unknown,en,"http://books.google.co.in/books?id=w2-vPQAACAAJ&dq=A+Curse+of+Breath+and+Blood+(The+Mind+Breaker,+%231)+K.W.+Foster&hl=&cd=1&source=gbs_api","http://books.google.co.in/books?id=w2-vPQAACAAJ&dq=A+Curse+of+Breath+and+Blood+(The+Mind+Breaker,+%231)+K.W.+Foster&hl=&source=gbs_api",8186908552,9788186908556
The Emperor and the Endless Palace,Justinian Huang,https://images-na.ssl-images-amazon.com/images/S/compressed.photo.goodreads.com/books/1695793248i/146145975.jpg,,,"""An epic love story that transcends lifetimes... It is, simply, spectacular."" --Reactor In the year 4 BCE, an ambitious courtier is called upon to seduce the young Emperor--but quickly discovers they are both ruled by blood, sex and intrigue. In 1740, a lonely innkeeper agrees to help a mysterious visitor procure a rare medicine, only to unleash an otherworldly terror instead. And in present-day Los Angeles, a college student meets a beautiful stranger and cannot shake the feeling they've met before. Across these seemingly unrelated timelines woven together only by the twists and turns of fate, two men are reborn, lifetime after lifetime. Within the treacherous walls of an ancient palace and the boundless forests of the Asian wilderness to the heart-pounding cement floors of underground rave scenes, our lovers are inexplicably drawn to each other, constantly tested by the worlds around them. As their many lives intertwine, they begin to realize the power of their undying love--a power that transcends time itself...but one that might consume them both. An unpredictable roller coaster of a debut novel, The Emperor and the Endless Palace is a genre-bending romantic thriller that challenges everything we think we know about true love.",2025-06-03,0,0,Fiction,MIRA,en,http://books.google.co.in/books?id=lqPi0AEACAAJ&dq=The+Emperor+and+the+Endless+Palace+Justinian+Huang&hl=&cd=1&source=gbs_api,http://books.google.co.in/books?id=lqPi0AEACAAJ&dq=The+Emperor+and+the+Endless+Palace+Justinian+Huang&hl=&source=gbs_api,0778387593,9780778387596
"Between Dragons and Their Wrath (The Shattered Kingdom, #1)",Devin Madson,https://images-na.ssl-images-amazon.com/images/S/compressed.photo.goodreads.com/books/1708446630i/203245159.jpg,,,"""A complex tale of war, politics, and lust for power."" —The Guardian War built the Kisian Empire. War will tear it down. Seventeen years after rebels stormed the streets, factions divide Kisia. Only the firm hand of the god-emperor holds the empire together. But when an unexpected betrayal destroys a tense alliance with neighboring Chiltae, all that has been won comes crashing down. In Kisia, Princess Miko Ts'ai is a prisoner in her own castle. She dreams of claiming her empire, but the path to power could rip it, and her family, asunder. In Chiltae, assassin Cassandra Marius is plagued by the voices of the dead. Desperate, she accepts a contract that promises to reward her with a cure if she helps an empire fall. And on the border between nations, Captain Rah e'Torin and his warriors are exiles forced to fight in a foreign war or die. As an empire dies, three warriors will rise. They will have to ride the storm or drown in its blood. We Ride the Storm is the epic launch of a bold and brutal fantasy series, perfect for readers of Mark Lawrence, John Gwynne, and Brian Staveley. Praise for The Reborn Empire: ""An exciting new author in fantasy."" —Mark Lawrence, author of Red Sister ""Imaginative worldbuilding, a pace that builds perfectly to a heart-pounding finale and captivating characters. Highly recommended."" —John Gwynne, author of The Shadow of the Gods The Reborn Empire We Ride the Storm We Lie with Death We Cry for Blood We Dream of Gods For more from Devin Madson, check out: The Vengeance Trilogy The Blood of Whisperers The Gods of Vice The Grave at Storm's End",2020-01-28,0,479,Fiction,Hachette UK,en,"http://books.google.co.in/books?id=BvjCDwAAQBAJ&printsec=frontcover&dq=Between+Dragons+and+Their+Wrath+(The+Shattered+Kingdom,+%231)+Devin+Madson&hl=&cd=1&source=gbs_api","http://books.google.co.in/books?id=BvjCDwAAQBAJ&dq=Between+Dragons+and+Their+Wrath+(The+Shattered+Kingdom,+%231)+Devin+Madson&hl=&source=gbs_api",031653627X,9780316536271
The Parliament,Aimee Pokwatka,https://images-na.ssl-images-amazon.com/images/S/compressed.photo.goodreads.com/books/1686748327i/126921125.jpg,,,"The Birds meets The Princess Bride in this tale of friendship, responsibility, and the primal force of nature. “Murder owls are extreme,” Jude said. “What’s more extreme than murder owls?” Madigan Purdy is stuck in her home town library. When tens of thousands of owls descend on the building, rending and tearing at anyone foolish enough to step outside, Mad is tasked with keeping her students safe, and distracted, while they seek a solution to their dilemma. Perhaps they’ll find the inspiration they seek in her favorite childhood book, The Silent Queen.... With food and fresh water in low supply, the denizens of the library will have to find a way out, and soon, but the owls don’t seem to be in a hurry to leave... The Parliament is a story of grief and missed opportunities, but also of courage and hope. And of extremely sharp beaks.",2024-12-03,0,0,Fiction,Tordotcom,en,http://books.google.co.in/books?id=nFr-EAAAQBAJ&dq=The+Parliament+Aimee+Pokwatka&hl=&cd=1&source=gbs_api,http://books.google.co.in/books?id=nFr-EAAAQBAJ&dq=The+Parliament+Aimee+Pokwatka&hl=&source=gbs_api,1250820995,9781250820990
Practical Rules for Cursed Witches,Kayla Cottingham,https://images-na.ssl-images-amazon.com/images/S/compressed.photo.goodreads.com/books/1708808161i/205181255.jpg,,,"*Bustle Best Book of March 2022 *Buzzfeed Highly Anticipated YA Novel *Lambda Literary Most Anticipated LGBTQIA+ *BookRiot Best New Dark Academia YA Book Wilder Girls meets The Craft in this Sapphic horror debut that asks: what price would you be willing to pay to achieve your deepest desires? Finch Chamberlin is the newest transfer student to the ultra-competitive Ulalume Academy... but she's also not what she seems. Months before school started, Finch and her parents got into an accident that should have left her dead at the bottom of the river. But something monstrous, and ancient, and terrifying, wouldn't let her drown. Finch doesn't know why she woke up after her heart stopped, but since dying she's felt a constant pull from the school and the surrounding town of Rainwater, like something on the island is calling to her. Selena St. Clair sees right through Finch, and she knows something is seriously wrong with her. But despite Selena's suspicion, she feels drawn to Finch and has a sinking feeling that from now on the two will be inexplicably linked to one another. One night Finch, Selena, and her friends accidentally summon a carnivorous creature of immense power in the depths of the school. It promises to grant every desire the girls have kept locked away in their insecure hearts—beauty, power, adoration—in exchange for a price: human body parts. But as the cost of their wanting becomes more deadly, Finch and Selena must learn to work together to stop the horror they unleashed, before it consumes the entire island.",2022-03-29,0,282,Young Adult Fiction,"Sourcebooks, Inc.",en,http://books.google.co.in/books?id=YvIzEAAAQBAJ&printsec=frontcover&dq=Practical+Rules+for+Cursed+Witches+Kayla+Cottingham&hl=&cd=1&source=gbs_api,https://play.google.com/store/books/details?id=YvIzEAAAQBAJ&source=gbs_api,1728236428,9781728236421
"Grave Prophecies (Prophecies of Angels and Demons, #2)",Cassandra Aston,https://images-na.ssl-images-amazon.com/images/S/compressed.photo.goodreads.com/books/1695329907i/163060619.jpg,,,No description available,2024-02-24,0,0,Fiction,Unknown,en,"http://books.google.co.in/books?id=uu7J0AEACAAJ&dq=Grave+Prophecies+(Prophecies+of+Angels+and+Demons,+%232)+Cassandra+Aston&hl=&cd=1&source=gbs_api","http://books.google.co.in/books?id=uu7J0AEACAAJ&dq=Grave+Prophecies+(Prophecies+of+Angels+and+Demons,+%232)+Cassandra+Aston&hl=&source=gbs_api",,9798989364640
The Hallows,H.L.Tinsley,https://images-na.ssl-images-amazon.com/images/S/compressed.photo.goodreads.com/books/1706201774i/205363215.jpg,,,"'We Men of Ash and Shadow' is the first book in the Vanguard Series and follows the journey of protagonist, John Vanguard, through the dark and corrupt city of D'Orsee. A Grimdark gas lamp novel, 'We Men of Ash and Shadow' explores themes of redemption, loyalty, and betrayal against the backdrop of a world where survival often means compromising your values. Amidst the gas lamp shadows former soldier-turned-mercenary John Vanguard hunts criminals at the behest of his corrupt employer, Captain Felix Sanquain. Shamed by his deserter past and seeking to make amends for his many misdeeds, a chance encounter with Tarryn Leersac - a skilled young would-be-assassin fallen from the graces of high society - leads Vanguard to become an unlikely mentor.Charged with hunting down the killer of two guards left washed up on the banks of the canal, the further Vanguard delves into the underbelly of the city the more he finds himself entangled in a web of secrets and lies. A prominent aristocrat is missing. Crime lords, con men and harlots run amok and the city teeters on the brink of another revolution.With his already precarious reputation hanging by a thread, Vanguard must piece together how and why the last war came to pass, find a way to earn redemption for his mistakes and come to terms with the past in a city where few survive, and even fewer can be trusted.",2020-08-14,5,202,,Unknown,en,http://books.google.co.in/books?id=jBLazQEACAAJ&dq=The+Hallows+H.L.Tinsley&hl=&cd=1&source=gbs_api,http://books.google.co.in/books?id=jBLazQEACAAJ&dq=The+Hallows+H.L.Tinsley&hl=&source=gbs_api,,9798674005636
"The Court that Bleeds Gold (The Gold Weaver, #1)",Zara Storm,https://images-na.ssl-images-amazon.com/images/S/compressed.photo.goodreads.com/books/1711482203i/209594084.jpg,,,No description available,1867,0,718,English language,Unknown,en,"http://books.google.co.in/books?id=4h0TAAAAYAAJ&printsec=frontcover&dq=The+Court+that+Bleeds+Gold+(The+Gold+Weaver,+%231)+Zara+Storm&hl=&cd=1&source=gbs_api",https://play.google.com/store/books/details?id=4h0TAAAAYAAJ&source=gbs_api,,
"The Treasured One (The Golden Children, #1)",Hannah  Levin,https://images-na.ssl-images-amazon.com/images/S/compressed.photo.goodreads.com/books/1708030153i/208557829.jpg,,,"The #1 New York Times bestselling (mostly true) memoir from the hilarious author of Furiously Happy. “Gaspingly funny and wonderfully inappropriate.”—O, The Oprah Magazine When Jenny Lawson was little, all she ever wanted was to fit in. That dream was cut short by her fantastically unbalanced father and a morbidly eccentric childhood. It did, however, open up an opportunity for Lawson to find the humor in the strange shame-spiral that is her life, and we are all the better for it. In the irreverent Let’s Pretend This Never Happened, Lawson’s long-suffering husband and sweet daughter help her uncover the surprising discovery that the most terribly human moments—the ones we want to pretend never happened—are the very same moments that make us the people we are today. For every intellectual misfit who thought they were the only ones to think the things that Lawson dares to say out loud, this is a poignant and hysterical look at the dark, disturbing, yet wonderful moments of our lives. Readers Guide Inside",2013-03-05,0,385,Biography & Autobiography,Penguin,en,"http://books.google.co.in/books?id=XVSLDQAAQBAJ&dq=The+Treasured+One+(The+Golden+Children,+%231)+Hannah++Levin&hl=&cd=1&source=gbs_api","http://books.google.co.in/books?id=XVSLDQAAQBAJ&dq=The+Treasured+One+(The+Golden+Children,+%231)+Hannah++Levin&hl=&source=gbs_api",0425261018,9780425261019
"Ducked: A Rubber Duck Erotic Parody (Demon Cream Chronicles, #3)",Rebecca Massey,https://images-na.ssl-images-amazon.com/images/S/compressed.photo.goodreads.com/books/1719479409i/215523168.jpg,,,"Larkin Mancinkus prides herself on making the town of Whynot, North Carolina just a little sweeter. As owner of Sweet Cakes Bakery, Larkin gets all the town gossip – the sugar, the spice, and the everything not so nice. So when she finds herself on the tip of everyone’s tongue thanks to an encounter with a mysterious and handsome stranger, she learns the true meaning of ‘if you can’t stand the heat, get out of the kitchen.’ Deacon Locke has spent his life traveling the world with no particular destination in mind. But when he rolls into Whynot on his Harley, he just knows there is something different about this town. What he doesn’t know is that out of all the places he’s traveled and all the people he’s met, the gorgeous bakery owner might just entice him to put down some solid roots. Come on down to see what’s cookin’ between Larkin and Deacon!",2019-06-11,0,84,Fiction,"Big Dog Books, LLC",en,"http://books.google.co.in/books?id=cGQkDwAAQBAJ&printsec=frontcover&dq=Ducked:+A+Rubber+Duck+Erotic+Parody+(Demon+Cream+Chronicles,+%233)+Rebecca+Massey&hl=&cd=1&source=gbs_api",https://play.google.com/store/books/details?id=cGQkDwAAQBAJ&source=gbs_api,1940883938,9781940883939
"A Tide of Black Steel (Age of Wrath, #1)",Anthony Ryan,https://images-na.ssl-images-amazon.com/images/S/compressed.photo.goodreads.com/books/1714874540i/204600721.jpg,,,"'A gritty, heart-pounding tale of betrayal and bloody vengeance. I loved every single word' John Gwynne The Pariah begins a new epic fantasy series of action, intrigue and magic from Anthony Ryan, a master storyteller who has taken the fantasy world by storm. Born into the troubled kingdom of Albermaine, Alwyn Scribe is raised as an outlaw. Quick of wit and deft with a blade, Alwyn is content with the freedom of the woods and the comradeship of his fellow thieves. But an act of betrayal sets him on a new path - one of blood and vengeance, which eventually leads him to a soldier's life in the king's army. Fighting under the command of Lady Evadine Courlain, a noblewoman beset by visions of a demonic apocalypse, Alwyn must survive war and the deadly intrigues of the nobility if he hopes to claim his vengeance. But as dark forces, both human and arcane, gather to oppose Evadine's rise, Alwyn faces a choice: can he be a warrior, or will he always be an outlaw? 'The Pariah is Anthony Ryan at his best. A fast-paced, brutal fantasy novel with larger-than-life characters and a plot full of intrigue and suspense' Grimdark Magazine 'This is Anthony Ryan's best book yet' Michael Fletcher 'Fantastic writing, an amazing world, a plot that won't quit, and an unforgettable character . . . Anthony Ryan is one of the best epic fantasy authors out there' Bookworm Blues 'Gritty and well-drawn, this makes a rich treat for George R. R. Martin fans' Publishers Weekly (starred review) Books by Anthony Ryan Raven's Shadow Blood Song Tower Lord Queen of Fire Raven's Blade The Wolf's Call The Black Song Draconis Memoria The Waking Fire The Legion of Flame The Empire of Ashes The Covenant of Steel The Pariah The Martyr The Traitor Writing as A. J. Ryan Red River Seven",2021-08-24,0,579,Fiction,Hachette UK,en,"http://books.google.co.in/books?id=lHz_DwAAQBAJ&printsec=frontcover&dq=A+Tide+of+Black+Steel+(Age+of+Wrath,+%231)+Anthony+Ryan&hl=&cd=1&source=gbs_api",https://play.google.com/store/books/details?id=lHz_DwAAQBAJ&source=gbs_api,0356514536,9780356514536
"Primal Mirror (Psy-Changeling Trinity, #8; Psy-Changeling, #23)",Nalini Singh,https://images-na.ssl-images-amazon.com/images/S/compressed.photo.goodreads.com/books/1714972693i/200555243.jpg,,,"Sanity is overrated in this “captivating, funny, exciting” fantasy adventure from the New York Times bestselling author of the Scarred Earth Saga (Smexy Books). Some things never go away, like vile enemies, bad ale, and annoying kin. But I thought I was finished with the one dragon I’d have done anything for: Éibhear the Blue, a big, gorgeous, blue-haired beast who thinks the world belongs to him. The world and, apparently, me. So if Éibhear wants to play the caring hero and travel into the most forsaken of Gods forsaken lands to protect the one woman who doesn’t need it—namely me—I’ll let him. Because while I’m trying to fulfill a ridiculous quest for a pushy god, I’m going to draw this overconfident warlord much too close, rekindle his fires, and enjoy every minute of his delicious defeat . . . Praise for the Dragon Kin Series “Aiken’s patented mix of bloodthirsty action, crazy scenarios and hilarious dialogue have made this series a truly unique pleasure.”—RT Book Reviews (4½ Stars) “A chest thumping, mead-hall rocking, enemy slaying brawl of a good book.”—All Things Urban Fantasy “Laugh-out-loud funny—I loved it!”—Thea Harrison, New York Times bestselling author ""A hot, hot series."" --Library Journal",2012-06-06,5,480,Fiction,Kensington Publishing Corp.,en,"http://books.google.co.in/books?id=BAqudzGSKRwC&printsec=frontcover&dq=Primal+Mirror+(Psy-Changeling+Trinity,+%238%3B+Psy-Changeling,+%2323)+Nalini+Singh&hl=&cd=1&source=gbs_api",https://play.google.com/store/books/details?id=BAqudzGSKRwC&source=gbs_api,1420131001,9781420131000
"Spark of Pursuit (Veilfall, #1)",Annika Snow,https://images-na.ssl-images-amazon.com/images/S/compressed.photo.goodreads.com/books/1714401744i/212317256.jpg,,,No description available,Unknown,0,0,,Unknown,Unknown,,,,
"Collusion (Kings of Aselvia, #2)",H.S.J. Williams,https://images-na.ssl-images-amazon.com/images/S/compressed.photo.goodreads.com/books/1715984699i/53343151.jpg,,,A band of unlikely heroes must save an elf prince from dark captivity.,2020-05-07,0,436,Young Adult Fiction,Kings of Aselvia,en,"http://books.google.co.in/books?id=8V7UzAEACAAJ&dq=Collusion+(Kings+of+Aselvia,+%232)+H.S.J.+Williams&hl=&cd=1&source=gbs_api","http://books.google.co.in/books?id=8V7UzAEACAAJ&dq=Collusion+(Kings+of+Aselvia,+%232)+H.S.J.+Williams&hl=&source=gbs_api",1732430624,9781732430624
"The Spirit War (The Legend of Eli Monpress, #4)",Rachel Aaron,https://images-na.ssl-images-amazon.com/images/S/compressed.photo.goodreads.com/books/1330089634i/10834868.jpg,,,"Eli Monpress is vain. He's cocky. And he's a thief. But he's a thief who has just seen his bounty topped and he's not happy about it. The bounty topper, as it turns out, is his best friend, bodyguard, and master swordsman, Josef. Who has been keeping secrets from Eli. Apparently, he's the only prince of a rather feisty country and his mother (a formidable queen who's every bit as driven and stubborn as he is) wants him to come home and do his duty, which means throwing over personal ambitions like proving he's the greatest swordsman who ever lived. Family drama aside, Eli and Josef have their hands full. The Spirit Court has been usurped by the Council of Thrones and someone calling herself the Immortal Empress is staging a massive invasion. But it's not just politics -- the Immortal Empress has a specific target in mind: Eli Monpress, the greatest thief in the world.",2012-06-05,0,358,Fiction,Hachette UK,en,"http://books.google.co.in/books?id=uY5EAQAAQBAJ&dq=The+Spirit+War+(The+Legend+of+Eli+Monpress,+%234)+Rachel+Aaron&hl=&cd=1&source=gbs_api","http://books.google.co.in/books?id=uY5EAQAAQBAJ&dq=The+Spirit+War+(The+Legend+of+Eli+Monpress,+%234)+Rachel+Aaron&hl=&source=gbs_api",0316192929,9780316192927
Vampire King’s Consort (Book 1),M.J. Sweets,https://images-na.ssl-images-amazon.com/images/S/compressed.photo.goodreads.com/books/1729859206i/220826683.jpg,,,"With loved ones exiled to memory, the three species were left with strained relations and an ever-growing hatred. For over a century, Humans, Vampires, and Lycans remained isolated from one another. Only the occasional meeting of the three leaders brought any sort of interaction between the species. That was, until one night. With the horrors of her past descending upon her, Livia finds herself face-to-face with the castle of the vampire king, Orion. Despite the king's desire to rid his castle of this human intruder, something compels him to keep her close, no matter what. Unfortunately, whereas fate can bring two souls together, it can also force them apart, but a forbidden love will not be broken so easily.",2024-10-28,0,0,Fiction,Unknown,en,http://books.google.co.in/books?id=rLf00AEACAAJ&dq=Vampire+King%E2%80%99s+Consort+(Book+1)+M.J.+Sweets&hl=&cd=1&source=gbs_api,http://books.google.co.in/books?id=rLf00AEACAAJ&dq=Vampire+King%E2%80%99s+Consort+(Book+1)+M.J.+Sweets&hl=&source=gbs_api,,9798330513796
More Than Love: A YA Historical Fantasy (More Than Life Book 3),Bethanie Finger,https://images-na.ssl-images-amazon.com/images/S/compressed.photo.goodreads.com/books/1709117693i/209257077.jpg,,,No description available,2001,0,1434,American literature,Unknown,en,http://books.google.co.in/books?id=zH9YAAAAMAAJ&pg=PA226&dq=More+Than+Love:+A+YA+Historical+Fantasy+(More+Than+Life+Book+3)+Bethanie+Finger&hl=&cd=1&source=gbs_api,http://books.google.co.in/books?id=zH9YAAAAMAAJ&dq=More+Than+Love:+A+YA+Historical+Fantasy+(More+Than+Life+Book+3)+Bethanie+Finger&hl=&source=gbs_api,,
Just Stab Me Now,Jill Bearup,https://images-na.ssl-images-amazon.com/images/S/compressed.photo.goodreads.com/books/1699944208i/195500935.jpg,,,"A desperate mother. A dubious escort. And a deranged author who won’t leave them alone. Caroline Lindley is determined that her new romance novel will be her best one yet. Fantasy! Formal gowns! Fencing! And, of course, a twentysomething heroine to star in an enemies-to-lovers plot with all of Caroline’s favourite tropes. But Lady Rosamund Hawkhurst is a thirty-six-year-old widow with two children, her sole focus is facilitating a peace treaty between her adopted nation and her homeland, and she flatly refuses to take the correct approach to there being Only One Bed. What’s an author to do? Based on her popular Fantasy Heroine YouTube shorts series, Jill Bearup’s debut novel brings us the best of worlds both meta and medieval-inspired. Leigh Bardugo and Terry Pratchett aficionados will enjoy the political intrigue paired with convivial, tongue-in-cheek satire, and romance fans will savour plenty of slow-burn, fade-to-black romance. If you loved Stranger Than Fiction and The Princess Bride, you will soon find yourself cheering on enemies-to-BFFs Rosamund and Caroline as together they learn what it means to be the hero of your own story.",2024-02-05,0,346,Fiction,Sword Lady Books,en,http://books.google.co.in/books?id=elrzEAAAQBAJ&pg=PA1&dq=Just+Stab+Me+Now+Jill+Bearup&hl=&cd=1&source=gbs_api,https://play.google.com/store/books/details?id=elrzEAAAQBAJ&source=gbs_api,1739431901,9781739431907
These Deathless Shores,P.H.  Low,https://images-na.ssl-images-amazon.com/images/S/compressed.photo.goodreads.com/books/1698230354i/178737876.jpg,,,"Gorgeous and devastating, P. H. Low's debut fantasy is a richly reimagined tale of Captain Hook's origin, a story of cruelty, magic, lost innocence, and the indelible power of stories. Jordan was once a Lost Boy, convinced she would never grow up. Now, she's twenty-two and exiled to the real world, still suffering withdrawal from the addictive magic Dust of her childhood. With nothing left to lose, Jordan returns to the Island and its stories--of pirates and war and the heartlessness of youth--intent on facing Peter one last time, on her own terms. If that makes her the villain...so be it.",2024-07-09,0,0,,Unknown,en,http://books.google.co.in/books?id=INpU0AEACAAJ&dq=These+Deathless+Shores+P.H.++Low&hl=&cd=1&source=gbs_api,http://books.google.co.in/books?id=INpU0AEACAAJ&dq=These+Deathless+Shores+P.H.++Low&hl=&source=gbs_api,0316569208,9780316569200
The Teller of Small Fortunes,Julie Leong,https://images-na.ssl-images-amazon.com/images/S/compressed.photo.goodreads.com/books/1710771695i/207611551.jpg,,,"SMALL FORTUNES. BIG FEELINGS. Fleeing a troubled past, immigrant fortune teller Tao roams the dusty countryside with only her mule for company, telling small fortunes, for small prices. Big fortunes come with big consequences . . . which she knows from bitter experience. It's a lonely life, until she encounters an ex-mercenary and a (semi) reformed thief, who recruit her into their desperate search for a lost child. Soon, they're joined by a baker with a knead for adventure, and - of course - a slightly magical cat. Tao sets down a new path with companions as big-hearted as her fortunes are small. But as her friends break down her walls, the shadows of her past close in. Now, Tao must decide whether to risk everything to save the family she never thought she could have . . .",2024-11-05,0,304,Fiction,Hachette UK,en,http://books.google.co.in/books?id=PXT2EAAAQBAJ&pg=PT201&dq=The+Teller+of+Small+Fortunes+Julie+Leong&hl=&cd=1&source=gbs_api,https://play.google.com/store/books/details?id=PXT2EAAAQBAJ&source=gbs_api,1399729071,9781399729079
Dream Walker (Realm of Dreams #1),Brittany Gossin,https://images-na.ssl-images-amazon.com/images/S/compressed.photo.goodreads.com/books/1707374716i/207669578.jpg,,,No description available,2015,0,0,,Unknown,en,http://books.google.co.in/books?id=01M5uAEACAAJ&dq=Dream+Walker+(Realm+of+Dreams+%231)+Brittany+Gossin&hl=&cd=1&source=gbs_api,http://books.google.co.in/books?id=01M5uAEACAAJ&dq=Dream+Walker+(Realm+of+Dreams+%231)+Brittany+Gossin&hl=&source=gbs_api,1927531179,9781927531174
More Than Legend: A YA Historical Fantasy (More Than Life Book 2),Bethanie Finger,https://images-na.ssl-images-amazon.com/images/S/compressed.photo.goodreads.com/books/1706135137i/205890729.jpg,,,"Arek has managed to fulfill the prophecy and save the Kingdom of Ere from its evil ruler, but the quest is not over because until they free the princess locked in one of the towers he has to assume the crown himself; only the princess proves to be very dead, and Arek is stuck as king; then he discovers that magic requires him to find a bride before his eighteenth birthday or wither away--but none of his female companions are interested, he does not want to marry a stranger, and anyway the only person he is attracted to is Matt, aspiring wizard, best friend, and secret crush.",2022-03-29,0,352,Juvenile Fiction,Simon and Schuster,en,http://books.google.co.in/books?id=kOdhEAAAQBAJ&printsec=frontcover&dq=More+Than+Legend:+A+YA+Historical+Fantasy+(More+Than+Life+Book+2)+Bethanie+Finger&hl=&cd=1&source=gbs_api,http://books.google.co.in/books?id=kOdhEAAAQBAJ&dq=More+Than+Legend:+A+YA+Historical+Fantasy+(More+Than+Life+Book+2)+Bethanie+Finger&hl=&source=gbs_api,1534496866,9781534496866
"The Nightshade God (The Nightshade Crown, #3)",Hannah F. Whitten,https://images-na.ssl-images-amazon.com/images/S/compressed.photo.goodreads.com/books/1719253995i/59398164.jpg,,,"THE FIRST DAUGHTER IS FOR THE THRONE. THE SECOND DAUGHTER IS FOR THE WOLF. As the only Second Daughter born in centuries, Red has one purpose - to be sacrificed to the Wolf in the Wood in order to save her kingdom. Red is almost relieved to go. Plagued by a dangerous power she can't control, at least she knows that in the Wilderwood, she can't hurt those she loves. Again. But the legends lie. The Wolf is a man, not a monster. Her magic is a calling, not a curse. And if she doesn't learn how to use it, the Wilderwood - and her world - will be lost forever. Hannah Whitten's New York Times bestselling debut is a sweeping tale of love, legends and the secrets that hide beyond the trees. 'I loved it! I was completely swept away by the world-building, the characters, and the delicate gorgeousness of the writing! A brilliant dark fantasy debut' Jodi Picoult 'Dazzling . . . This is sure to enchant' Publishers Weekly (starred review) 'An unputdownable fairy tale that traces the boundaries of duty, love, and loss. A masterful debut from a must-read new voice in fantasy' Kirkus 'A glorious journey through woods deep and so very dark. A stunning debut' Erin Craig, author of House of Salt and Sorrow",2021-06-01,5,421,Fiction,Hachette UK,en,"http://books.google.co.in/books?id=SAQGEAAAQBAJ&printsec=frontcover&dq=The+Nightshade+God+(The+Nightshade+Crown,+%233)+Hannah+F.+Whitten&hl=&cd=1&source=gbs_api",https://play.google.com/store/books/details?id=SAQGEAAAQBAJ&source=gbs_api,0356516350,9780356516356
The West Passage,Jared Pechaček,https://images-na.ssl-images-amazon.com/images/S/compressed.photo.goodreads.com/books/1692904499i/195790798.jpg,,,"A darkly imaginative writer in the tradition of Joe Abercrombie, Peter V. Brett, and Neil Gaiman conjures a gritty mind-bending fantasy, set in a world where delusion becomes reality . . . and the fulfillment of humanity’s desires may well prove to be its undoing. When belief defines reality, those with the strongest convictions—the crazy, the obsessive, the delusional—have the power to shape the world. And someone is just mad enough to believe he can create a god . . . Violent and dark, the world is filled with the Geisteskranken—men and women whose delusions manifest. Sustained by their own belief—and the beliefs of those around them—they can manipulate their surroundings. For the High Priest Konig, that means creating order out of the chaos in his city-state, leading his believers to focus on one thing: helping a young man, Morgen, ascend to become a god. A god they can control. Trouble is, there are many who would see a god in their thrall, including the High Priest’s own doppelgangers, a Slaver no one can resist, and three slaves led by possibly the only sane man left. As these forces converge on the boy, there’s one more obstacle: time is running out. Because as the delusions become more powerful, the also become harder to control. The fate of the Geisteskranken is to inevitably find oneself in the Afterdeath. The question, then, is: Who will rule there?",2015-06-16,0,0,Fiction,Harper Voyager,en,http://books.google.co.in/books?id=_1HCoQEACAAJ&dq=The+West+Passage+Jared+Pecha%C4%8Dek&hl=&cd=1&source=gbs_api,http://books.google.co.in/books?id=_1HCoQEACAAJ&dq=The+West+Passage+Jared+Pecha%C4%8Dek&hl=&source=gbs_api,0062387030,9780062387035
"A Change of Place (Night's Edge, #3)",Julie E. Czerneda,https://images-na.ssl-images-amazon.com/images/S/compressed.photo.goodreads.com/books/1691616155i/195367907.jpg,,,"From an Aurora Award-winning author, a new sci-fi novel follows three intrepid humans caught up in a conflict that stretches across time and space. Biologist Julie E. Czerneda's new standalone science fiction novel, To Each This World follows a desperate mission to reconnect with long lost sleeper ships, sent centuries earlier from Earth to settle distant worlds. A trio of Humans must work with their mysterious alien allies to rescue any descendants they can find on those worlds. Something is out there, determined to claim the cosmos for itself, and only on Earth will Humans be safe. Or will they? The challenge isn’t just to communicate with your own kind after generations have passed. It’s to understand what isn’t your kind at all. And how far will trust take you, when the truth depends on what you are?",2022-11-15,4,609,Fiction,Astra Publishing House,en,"http://books.google.co.in/books?id=apx8EAAAQBAJ&dq=A+Change+of+Place+(Night%27s+Edge,+%233)+Julie+E.+Czerneda&hl=&cd=1&source=gbs_api","http://books.google.co.in/books?id=apx8EAAAQBAJ&dq=A+Change+of+Place+(Night%27s+Edge,+%233)+Julie+E.+Czerneda&hl=&source=gbs_api",0756415438,9780756415433
"The Succubus's Prize (A Deal With a Demon, #4)",Katee Robert,https://images-na.ssl-images-amazon.com/images/S/compressed.photo.goodreads.com/books/1679798883i/123844646.jpg,,,"All my life, I've wanted nothing more than to escape my father's compound. Half human, half vampire, I have none of the perks and all of the weaknesses. Well, my father's finally found a use for me. He's sent me to Malachi Zion, the last vampire in his family. My role is to play resident blood bank and, should Malachi knock me up, my father gets access to a whole new bloodline to control. No one asks me what I want. But the longer I spend with Malachi, the more I realize that he's not the monster I first thought, which makes it harder to resist the heat that flares between us. And then his two friends show up and complicate things exponentially. As long as we're stuck in this house together, I'm a trap just waiting to be sprung. But if we break free, there's nothing holding these vampires to me... In gaining the one thing I want more than anything--my freedom--I might just lose everything.",2022,0,176,Fiction,Sourcebooks Casablanca,en,"http://books.google.co.in/books?id=MSYozwEACAAJ&dq=The+Succubus%27s+Prize+(A+Deal+With+a+Demon,+%234)+Katee+Robert&hl=&cd=1&source=gbs_api","http://books.google.co.in/books?id=MSYozwEACAAJ&dq=The+Succubus%27s+Prize+(A+Deal+With+a+Demon,+%234)+Katee+Robert&hl=&source=gbs_api",1728268303,9781728268309
More Than Life: A YA Historical Fantasy,Bethanie Finger,https://images-na.ssl-images-amazon.com/images/S/compressed.photo.goodreads.com/books/1700005830i/202141316.jpg,,,"Fifteen-year-old Samantha is transported back in time to 1553 and the court of the ailing King Edward VI. Suspecting that Edward has allergies, she is determined to save his life.",2002,0,0,Great Britain,Unknown,en,http://books.google.co.in/books?id=90HTAAAACAAJ&dq=More+Than+Life:+A+YA+Historical+Fantasy+Bethanie+Finger&hl=&cd=1&source=gbs_api,http://books.google.co.in/books?id=90HTAAAACAAJ&dq=More+Than+Life:+A+YA+Historical+Fantasy+Bethanie+Finger&hl=&source=gbs_api,0743419219,9780743419215
"Untitled (Flesh and False Gods, #3)",Chloe Gong,https://images-na.ssl-images-amazon.com/images/S/compressed.photo.goodreads.com/nophoto/book/111x148.png,,,"In 1931 Shanghai, two Nationalist spies pose as a married couple to investigate a series of brutal murders causing unrest in the city.",2022-09-27,0,528,Young Adult Fiction,Simon and Schuster,en,"http://books.google.co.in/books?id=5zKGEAAAQBAJ&printsec=frontcover&dq=Untitled+(Flesh+and+False+Gods,+%233)+Chloe+Gong&hl=&cd=1&source=gbs_api","http://books.google.co.in/books?id=5zKGEAAAQBAJ&dq=Untitled+(Flesh+and+False+Gods,+%233)+Chloe+Gong&hl=&source=gbs_api",1665905581,9781665905589
Outlaw Empire,Nicholas Eames,https://images-na.ssl-images-amazon.com/images/S/compressed.photo.goodreads.com/nophoto/book/111x148.png,,,"'A fantastic read, a rollicking, page-turning, edge-of-your-seat road-trip of a book' - John Gwynne, author of Shadow of the Gods Clay Cooper and his band were once the best of the best - the meanest, dirtiest, most feared and admired crew of mercenaries this side of the Heartwyld. But their glory days are long past; the mercs have grown apart and grown old, fat, drunk - or a combination of the three. Then a former bandmate turns up at Clay's door with a plea for help: his daughter Rose is trapped in a city besieged by an enemy horde one hundred thousand strong and hungry for blood. Rescuing Rose is the kind of impossible mission that only the very brave or the very stupid would sign up for. It's time to get the band back together for one last tour across the Wyld. 'Every avid fantasy reader, pay attention and let me do you a favour. Make sure you read this book no matter what. As of now, I'm calling Kings of the Wyld one of the best fantasy debuts of all time' Novel Notions 'Every single word is bloody brilliant . . . 11 out of 10' Fantasy Hive LOOK OUT FOR BLOODY ROSE, THE SECOND BOOK IN THE BAND SERIES",2017-02-21,5,554,Fiction,Hachette UK,en,http://books.google.co.in/books?id=RIPUDAAAQBAJ&printsec=frontcover&dq=Outlaw+Empire+Nicholas+Eames&hl=&cd=1&source=gbs_api,https://play.google.com/store/books/details?id=RIPUDAAAQBAJ&source=gbs_api,0356509036,9780356509037
"Drumindor (The Riyria Chronicles, #5)",Michael J. Sullivan,https://images-na.ssl-images-amazon.com/images/S/compressed.photo.goodreads.com/books/1707559070i/208141987.jpg,,,"IMPORTANT NOTE! This edition of Percepliquis is being released for readers of the original Ridan editions of The Crown Conspiracy. It does not include book 5, Wintertide. If you're reading the omnibus editions from Orbit, you should purchase Heir of Novron (which includes both Wintertide and Percepliquis). IT ALL COMES DOWN TO THIS...THE ELVES HAVE CROSSED THE NIDWALDEN. TWO THIEVES WILL DECIDE THE FUTURE. ""I saw a great journey. Ten upon the road, she who wears the light will lead the way. The road goes deep into the earth, and into despair. The voices of the dead guide your steps. You walk back in time. The three-thousand-year battle begins again. Cold grips the world, death comes to all, and a choice is before you."" -- Fan Irlanu, Tenkin Seerer of Oudorro Village Percepliquis is the final installment of the epic fantasy, The Riyria Revelations. In this saga that began with The Crown Conspiracy, two thieves caught in the wrong place at the right time were launched on a series of ever escalating adventures that have all lead to this moment. Three thousand years have passed and the time for Novron's heir to act has arrived. ""The Crown Conspiracy is a well-written and enjoyable novel. I was invested in the characters and their travails. Royce and Hadrian s friendship was particularly fun to read"" -- Tammy Moore, sfSite ""Every time I finish a book in this series it makes me want the next one instantly. -- Cindy Hannikman, Fantasy Book Critic BOOKS OF THE RIYRIA REVELATIONS (Original 6-book format) The Crown Conspiracy (October 2008) Avempartha (April 2009) Nyphron Rising (October 2009) The Emerald Storm (April 2010) Wintertide (October 2010) Percepliquis (January 2012) OMNIBUS VERSIONS of RIYRIA REVELATIONS (Orbit Publishing) Theft of Swords (11/2011) contains The Crown Conspiracy & Avempartha Rise of Empire (12/2011) contains Nyphron Rising & The Emerald Storm Heir of Novron (1/2012) contains Wintertide & Percepliquis",2012-02-01,0,448,Fiction,Hachette UK,en,"http://books.google.co.in/books?id=n4_QlGZENl0C&printsec=frontcover&dq=Drumindor+(The+Riyria+Chronicles,+%235)+Michael+J.+Sullivan&hl=&cd=1&source=gbs_api",https://play.google.com/store/books/details?id=n4_QlGZENl0C&source=gbs_api,1405517123,9781405517126
Talio's Codex,J. Alexander Cohen,https://images-na.ssl-images-amazon.com/images/S/compressed.photo.goodreads.com/books/1715094480i/212903418.jpg,,,"Is love worth destroying his reputation? Ten years ago, the theft of his codex destroyed Talio Rossa's career as a magistrate in the four cities. But when his ex-wife-finally willing to forgive finding him in bed with a man-presents him a long-shot legal case, he has the chance to get his career back on track. While fighting to rejoin the legal community, Talio uncovers a conspiracy so big it threatens the origins of the four cities themselves. Their prosperity is only thanks to their connection by magical floating waterways and the brilliance of their legal system, now regarded as near scripture. To save his career, Talio must work with both the one who doomed his marriage and the hooded, heretical man who sets his heart aflame but is determined to plead guilty to a murder he didn't commit. To stand a chance of winning the case, saving his career and the man of his dreams, Talio will have to uncover an explosive secret destined to blow the legal system apart. Find out what happens in Talio's Codex by J. Alexander Cohen!",2024-07-16,0,0,Fiction,Unknown,en,http://books.google.co.in/books?id=e3-10AEACAAJ&dq=Talio%27s+Codex+J.+Alexander+Cohen&hl=&cd=1&source=gbs_api,http://books.google.co.in/books?id=e3-10AEACAAJ&dq=Talio%27s+Codex+J.+Alexander+Cohen&hl=&source=gbs_api,1960247220,9781960247223
"The Chains of Fate (Aelfyn Archives, #2)",Samantha Amstutz,https://images-na.ssl-images-amazon.com/images/S/compressed.photo.goodreads.com/books/1718874588i/123241079.jpg,,,"Now adapted as a fiction podcast series from FictionZ and Apple, starring Mina Sindwall (Lost in Space)! Bestselling author Laurie Faria Stolarz’s thrilling novel Jane Anonymous is a revelatory confessional of a seventeen-year-old girl’s fight to escape a kidnapper—and her struggles to connect with loved ones and a life that no longer exists. Seven months. That’s how long I was kept captive. Locked in a room with a bed, refrigerator, and adjoining bathroom, I was instructed to eat, bathe, and behave. I received meals, laundered clothes, and toiletries through a cat door, never knowing if it was day or night. The last time I saw the face of my abductor was when he dragged me fighting from the trunk of his car. My only solace was Mason—one of the other kidnapped teens—and our pact to one day escape together. But when that day finally came, I had to leave him behind. Now that I’m home, my parents and friends want everything to be like it was before I left. But they don’t understand that dining out and shopping trips can’t heal what’s broken inside me. I barely leave my bedroom. Therapists are clueless and condescending. So I start my own form of therapy—but writing about my experience awakens uncomfortable memories, ones that should’ve stayed buried. When I ask the detectives assigned to my case about Mason, I get an answer I don’t believe—that there were no traces of any other kidnapped kids. But I distinctly remember the screams, holding hands with Mason through a hole in my wall, and sharing a chocolate bar. I don’t believe he wasn’t really there and I’m determined to find him. How far will I have to go to uncover the truth of what happened—and will it break me forever?",2020-01-07,0,271,Young Adult Fiction,Wednesday Books,en,"http://books.google.co.in/books?id=iyeaDwAAQBAJ&printsec=frontcover&dq=The+Chains+of+Fate+(Aelfyn+Archives,+%232)+Samantha+Amstutz&hl=&cd=1&source=gbs_api",https://play.google.com/store/books/details?id=iyeaDwAAQBAJ&source=gbs_api,1250303729,9781250303721
"The Alpha of Bleake Isle (Dragonkin, #1)",Kathryn  Moon,https://images-na.ssl-images-amazon.com/images/S/compressed.photo.goodreads.com/books/1706983851i/207051850.jpg,,,"Nötchka Uumian, solo-scavenger and pilot, only came to Bandalier for business. But when her first ever heat cycle hits, she has two choices: get off the planet or find somewhere safe to ride out the heatburns. Determined to never end up mated and trapped in a kitchen, she heads into the Droid district. You can't mate if the other person isn't an organic right?Low on funds and preparing for weeks of sexual stupor, Nötchka finds herself in the Nuts in Bolts, a nearly deserted Cozy House with a handful of older models, two of which aren't even servicing. But the owner, Proto model Avan-8, is willing to trade sex for repairs and Nötchka is desperate. Everything will stay simple with droids... or it would if she didn't end up liking them all so much. If she can just make it through her heat without too many feelings, avoid the pack of Dendärys males that seem determined to catch her, and figure out why women are going missing, it will all work out. It's definitely not vekking working out.Good Deeds is a full length, insta-burn, standalone, reverse harem romance novel, starring a fiesty heroine and five fritzing hot android heroes.",2019-01-16,0,258,Fiction,Independently Published,en,"http://books.google.co.in/books?id=PW42wQEACAAJ&dq=The+Alpha+of+Bleake+Isle+(Dragonkin,+%231)+Kathryn++Moon&hl=&cd=1&source=gbs_api","http://books.google.co.in/books?id=PW42wQEACAAJ&dq=The+Alpha+of+Bleake+Isle+(Dragonkin,+%231)+Kathryn++Moon&hl=&source=gbs_api",1794233296,9781794233294
"Pillar of Ash (The Four Pillars, #4)",H.M. Long,https://images-na.ssl-images-amazon.com/images/S/compressed.photo.goodreads.com/books/1680101917i/61135667.jpg,,,"Epic fantasy followup to HALL OF SMOKE, featuring crumbling empires, secretive cults and godlike powers to be claimed, for readers of Margaret Owen, Brian Staveley, V. E. Schwab and Melissa Caruso After a brutal war between the gods, Hessa – High Priestess of the Eangen – has brokered a fragile peace. Through great sacrifice, she has forged an alliance between warring tribes and introduced her people to the true god. But a new threat is growing across the southern border. In the remnants of the once-great Arpa Empire, three factions are vying for the imperial throne, and the vast well of raw magical power only accessible to the Arpa Emperor. Already beating back former Arpa legionaries at her borders, Hessa knows she cannot let this chance slip by. She must intervene, for the safety of her people. With the peace she has sacrificed so much for at stake, Hessa must venture into the heart of enemy territory, where warring Arpa factions are not the only danger she must face. A sinister new cult is on the rise, one with the power to suck the life from everything it touches. With enemies on every side and her fragile alliance beginning to waver, Hessa must decide who to trust – no matter what it may cost her...",2022-01-25,0,420,Fiction,Titan Books,en,"http://books.google.co.in/books?id=MoRZEAAAQBAJ&printsec=frontcover&dq=Pillar+of+Ash+(The+Four+Pillars,+%234)+H.M.+Long&hl=&cd=1&source=gbs_api",https://play.google.com/store/books/details?id=MoRZEAAAQBAJ&source=gbs_api,1789095573,9781789095579
Infinity Alchemist (Infinity Alchemist #1),Kacen Callender,https://images-na.ssl-images-amazon.com/images/S/compressed.photo.goodreads.com/books/1705691088i/150277121.jpg,,,"A New York Times, Publishers Weekly, and IndieBound bestseller! Balancing epic and intensely personal stakes, bestselling author Adam Silvera's Infinity Son is a gritty, fast-paced adventure about two brothers caught up in a magical war generations in the making. Growing up in New York, brothers Emil and Brighton always idolized the Spell Walkers--a vigilante group sworn to rid the world of specters. While the Spell Walkers and other celestials are born with powers, specters take them, violently stealing the essence of endangered magical creatures. Brighton wishes he had a power so he could join the fray. Emil just wants the fighting to stop. The cycle of violence has taken a toll, making it harder for anyone with a power to live peacefully and openly. In this climate of fear, a gang of specters has been growing bolder by the day. Then, in a brawl after a protest, Emil manifests a power of his own--one that puts him right at the heart of the conflict and sets him up to be the heroic Spell Walker Brighton always wanted to be. Brotherhood, love, and loyalty will be put to the test, and no one will escape the fight unscathed.",2020-12,0,384,Young Adult Fiction,Quill Tree Books,en,http://books.google.co.in/books?id=cUJ_zQEACAAJ&dq=Infinity+Alchemist+(Infinity+Alchemist+%231)+Kacen+Callender&hl=&cd=1&source=gbs_api,http://books.google.co.in/books?id=cUJ_zQEACAAJ&dq=Infinity+Alchemist+(Infinity+Alchemist+%231)+Kacen+Callender&hl=&source=gbs_api,0062457837,9780062457837
The Honey Witch,Sydney J. Shields,https://images-na.ssl-images-amazon.com/images/S/compressed.photo.goodreads.com/books/1693440479i/196726166.jpg,,,"'Reading The Honey Witch is like dreaming in a fragrant sunlit garden while bees sing around you. It's a gorgeous book, with a lovely cottagecore ambience and a heart-warming sapphic romance intertwined with unique magic that enchants the imagination' India Holton, internationally bestselling author The Honey Witch of Innisfree can never find true love. That is her curse to bear. But when a young woman who doesn't believe in magic arrives on her island, sparks fly in this deliciously sweet debut novel of magic, hope, and love overcoming all. Twenty-one-year-old Marigold Claude has always preferred the company of the spirits of the meadow to any of the suitors who've tried to woo her. So when her grandmother whisks her away to the family cottage on the tiny Isle of Innisfree with an offer to train her as the next Honey Witch, she accepts immediately. But her newfound magic and independence come with a price: No one can fall in love with the Honey Witch. When Lottie Burke, a notoriously grumpy skeptic who doesn't believe in magic, shows up on her doorstep, Marigold can't resist the challenge to prove to her that magic is real. But soon, Marigold begins to care for Lottie in ways she never expected. And when darker magic awakens and threatens to destroy her home, she must fight for much more than her new home-at the risk of losing her magic and her heart.. A delicious debut that combines the swoon-worthy romance of Bridgerton and the whimsical sorcery of Practical Magic, with a dash of The Secret Life of Bees thrown in for good fun. Praise for The Honey Witch: 'As effervescent as a bottle of sparkling mead, The Honey Witch charms with every sentence. Shields writes with a fierce, uncynical honesty that will have you believing in soulmates, uncovering magic everywhere, and embracing your own wildness' S.T. Gibson, author of An Education in Malice 'The Honey Witch is a sweet feast, brimming with whimsy, magic, and tender longing. . . sugar-glazed and heart warming and thoroughly enjoyable' Rachel Gillig, author of One Dark Window 'As sweet and warm as honeyed tea. Shields' debut deftly explores love, loss, and loneliness-and the joy of seeing magic in all things, however small. With charming characters and a lush setting, The Honey Witch will delight fans of cosy fantasy' Allison Saft, author of A Far Wilder Magic 'Gorgeously lyrical and utterly addicting' Rebecca Thorne, author of Can't Spell Treason Without Tea 'Enchanting, whimsical, and firmly rooted in finding yourself after loss, this novel will break your heart and then soothe it with magic honey. Pour yourself a cup of tea, drizzle in some local honey, and let this decadent book transport you' Breanne Randall, author of The Unfortunate Side Effects of Heartbreak and Magic 'The Honey Witch will charm you with its setting and its love for all things natural - especially bees! This tale of a young witch dealing with a curse and a battle between dark magic and light, with her romance in the balance, is one all fans of witches and folk magic will love' Louisa Morgan, author of The Secret History of Witches 'Shields has written a cosy confection of a book-full of whimsy, spice, and heart. The Honey Witch is an ode to love, and just how sweet it can be' Maiga Doocy, author of Sorcery and Small Magics 'For anyone who has ever known what the mundane world wants them to be isn't possible or even desirable, The Honey Witch takes a luminous, divergent path' Willa Reece, author of Wildwood Magic",2024-05-14,0,331,Fiction,Hachette UK,en,http://books.google.co.in/books?id=uwjSEAAAQBAJ&pg=PT1&dq=The+Honey+Witch+Sydney+J.+Shields&hl=&cd=1&source=gbs_api,https://play.google.com/store/books/details?id=uwjSEAAAQBAJ&source=gbs_api,0356522512,9780356522517
Veiled Voyage: an action adventure fantasy (Veiled Gods Book 1),Jennifer  Maughan,https://images-na.ssl-images-amazon.com/images/S/compressed.photo.goodreads.com/books/1710100418i/209703938.jpg,,,No description available,2024-04-09,0,0,Fiction,Unknown,en,http://books.google.co.in/books?id=9Uqr0AEACAAJ&dq=Veiled+Voyage:+an+action+adventure+fantasy+(Veiled+Gods+Book+1)+Jennifer++Maughan&hl=&cd=1&source=gbs_api,http://books.google.co.in/books?id=9Uqr0AEACAAJ&dq=Veiled+Voyage:+an+action+adventure+fantasy+(Veiled+Gods+Book+1)+Jennifer++Maughan&hl=&source=gbs_api,,9798218409999
"A Cursed Son (Remnants of the Fallen Kingdom, #1)",Day Leitao,https://images-na.ssl-images-amazon.com/images/S/compressed.photo.goodreads.com/books/1702582874i/203805180.jpg,,,"Discover the Graceling Realm in this unforgettable, award-winning novel from bestselling author Kristin Cashore. A New York Times bestseller * ALA Best Book for Young Adults * Mythopoeic Fantasy Award for Children's Literature Winner * Publishers Weekly, School Library Journal, Booklist, and BCCB Best Book of the Year “Rageful, exhilarating, wistful in turns"" (New York Times Book Review) with “a knee weakening romance” (Los Angeles Times). Graceling is a thrilling, action-packed fantasy adventure that will resonate deeply with anyone trying to find their way in the world. Graceling tells the story of the vulnerable-yet-strong Katsa, who is smart and beautiful and lives in the Seven Kingdoms where selected people are born with a Grace, a special talent that can be anything at all. Katsa’s Grace is killing. As the king’s niece, she is forced to use her extreme skills as his brutal enforcer. Until the day she meets Prince Po, who is Graced with combat skills, and Katsa’s life begins to change. She never expects to become Po’s friend. She never expects to learn a new truth about her own Grace—or about a terrible secret that lies hidden far away . . . a secret that could destroy all seven kingdoms with words alone. And don’t miss the sequel Fire and companion Bitterblue, both award-winning New York Times bestsellers featuring Kristin Cashore’s elegant, evocative prose and unforgettable characters. This ebook includes sample chapters of Fire, Bitterblue, and Jane, Unlimited.",2009-09-07,4,485,Young Adult Fiction,HarperCollins,en,"http://books.google.co.in/books?id=6c4to5UOjS0C&dq=A+Cursed+Son+(Remnants+of+the+Fallen+Kingdom,+%231)+Day+Leitao&hl=&cd=1&source=gbs_api","http://books.google.co.in/books?id=6c4to5UOjS0C&dq=A+Cursed+Son+(Remnants+of+the+Fallen+Kingdom,+%231)+Day+Leitao&hl=&source=gbs_api",0547351275,9780547351278
"The Dark Mirror (The Bone Season, #5)",Samantha    Shannon,https://images-na.ssl-images-amazon.com/images/S/compressed.photo.goodreads.com/books/1723133002i/24526778.jpg,,,No description available,2015-07,0,624,Fiction,Unknown,de,"http://books.google.co.in/books?id=PzXQrQEACAAJ&dq=The+Dark+Mirror+(The+Bone+Season,+%235)+Samantha++++Shannon&hl=&cd=1&source=gbs_api","http://books.google.co.in/books?id=PzXQrQEACAAJ&dq=The+Dark+Mirror+(The+Bone+Season,+%235)+Samantha++++Shannon&hl=&source=gbs_api",3833309326,9783833309328
The Fireborne Blade,Charlotte Bond,https://images-na.ssl-images-amazon.com/images/S/compressed.photo.goodreads.com/books/1695068284i/143166308.jpg,,,"Kill the dragon. Find the blade. Reclaim her honor. It’s that, or end up like countless knights before her, as a puddle of gore and molten armor. Maddileh is a knight. There aren’t many women in her line of work, and it often feels like the sneering and contempt from her peers is harder to stomach than the actual dragon slaying. But she’s a knight, and made of sterner stuff. A minor infraction forces her to redeem her honor in the most dramatic way possible, she must retrieve the fabled Fireborne Blade from its keeper, legendary dragon the White Lady, or die trying. If history tells us anything, it's that “die trying” is where to wager your coin. Maddileh’s tale contains a rich history of dragons, ill-fated knights, scheming squires, and sapphic love, with deceptions and double-crosses that will keep you guessing right up to its dramatic conclusion. Ultimately, The Fireborne Blade is about the roles we refuse to accept, and of the place we make for ourselves in the world. At the Publisher's request, this title is being sold without Digital Rights Management Software (DRM) applied.",2024-05-28,0,103,Fiction,Tordotcom,en,http://books.google.co.in/books?id=-lDTEAAAQBAJ&pg=PT102&dq=The+Fireborne+Blade+Charlotte+Bond&hl=&cd=1&source=gbs_api,https://play.google.com/store/books/details?id=-lDTEAAAQBAJ&source=gbs_api,1250290325,9781250290328
Fate of the Sun King (Artefacts of Ouranos #3),Nisha J. Tuli,https://images-na.ssl-images-amazon.com/images/S/compressed.photo.goodreads.com/books/1705440978i/123274226.jpg,,,"Get ready to enter a world on the brink of battle, filled with gods, magicians, dragons, giants - and experience an epic love story . . . 'Exciting, interesting, captivating and a little bit steamy!' ⭐ ⭐ ⭐ ⭐ ⭐ reader review 'A fantasy series not to be missed. Myths, legends, action, romance, family loyalty and suspense all rolled into one amazing series of books!' ⭐ ⭐ ⭐ ⭐ ⭐ reader review 'This was an amazing book, the story was breathtaking and the characters engaging!' ⭐ ⭐ ⭐ ⭐ ⭐ reader review .................................. In a land where magic is might, Catalia Fisa is the mightiest of them all . . . Catalia Fisa, Lost Princess, has been running from destiny her whole life. Yet deep down, she has always believed that the prophecy shadowing her every step is inescapable: her unimaginable power will bring unfathomable disaster. But now her newfound loved ones are caught between the shadow of Cat's tortured past and the threat of her world-shattering future. Although it may be that this, even with all her power, is still the one battle she cannot win, Cat's determined not to go down without a fight. As the realms descend into all-out war, Cat knows she must embrace the power at her command. With Griffin by her side and Gods willing, perhaps she can emerge victorious in this fiery forging of a new Kingdom. .................................. 'Breath of Fire is a heart-pounding and joyous romantic adventure that swept me away. Amanda Bouchet's talent is striking' Nalini Singh 'Absolutely fabulous. I didn't want to put [Breath of Fire] down. Amanda Bouchet is now on my auto-buy list! I highly recommend her books to my readers and to anyone looking for a great blend of fantasy and romance.' C.L. Wilson 'This book is utterly breathtaking!' Darynda Jones 'A Promise of Fire made me laugh out loud more than once' Thea Harrison Read the rest of The Kingmaker Chronicles! A Promise of Fire (Book 1) Breath of Fire (Book 2) Heart on Fire (Book 3) A Curse of Queens (Book 4)",2017-01-03,0,301,Fiction,Hachette UK,en,http://books.google.co.in/books?id=-VV3DAAAQBAJ&printsec=frontcover&dq=Fate+of+the+Sun+King+(Artefacts+of+Ouranos+%233)+Nisha+J.+Tuli&hl=&cd=1&source=gbs_api,https://play.google.com/store/books/details?id=-VV3DAAAQBAJ&source=gbs_api,0349412553,9780349412559
"Necrobane (The Warden, #2)",Daniel M. Ford,https://images-na.ssl-images-amazon.com/images/S/compressed.photo.goodreads.com/books/1702405811i/123281541.jpg,,,"Marion Deeds's Comeuppance Served Cold is a hard-boiled historical fantasy of criminality and magic, couched in the glamour of Miss Fisher's Murder Mysteries. A Most Anticipated Pick for Buzzfeed | Bustle | Autostraddle | The Nerd Daily Seattle, 1929—a bitterly divided city overflowing with wealth, violence, and magic. A respected magus and city leader intent on criminalizing Seattle’s most vulnerable magickers hires a young woman as a lady’s companion to curb his rebellious daughter’s outrageous behavior. The widowed owner of a speakeasy encounters an opportunity to make her husband’s murderer pay while she tries to keep her shapeshifter brother safe. A notorious thief slips into the city to complete a delicate and dangerous job that will leave chaos in its wake. One thing is for certain—comeuppance, eventually, waits for everyone. At the Publisher's request, this title is being sold without Digital Rights Management Software (DRM) applied.",2022-03-22,0,159,Fiction,Tordotcom,en,"http://books.google.co.in/books?id=s6AoEAAAQBAJ&printsec=frontcover&dq=Necrobane+(The+Warden,+%232)+Daniel+M.+Ford&hl=&cd=1&source=gbs_api",https://play.google.com/store/books/details?id=s6AoEAAAQBAJ&source=gbs_api,1250811082,9781250811080
The Rule of the Damned (The Titan Syndicate Saga #1),Stephanie Storm,https://images-na.ssl-images-amazon.com/images/S/compressed.photo.goodreads.com/books/1720464131i/210132495.jpg,,,"Presents a series of short science-fiction stories that tells of encounters between humans and the intelligent, self-aware death machines known as the Berserkers.",2003,0,0,Large type books,Unknown,en,http://books.google.co.in/books?id=ZlYMAAAACAAJ&dq=The+Rule+of+the+Damned+(The+Titan+Syndicate+Saga+%231)+Stephanie+Storm&hl=&cd=1&source=gbs_api,http://books.google.co.in/books?id=ZlYMAAAACAAJ&dq=The+Rule+of+the+Damned+(The+Titan+Syndicate+Saga+%231)+Stephanie+Storm&hl=&source=gbs_api,0786254858,9780786254859
Through Legend They Fall,Rachel Pendley,https://images-na.ssl-images-amazon.com/images/S/compressed.photo.goodreads.com/books/1693771543i/198481585.jpg,,,"Captured by the enemy, Ferrin Grey must now survive not only the wrath of Kon Corah, but the horrors that the unseen king has created, and nothing is as it seems. Even the mission has warped into something unrecognizable, forcing Ferrin to confront the prospect of a reality far grislier than he could have ever imagined. As ambitious as it is sinister, Through Legend They Fall: Part Two is sure to leave your skin crawling as you hunger for more.",2025-03-25,0,0,Fiction,Unknown,en,http://books.google.co.in/books?id=q5cd0QEACAAJ&dq=Through+Legend+They+Fall+Rachel+Pendley&hl=&cd=1&source=gbs_api,http://books.google.co.in/books?id=q5cd0QEACAAJ&dq=Through+Legend+They+Fall+Rachel+Pendley&hl=&source=gbs_api,,9798989791705
