title,url,author,language,words,chapters,summary,tags
Dark Matter,https://archiveofourown.org/works/30153540,mysterycyclone,English,241043,46,"The last thing Peter sees is Tony's horrified, heartbroken expression leaning over him. The guilt in his eyes is almost worse than the burning pain that's taking Peter apart piece by piece. The world starts to go dark.There's a flash of gold and green. For one moment, he finds himself standing amongst the Guardians and others. And then darkness again. It feels like blinking; an extended period of nothingness that ends as abruptly as it begins. One moment there’s nothing, the next there’s light.“Easy,” a woman says. Her words are gentle, and carry a slight accent that he can’t place. ""I'm called Wonder Woman. What's your name?""","Creator Chose Not To Use Archive Warnings, Graphic Depictions Of Violence, Peter Parker & Tony Stark, Peter Parker & Avengers Team, Clark Kent & Peter Parker, Diana (Wonder Woman) & Peter Parker, Peter Parker & Bruce Wayne, Dick Grayson & Peter Parker, Gotham City & Peter Parker, Tim Drake & Peter Parker, Batman & Spiderman, Peter Parker, Bruce Wayne, Jason Todd, Dick Grayson, Duke Thomas, Tim Drake, Not Avengers: Endgame (Movie) Compliant, Post-Avengers: Infinity War Part 1 (Movie), Soul Stone (Marvel) - Freeform, wherein Peter accidentally steals the soul stone, with several interesting consequences to follow, Homeless Peter Parker, Peter Parker Whump, Dimension Travel, Crossovers & Fandom Fusions, Angst and Humor, BAMF Peter Parker, Found Family"
The Third Option,https://archiveofourown.org/works/16023554,Uncertainty_Principle,English,220959,37,"Homecoming AU.Ben and May divorced before Peter’s parents died, so when Ben is murdered Peter goes into foster care. It takes just a tiny taste of superpowers for Peter to decide he doesn’t want to put up with his horrible foster father anymore—the streets are infinitely more appealing. All he wants is to be Spider-Man anyway.So he leaves.Simple.Simple, that is, until Iron Man needs Spider-Man’s help. Peter isn’t about to turn down an opportunity to fight alongside Tony Freaking Stark, but he also isn’t going to let his hero know that his recruit is a fifteen-year-old homeless dropout. So they strike a deal. Peter will help Tony. In return, the mask stays on.And that’s when things get complicated.","Rape/Non-Con, Ben Parker & Peter Parker, May Parker & Peter Parker, Tony Stark & Peter Parker, Peter Parker, Tony Stark, Ned Leeds, Michelle Jones, May Parker, Pepper Potts, Ben Parker, Skip Westcott, Hurt/Comfort, Emotional Hurt/Comfort, Sexual Abuse, Emotional Abuse, Physical Abuse, Alternate Universe, Alternate version of CACW and Homecoming, previously posted under signofthree, signofthree, I'm trying to stop systematically dismantling my life but I do it anyway, Hurt Peter Parker, he's still a hardcore hero though, unfair depictions of the foster care system, most foster parents are angels, these are not, Secret Identity, Identity Reveal, Slow Build, Disordered Eating, Homeless Peter Parker"
Astronomy In Reverse,https://archiveofourown.org/works/12968454,pansley,English,184784,25,"A year after the Winter Soldier failed his mission in DC, Bucky Barnes is doing his best to stay under the radar from both Hydra and Steve Rogers. His hope for a peaceful day-to-day life in limbo goes awry, however, when he meets Queens’ newest hero; a pure-hearted kid with a death wish and a ridiculous pair of red and blue pajamas.The last thing Steve expects when he finally tracks Bucky down is that, not only has the man been living in Queens all this time, right under his nose, but also that, in the two years since they last saw each other, Bucky somehow acquired a kid.Alternatively: How Peter Parker effectively fucks over Bucky Barnes, and also totally saves him. 
Fanart by  Monireh on AO3 and tumblr","No Archive Warnings Apply, James ""Bucky"" Barnes/Steve Rogers, James ""Bucky"" Barnes & Peter Parker, Peter Parker & Tony Stark, Peter Parker & Steve Rogers, James ""Bucky"" Barnes & Tony Stark, James ""Bucky"" Barnes, Peter Parker, Steve Rogers, Tony Stark, T'Challa (Marvel), James ""Rhodey"" Rhodes, Sam Wilson (Marvel), Baron Zemo, Gratuitous Superfamily, Becoming a family, Hydra being a dick, Peter is canonly adorkable, Protective Bucky Barnes, Protective Peter Parker, unfair representation of the foster care system, Fluff, canon amount of angst, amateur (but effective) equine therapy, Civil War Fix-It, bucky is a good dad, Peter is a good kid, Steve is a good boyfriend, Tony is a good friend, and also kind of a sugar daddy, without benefits, Hero Worship, Peter is majorly stanning everybody in this fic and it's cute, world's most adorable basketball"
Constant Internal [Spider] Screaming: Semi-Connected Scenes from a Graduating Senior’s Life,https://archiveofourown.org/works/20463974,isaDanCurtisproduction,English,141489,17,"When Peter's Teacher announces that his Graduating Class's Senior Trip is going to be to Stark Industries, the place where Peter has an internship, and where he spends so much of his free time, he is... less than enthused. No one believes his Internship is real and frankly, he just doesn't want to deal with it, but between May and Mr. Stark, he doesn't really think he's going to get much of a choice.He's going to have to goAt least Ned is excited about it.And hey, he has a month till the actual day, maybe he'll fall into a pit or get carried away by a stork-themed villain or fall into a Coma or something before the dreaded Field Trip","No Archive Warnings Apply, Peter Parker & Tony Stark, Ned Leeds & Peter Parker, Peter Parker & Michelle Jones, May Parker (Spider-Man) & Peter Parker, Peter Parker & Avengers Team, Peter Parker, Tony Stark, Ned Leeds, Michelle Jones, May Parker (Spider-Man), Pepper Potts, Avengers Team (MCU), Flash Thompson, Happy Hogan, Field Trip, Peter Parker's Field Trip to Stark Industries, Father-Son Relationship, Peter Parker is a Mess, Tony Stark is a Good Mentor, Intern Peter Parker, Happy, Stressed Peter Parker, Avengers Family, Avengers Tower, Domestic Avengers, Identity Reveal, Secret Identity, Stark Industries, Gen Work, No Romance, The Avengers Are Good Bros, Post-Spider-Man: Homecoming, Not Spider-Man: Far From Home Compliant, Not Captain America: Civil War (Movie) Compliant, Senior Year Peter Parker, Alternate Universe - Canon Divergence, Protective Tony Stark, Infinity War What is that?, Tony Stark Has a Heart, Interns & Internships, Ned Leeds is a Good Bro, BAMF Michelle Jones, Best Friends, Not copy to another site, Don't copy to another site"
Holly Potter and the Midlife Crisis,https://archiveofourown.org/works/17946929,Enigmaris,English,392453,80,"“The first group I sent over made the Avengers uncomfortable by thanking them constantly and asking for autographs. The next group stole things to sell on ebay. The group after that didn’t even get through the front door because Stark’s security system found something in their background that we missed. The fourth group left traumatized after cleaning out Thor’s room, apparently the god had some beheaded poultry dripping blood into a bowl in there. Then after that every group I’ve left hasn’t lasted more than three days because of some problem or another. I’m pretty sure one of those assholes has made it a game to scare my workers away.”“I don’t think you’re supposed to call the heroes of New York assholes.”Or, cleaning up after the Avengers involves more than just getting blood stains out of the carpet and most of them can't take the heat. Thankfully the Savior of the Wizarding has spent the last decade cleaning up after Death Eaters, so she's up to the task. Nothing, not pranks, bird corpses, or unidentified slime will keep her from cleaning up.  This Fic is now complete!","No Archive Warnings Apply, Harry Potter, Thor (Marvel), Loki (Marvel), Steve Rogers, Clint Barton, Natasha Romanov (Marvel), Tony Stark, Bruce Banner, Teddy Lupin, Hermione Granger, Ron Weasley, Jarvis (Iron Man movies), Thanos (Marvel), James ""Bucky"" Barnes, The Black Order (Marvel), Death (Harry Potter), Sam Wilson (Marvel), Peggy Carter, James Potter, Lily Evans Potter, Sirius Black, Remus Lupin, Nymphadora Tonks, Original Potter Family Characters (Harry Potter), Hela (Marvel), Odin (Marvel), Frigga | Freyja (Marvel), Sif (Marvel), Ralston Potter, Lila Barton, Female Harry Potter, Post-Avengers (2012), Canon Divergence - Post-Avengers (2012), Avengers Tower, The Avengers Are Good Bros, I renamed Harry, She's Holly now, Pranks and Practical Jokes, The Savior of the Wizarding World needs a vacation, and therapy, Ever wonder who cleans Avengers Tower?, Now you don't have to, Thor's Hammer - Freeform, Is Loki Innocent?, Maybe - Freeform, Does it matter?, Midlife Crisis, Jarvis deserves a friend, Bisexual Harry Potter, infinity war arc but better, Cosmic Entities, Comic book elements, Therapy, seriously, They need therapy and they get it, Wholesome, Hurt/Comfort, Happy Ending, Hogwarts, Found Family, Seriously so much found family, complete fic, happy endings"
Such Sweet Revenge,https://archiveofourown.org/works/15146219,ali_aliska,English,167714,36,"When the Rogues are back in the States after being pardoned, the New Avengers want nothing to do with them and as far as Tony is concerned, if he never speaks to them again, it'll be too soon. After all, he didn't spend the last year putting himself (and his family) back together only for his former co-workers to ruin all of his hard work.But then he gets a hand-written letter from the Winter Soldier himself, apologizing for the events that transpired and an off-handed comment from Rhodey about Rogers failing to take care of an obviously miserable Bucky Barnes sets in motion Tony's new, oh-so-evil plan to get some payback.After all, what better revenge than to steal the Winter Soldier away from his best friend?The only problem: Tony sucks at being vengeful, but apparently he's an expert at inadvertently falling in love.","No Archive Warnings Apply, James ""Bucky"" Barnes/Tony Stark, Tony Stark, James ""Bucky"" Barnes, Appearances by Most of MCU Characters, Post-Captain America: Civil War (Movie), Team Iron Man, not team Cap friendly, Tony Stark Has a Heart, Bucky Barnes Needs a Hug, Bucky Barnes Gets a Hug, Enemies to Friends to Lovers, Falling In Love, Slow Burn, Hurt/Comfort, Insecurity, Insecure Bucky Barnes, Protective Tony Stark, Additional Warnings In Author's Note, Mature Sexual Content, Pining, Not Steve Rogers Friendly, Not Clint Barton Friendly, Not Wanda Maximoff Friendly, Instances of Panic Attacks, Insecure Tony Stark, Unrepentant Wanda Maximoff, Steve Rogers is Living in the Past, Bucky Barnes Angst, Bucky Barnes is Miserable and Lonely, Bucky Barnes Needs to be Loved and Accepted, Tony Stark To The Rescue, Well Adjusted Tony Stark, mostly - Freeform, BAMF Tony Stark, James Rhodes Is a Good Bro, Reformed Loki, Background Loki/Strange"
On Punching Gods and Absentee Dads,https://archiveofourown.org/works/17926664,Enigmaris,English,246843,56,"Harry finds out that his dad is alive, has been the whole time. Instead of being overjoyed, Harry's disgusted. His dad left earth and abandoned his friends. Every painful thing he's ever gone through can be traced back to one man. Now Harry's got super strength he can't control and an almost unnecessary amount of magical power. His dad might be living it up with the Avengers now but not for long. With the help of his friends, Harry comes up with a plan for revenge. Get ready Avengers, Harry's out to punch a god.","No Archive Warnings Apply, Harry Potter, Hermione Granger, Ron Weasley, Loki (Marvel), Thor (Marvel), Tony Stark, Lily Evans Potter, Albus Dumbledore, Natasha Romanov (Marvel), Clint Barton, Bruce Banner, Sirius Black, Remus Lupin, James Potter, Fatherhood, Dealing with your trauma by punching a god, Forgiveness, Lies, Prophecy, Loki works with the Avengers, Harry Potter is Loki (Marvel)'s Child, James Potter Lives, Sirius Black deserved better, Manipulative Albus Dumbledore, Angst, Humor, Lily Evans is perfect, Genius Hermione Granger, Harry doesn't trust adults, but can you blame him?, Protect Harry Potter, Canon Divergence - Post-Harry Potter and the Order of the Phoenix, Demigod Harry Potter, I've been told this is wholesome, happy endings, complete fic, The Golden Trio"
The War is Far From Over Now,https://archiveofourown.org/works/10799406,Dont_call_me_Carrie,English,152044,45,"The world keeps pushing him, demanding, because what he did wasn't enough. Genius, billionaire, playboy, philanthropist, but that wasn't enough, wasn't ever enough. Tony Stark was tired. But he had a planet to protect, even if everyone laughed at him whenever the prospect of alien invasions was brought up. He could count on one hand how many people he could trust, which was disheartening but then, what else was new?  Or,  In which Tony does not, in fact, intend to take over the world....unfortunately, everyone else missed that particular memo. [gradual divergence from canon, starting at the end of Iron Man 3. In which it's Tony's self-awareness, rather than his support system, that becomes a cryptid sometime during Phase II.]","Graphic Depictions Of Violence, Jarvis (Iron Man movies) & Tony Stark, Pepper Potts & Tony Stark, James ""Rhodey"" Rhodes & Tony Stark, past Tony Stark & the Avengers, Maria Hill & Tony Stark, Nick Fury & Tony Stark, Tony Stark, Jarvis (Iron Man movies), Bruce Banner, Pepper Potts, James ""Rhodey"" Rhodes, Steve Rogers, Thor (Marvel), Natasha Romanov (Marvel), Clint Barton, Scott Lang, Wanda Maximoff, Stark Industries' Legal Department, SHIELD Agents & Staff, Maria Hill, Nick Fury, Stark Industries - Character, Peter Parker, Alternate Universe - Canon Divergence, Protective Jarvis (Iron Man movies), BAMF JARVIS, Unreliable Narrator, Codependency, Mental Health Issues, Tony Stark Has Issues, Dubious Morality, Unhealthy Relationships, Unhealthy Coping Mechanisms, Loss of Trust, Jarvis (Iron Man movies) Lives, Jarvis (Iron Man movies) is a Good Bro, Rhodey Is a Good Bro, Awesome Pepper Potts, BAMF everyone, BAMF SI Legal Team, Not Team Captain America Friendly, Not Avengers friendly, Civil War Team Iron Man, World Domination, with a side of crack at the end, Accidental World Domination, Fix-It of Sorts, Fix-It via Accidental World Domination, Other Additional Tags to Be Added, Accidental Overlord Tony Stark, Miscommunication, BAMF Stark Industries, Tags May Change, Crack Treated Seriously, Don't copy to another site"
The Long Road Begins at Home,https://archiveofourown.org/works/5339822,owlet,English,144847,50,"Oh sure, reunion results in happiness, kittens, and rainbows, because that's definitely how life goes when you've just spent 70 years as a tool of villainy. I mean, what could possibly go wrong?","Creator Chose Not To Use Archive Warnings, James ""Bucky"" Barnes & Steve Rogers, Steve Rogers/Peggy Carter (past), James ""Bucky"" Barnes, Steve Rogers, Old People Brigade - Character, Natasha Romanov, Sam Wilson (Marvel), Maria Hill, Clint Barton, Tony Stark, Pepper Potts, Bruce Banner, Thor (Marvel), Jane Foster (Marvel), Darcy Lewis, James Rhodes, The Olds - Character, Cat Eleanor - Character, Peggy Carter, Recovery, cursing, Post-Traumatic Stress Disorder - PTSD, Sarcasm, Internal dialog like whoa, Angst and Humor, How happy am I that there's actually an ""angst and humor"" tag, Let's pretend AoU never happened, My headcanon is a kinder universe than the MCU, Dissociation, Old People Brigade, Sam Wilson is a Gift"
Peter the Pizza Guy,https://archiveofourown.org/works/37223179,Irisen,English,205833,39,"Strange’s second spell does not have anything to do with memory. Maybe Peter should have expected it, as the previous one acted in the same way.Instead of erasing the memories of the ones he loves across the world, the incantation plucked him from his universe, erasing all traces of his existence, and threw him into a new one.Now seventeen, having lost his family and friends, he finds himself in a strange world, alone in one of the most dangerous cities across all dimensions. Or : Peter needs money to survive Gotham and picks up a pizza delivery job. Spider-Man/DCU (Specifically Batman) Crossover 
Do not repost to monetized websites like webnovel","Graphic Depictions Of Violence, Jason Todd & Peter Parker, Pamela Isley & Peter Parker, Batfamily Members & Peter Parker, Peter Parker, Jason Todd, Harley Quinn, Batman’s roster of villains, Dick Grayson, Barbara Gordon, Pamela Isley, Jim Gordon, Original civilian characters, Post-Spider-Man: No Way Home (Movie), Dimension Travel, Crossovers & Fandom Fusions, Peter Parker is 17, Temporary Homelessness, Canon-Typical Violence, Secret Identity, Many of them, Peter-centric, No other marvel character, Pizza, Drama, Gotham Typical Doom and Gloom, Not Beta Read, Grief, Unhealthy Coping Mechanisms, Background Ivy/Harley, Cage Fights, Alternate Universe - Canon Divergence, Body Horror, Friendship, Batfamily Drama (DCU), Unreliable Narrator, Action"
Anew.,https://archiveofourown.org/works/11985126,IViv,English,130297,40,"In death, there was no glory, no redemption, no salvation.Only darkness and ice—or that was what Tony thought. He closed his eyes in a Siberian bunker and opened them again on his 41st birthday, with War Machine flying into the distance.","Graphic Depictions Of Violence, Tony Stark/Stephen Strange, Tony Stark & Stephen Strange, Loki & Thor, Tony Stark, Stephen Strange, Natasha Romanov (Marvel), Steve Rogers, Loki (Marvel), Thor (Marvel), Pepper Potts, James ""Rhodey"" Rhodes, Bruce Banner, James ""Bucky"" Barnes, Clint Barton, Nick Fury, Do-Over, Alternate Universe - Canon Divergence, Tony-centric, Post-Civil War (Marvel), Civil War Team Iron Man, Team Bitter, Tony Stark deserves happiness, Tony Stark Has a Heart, Morally Grey Tony, Post-Captain America: Civil War (Movie), Canon-Typical Violence, Canonical Character Death, Time Travel, Alternate Universe - Time Travel, Time Travel Fix-It, Not Ex-vengers Friendly, But no character bashing either, Later chapters contain spoilers for Avengers: Infinity War"
Ásgarðrian Galdr,https://archiveofourown.org/works/29072913,Valerie_Vancollie,English,479713,93,"What if Loki was able to warn his past self, so he did not lose control during his regency and was able to act as he normally would? What if he had been able to remain calm and in control of himself, and the situation? ""How?"" Loki demanded. ""Betrayal,"" his future self stated simply, rage clear in every syllable. ""But you must control your reaction and come to see me, or you will repeat my mistakes and we will miss an opportunity to take control and alter things in our favor.""It would have changed everything.","No Archive Warnings Apply, Loki & Thor (Marvel), Frigga | Freyja & Loki (Marvel), Loki & Odin, Loki & Warriors Three (Marvel), Heimdall & Loki (Marvel), Loki/Sigyn (Marvel), Asgardians & Loki (Marvel), Frigga | Freyja & Thor (Marvel), Thor & Warriors Three (Marvel), Loki (Marvel), Loki (Norse Religion & Lore), Thor (Marvel), Frigga | Freyja (Marvel), Odin (Marvel), Sif (Marvel), Heimdall (Marvel), Tyr (Marvel), Laufey (Marvel), Laufey (Norse Religion & Lore), Eir (Marvel), Alternate Universe, Canon Divergence - Thor (2011), Loki (Marvel) Does What He Wants, POV Loki (Marvel), BAMF Loki (Marvel), Good Loki (Marvel), Hurt Loki (Marvel), Loki (Marvel) Has Issues, Intersex Loki (Marvel), Loki (Marvel) Feels, Jotunn Loki (Marvel), Protective Frigga (Marvel), Parent Frigga (Marvel), Odin's A+ Parenting (Marvel), Odin's Bad Parenting (Marvel), Asgard (Marvel), Jötunheimr | Jotunheim, Intersex Jotunn (Marvel), Jotunn | Frost Giant, Jotunn Biology (Marvel), Parent-Child Relationship, Brothers, Brotherly Bonding, Brotherhood, Brother Feels, Brotherly Angst, Angst with a Happy Ending, Angst and Hurt/Comfort, Heavy Angst, Angst and Feels, Suspense, Family Drama, Psychological Drama, Angst and Drama, Courtroom Drama, Powerful Loki, Punishment, Bigotry & Prejudice, Internalized racism, Canon-Typical Violence, Betrayal, Speciesism, Original Character(s), Yggdrasil - Freeform, Child Abandonment, Alternate Universe - Time Travel, Time Travel Fix-It, Time Travel, Wordcount: Over 100.000, Body Dysphoria, Political Alliances"
"Be careful what you wish for, you may just get it",https://archiveofourown.org/works/27406909,Savana_Marlark,English,169450,53,"A snap.A gauntlet.A dying man's regret.It is a dangerous thing to wish with infinity stones on your fist. Sent back to the sands of Afghanistan, Tony Stark has a world to fix, and a Titan to stop, but he won't be doing it alone.","No Archive Warnings Apply, Peter Parker & Tony Stark, Pepper Potts/Tony Stark, Tony Stark, Peter Parker, Pepper Potts, Morgan Stark (Marvel Cinematic Universe), Jarvis (Iron Man movies), James ""Rhodey"" Rhodes, May Parker (Spider-Man), Time Travel Fix-It, Tony Stark Acting as Peter Parker's Parental Figure, Tony Stark Has a Heart, Not Really Character Death, Kid Peter Parker, Fluff and Angst, Alternate Universe - Time Travel, BAMF Tony Stark, BAMF Pepper Potts, Other Additional Tags to Be Added, Peter Parker is Tony Stark's Biological Child"
The Ghost of Heroes,https://archiveofourown.org/works/17915615,Enigmaris,English,291238,69,"“Uhh, Mr. Stark?” Peter said.“What is it, Spiderman? You okay?”“I’m fine but…I think we might have a ghost fighting on our side.”“Impossible.” Thor interrupted. “Ghosts hate the living.”“Yeah well one just saved my life and made a joke about New York’s rat problems.”Silence over the radio. Or, New York City isn't prepared for a ghostly invasion. The Avengers are finally all in the same place again. Thor and Bruce are back from space with a semi-reformed chaos god and a thousand refugees in tow. Steve and the Rogues have got their pardons and are ready to start being heroes again. But Tony isn't ready trust, neither is his new protegee Spiderman. The fractured team can't seem to come together. It's a good thing then that Danny Phantom is ready to save the day. That doesn't mean anyone is prepared for when he keeps showing up.NOW COMPLETE!","No Archive Warnings Apply, Danny Phantom/Spiderman, Danny Fenton, Jack Fenton, Maddie Fenton, Jazz Fenton, Peter Parker, Tony Stark, Steve Rogers, Loki (Marvel), Thor (Marvel), Prince Aragon (Danny Phantom), Danielle ""Dani"" Phantom, Shuri (Marvel), James ""Bucky"" Barnes, Clockwork (Danny Phantom), Frostbite (Danny Phantom), Thanos (Marvel), Carol Danvers, Stephen Strange, Not Avengers: Infinity War Part 1 (Movie) Compliant, Infinity War? Haven't Heard of her, Danny Fenton is an internet icon, no seriously, Danny and Peter friendship because its what we deserve, Tony and Steve actually talk like adult humans, Humor, Angst, Mostly just an excuse to write Danny Phantom fics again, Warning: Jokes about death, puns, Battle Banter, Twitter, Peter works with the Avengers, Post-Captain America: Civil War (Movie), Post-Thor: Ragnarok (2017), A little bit of Iron!Dad, Ghosts, Buzzfeed Unsolved Supernatural, Bisexual Peter Parker, Pansexual Danny Fenton, Dani is here!, You have to get to like...chapter 42, But she's here!, Pining, Mutual Pining, so much gay pining, you have no idea, love square, for like three chapters, infinity war arc but better, Loki (Marvel) Gets a Hug, Jotunn Loki (Marvel), Thanos (Marvel) Dies"
Dumpster Diving for Treasure,https://archiveofourown.org/works/53735629,Clovrtree,English,185834,28,"After waking up from his own demise in an alternate universe, Peter's first course of action is to gather as much information and resources as possible to make his life easier. In doing this, he decides that dumpster diving at local playboy billionaire, Bruce Wayne's, manor would be the best place to find anything useful.Unfortunately for Peter, it's trash day, and a certain butler catches him mid-dive.Dedicated to Anna, Randy, Evan, and Coro.","Graphic Depictions Of Violence, Peter Parker & Tony Stark, Peter Parker & Bruce Wayne, Peter Parker & Alfred Pennyworth, Cassandra Cain & Tim Drake & Dick Grayson & Duke Thomas & Jason Todd & Bruce Wayne & Damian Wayne, Tim Drake/Kon-El | Conner Kent, Clark Kent/Lois Lane, Peter Parker, Tony Stark, Karen (Spider-Man: Homecoming), Alfred Pennyworth, Dick Grayson, Jason Todd, Tim Drake, Damian Wayne, Duke Thomas, Cassandra Cain, Stephanie Brown, Bruce Wayne, Kon-el Kent - Character, Lois Lane, Stephen Strange, Hugo Strange, John Constantine, Canon Temporary Character Death, Canon Divergence - Post-Avengers: Infinity War Part 1 (Movie), Multiverse, Dimension Travel, Peter Parker is 16, Dissociation, Peter Parker is Trying His Best, Alfred Pennyworth is the Best, Spidey Sense (Marvel), Past Character Death, Batchat (Batman), Family Dynamics, References to Movie: Spider-Man: Homecoming (2017), Peter Parker is a Mess, Panic Attacks, Self-Esteem Issues, Bruce Wayne Tries to Be a Good Parent, Damian Wayne is a Little Shit, Lazarus Pit Side Effects (DCU), Peter Parker Acts Like a Spider, Good Sibling Jason Todd, Fights, Xenophobia, Peter Parker has biological webs, Graphic injuries, Dream Sequences, Self-Worth Issues, New Spider Suit Design, Canon-Typical Violence, Bathroom Surgeries, Second-Hand Embarrassment, Implied/Referenced Self-Harm, Suicidal Thoughts, Emetophobia, Entomophobia, Waterboarding, Beating, Gun Violence, Coma, Temporary Character Death, Identity Reveal, Time Skips, The Watchtower (DCU), Not Canon Compliant with Movie: Avengers: Endgame (2019), Ambiguous/Open Ending"
Sharpen Your Teeth,https://archiveofourown.org/works/5363684,STARSdidathing,English,369451,90,A betrayed Tony Stark leaves the Avengers. He's angry and bitter but he's not about to stop being a hero. The problem is that not everyone is happy with his decision.,"No Archive Warnings Apply, Loki/Tony Stark, Loki (Marvel), Tony Stark, Steve Rogers, Thor (Marvel), Friday (Marvel), Pepper Potts, James ""Rhodey"" Rhodes, Bruce Banner, Fandral (Marvel), Odin (Marvel), Hela (Marvel), Other Marvel Characters, Alliances, Vengeful Tony Stark, Tony Stark Has Issues, Tony Stark Does What He Wants, Loki Does What He Wants, Tony Stark Needs a Hug, Feels, Strained Friendships, Homophobia, Bigotry & Prejudice, Loki is Not Amused, Tony Stark Is a Good Bro, Loki Needs a Hug, Tony Stark Has a Heart, Loki & Tony Stark Friendship, Loki Lies, Loki Gets a Hug, Acceptance, Tony Being Tony, James ""Rhodey"" Rhodes & Tony Stark Friendship, Gift Giving, Living Together, Fake/Pretend Relationship, Jealousy, Snark, Healing, Public Display of Affection, Minor Original Character(s), Bruce Banner & Tony Stark Friendship, Betrayal, Bruce Banner Is a Good Bro, Tony-centric, Protective Tony Stark, Protective Loki, Mischief, Slow Burn, Contracts, Poor Loki, Implied/Referenced Suicide attempt, Past Pepper Potts/Tony Stark, Asgard (Marvel), Scheming, Fluff, Cuddling & Snuggling, Odin's A+ Parenting, Tricksters, Diplomacy, Warm and Fuzzy Feelings, Twisted and Fluffy Feelings, Facial Shaving, Straight Razors, Trust, Friends With Benefits, Falling In Love, Wordcount: Over 200.000, Canon Divergence - Avengers: Age of Ultron (Movie), Enemies to Friends to Lovers, Hurt/Comfort"
Proof That Tony Stark Has a Heart,https://archiveofourown.org/works/653038,orphan_account,English,177588,36,"With Voldemort defeated and Harry turning seventeen, the elder Weasley boys decide to give him a chance to be a normal teenager for a while; namely, by buying him a ticket to Malibu, California. But of course, Harry Potter can never do anything normally. Especially not once he meets Tony Stark in a club, and begins a holiday romance that leaves him with more than just memories.","No Archive Warnings Apply, Harry Potter/Tony Stark, Happy Hogan/Pepper Potts, Clint Barton/Phil Coulson, Remus Lupin/Bruce Banner, Harry Potter, Tony Stark, Pepper Potts, Remus Lupin, Happy Hogan, Ginny Weasley, Ron Weasley, Hermione Granger, Mpreg, Not Canon Compliant, Crossover, Kidfic, Coulson Lives"
Nobody's heroes,https://archiveofourown.org/works/7986607,boleyn13,English,156575,32,"“This job... we try to save as many people as we can. Sometimes that doesn't mean everybody. But if we can't find a way to live with that, next time... maybe nobody gets saved.”At the end of the day Steve did save everybody. He saved Bucky from Tony, his team from the government, the world from the Sokovia Accords. Some time would probably have to pass for things to blow over, and then everything would go back to normal. Couple of days. Tops. After all Team Cap saved everybody, showing the world how dangerous the accords were, how easily they could be abused. Even their supporters had to come to their senses now. Yet five days after Siberia nobody feels safe. Things don’t calm down and suddenly it’s again Steve against the rest of the world. Only now it’s not some international organisation or government but the people. The ones he had saved. Slowly Captain America must realize that they don’t feel saved but angry, hurt and scared. The people demand justice for those who were really trying to save them and paid the price for it.","Creator Chose Not To Use Archive Warnings, Steve Rogers & Tony Stark, James ""Rhodey"" Rhodes & Tony Stark, T'Challa & Team Cap, Pepper Potts & Tony Stark, Tony Stark & Hope Van Dyne, Tony Stark, Steve Rogers, James ""Rhodey"" Rhodes, Pepper Potts, Sam Wilson (Marvel), Natasha Romanov, Wanda Maximoff, Vision (Marvel), Hope Van Dyne, Scott Lang, T'Challa (Marvel), Peter Parker, Happy Hogan, Post-Captain America: Civil War (Movie), Captain America: Civil War (Movie), Aftermath, Sokovia Accords, The public reacts to Civil War, Not A Fix-It, Team Cap is full of shit, Civil War Team Iron Man, BAMF Pepper Potts, Protectiveness, Public outrage, Consequences, POV Multiple"
Lightning Scars & Metal Hearts,https://archiveofourown.org/works/41104461,JessalynMichele,English,417287,96,"With Voldemort back, Harry returned to the Dursley house, and Sirius imprisoned ‘living’ at Grimmauld Place, Sirius decides to go check on his godson.And when he doesn’t like what he finds at Number Four Privet Drive, Sirius decides to do something else- tell Harry a fifteen year old secret and send him off the the United States to meet his biological father.","Creator Chose Not To Use Archive Warnings, Harry Potter & Tony Stark, Peter Parker/Harry Potter, Tony Stark/Pepper Potts, Sirius Black/Stephen Strange, Harry Potter, Tony Stark, Happy Hogan, Sirius Black, Steve Rogers, Bruce Banner, Jarvis (Iron Man movies), Clint Barton, Natasha Romanov (Marvel), Pepper Potts, Peter Parker, James ""Bucky"" Barnes, Gwen Stacy (The Amazing Spider-Man), Hermione Granger, Ron Weasley, Pietro Maximoff, Post-Harry Potter and the Goblet of Fire, Post-Avengers (2012), Parent Tony Stark, Abused Harry Potter, Family Shenanigans, Good Parent Tony Stark, Harry Potter is a Little Shit, Harry Potter is Bad at Feelings, Protective Tony Stark, Sirius Black is a good godfather, Fluff, Angst and Feels, Slow Burn, Harry Potter is Tony Stark's Child, Peter Parker Played By Andrew Garfield, Hurt/Comfort, Emotional Hurt/Comfort, Angst and Hurt/Comfort, Creator chose not to use archive warnings - Freeform, which is a warning in itself, Complete"
The Lost and Forgotten,https://archiveofourown.org/works/16822540,Litcraz,English,272413,32,"In order to save everyone's lives, Peter is forced to give up memories - their memories of him. As a result, he is left entirely alone in a world where no one knows he exists. After finally moving on with his life, a new threat arises, bringing Peter back directly into the Avengers' path.","No Archive Warnings Apply, Peter Parker & Tony Stark, Peter Parker & Steve Rogers, Peter Parker, May Parker (Spider-Man), Tony Stark, Original Characters, Clint Barton, Norman Osborn, Green Goblin, Joseph ""Robbie"" Robertson, Ned Leeds, Steve Rogers, James ""Bucky"" Barnes, Bruce Banner, Pepper Potts, Angst, Homeless Peter Parker, Amnesia, Suicidal Thoughts, Peter is no longer Spider-Man, Biological Webbing, Enhanced Spider-Powers, Enhanced Powers, Peter is important, very important, Depression, issues of self-worth, Watchers, Action, Hurt/Comfort, injured peter, Quiet Peter, Peter Parker & Steve Rogers - Freeform, Peter Parker & Bucky Barnes - Freeform, Peter Parker & Tony Stark - Freeform, Not Avengers: Endgame (Movie) Compliant, Angry Peter, BAMF Peter, Memory Loss, Loss of Memory, Peter Is Alone, alone peter, The green goblin - Freeform, forgotten peter, Peter is forgotten"
Dissonance,https://archiveofourown.org/works/5819425,stuckybarnes,English,121395,44,"(FIC HAS BEEN FULLY REVISED AND EDITED TO THIRD-PERSON POV! REVISED AS OF 6/30/21! WOO!) Wherein Deadpool is reluctantly hired to protect Peter Parker from an organization out to hunt him, with varying success on both ends and quite a lot of feelings, revelations, and identity crises.","Graphic Depictions Of Violence, Peter Parker/Wade Wilson, Wade Wilson, Peter Parker, Tony Stark, Steve Rogers, Natasha Romanov, Bruce Banner, Clint Barton, Weasel, Jack Hammer (Marvel), May Parker (Spider-Man), Deadpool, Spider-Man, Nick Fury, The Boxes, Jarvis (Iron Man movies), Thor (Marvel), Matt Murdock, Spideypool - Freeform, Slow Build, Slow Burn, Friends to Lovers, Hurt/Comfort, Emotional Hurt/Comfort, Sassy Peter, Wade Has Issues, Deadpool Thought Boxes, Angst, Fluff, Fluff and Angst, Avengers Family, Avengers Tower, Self-Esteem Issues, Action/Adventure, Feelings, Canon-Typical Violence, Humor, Sexual Tension, Flirting, Scars, Secret Identity, Peter Has Issues, Pansexual Character, Hurt Peter, Hurt Wade, Romance, Wade Saves Peter, Immortality, Fourth Wall, Breaking the Fourth Wall, The Author Regrets Nothing, Author Is Sleep Deprived, Angst with a Happy Ending, Happy Ending, Eventual Smut, Peter is an adult, no minors, Peter Parker is NOT a damsel in distress, Past Sexual Assault, Implied/Referenced Sexual Assault, in the past and in a dream sequence"
"it's always who is spider-man, never how is spider-man",https://archiveofourown.org/works/28696380,i_regret_thatpersonalityquiz,English,176092,40,"""Stay?""Peter finally looked down to see Harley Fucking Keener, Iron Lad, the boy who had caused his shoulder to be throbbing in pain all night, looking away with a slight tint to his cheeks. Peter opened and closed his mouth, no sound coming out.And he sat back down. OR: Peter had been living on the streets, dealing with your average homeless vigilante stuff. Things got a bit more complicated when the Avengers started to chase him down.","Creator Chose Not To Use Archive Warnings, Harley Keener/Peter Parker, Harley Keener & Peter Parker, Matt Murdock & Peter Parker, Peter Parker & Natasha Romanov, Peter Parker & Tony Stark, Wanda Maximoff & Peter Parker, Peter Parker & Everyone, Wanda Maximoff/Vision, Pepper Potts/Tony Stark, Peter Parker, Harley Keener, Tony Stark, Wanda Maximoff, Matt Murdock, Natasha Romanov (Marvel), Sam Wilson (Marvel), Clint Barton, Michelle Jones (mentioned), James ""Bucky"" Barnes, Steve Rogers, Bruce Banner, Vision (Marvel), Nick Fury, Ned Leeds, Academic Decathlon Team (Spider-Man: Homecoming), Homeless Peter Parker, BAMF Peter Parker, Hurt/Comfort, Panic Attacks, Peter Parker has PTSD, Peter Parker Needs a Hug, Peter Parker Whump, Peter Parker Has Anxiety, Peter Parker Has Nightmares, sorry peter, Angst with a Happy Ending, Wanda Maximoff & Peter Parker Friendship, Implied/Referenced Child Abuse, Implied/Referenced Rape/Non-con, Implied/Referenced Self-Harm, Implied/Referenced Torture, Attempt at Humor, Deaf Character (Temporary), blind character (temporary), Deaf Clint Barton, Peter Parker Has a Family, Not Captain America: Civil War (Movie) Compliant, Not Canon Compliant, Harley Keener as Iron Lad, Powerful Peter Parker, i killed may oops, also killed MJ sorry, civil war happened but tony doesn't know peter is spider-man, Identity Reveal, Bisexual Peter Parker, he's a bi mess and so am i, Overpowered Peter Parker, i sprinkled in a bit of hydra, Touch-Starved Peter Parker, Implied/Referenced Suicide attempt, peter is polylingual no i dont take criticism, peter ""don't call me kid"" parker, Strong Peter Parker, author projects onto peter like its an olympic sport, not irondad but def not anti tony, harley has a few issues too woah, healthy discussions abt therapy!!, peter's got scars cause obviously, Slow Burn, is it really a slow burn if the entire fic covers barely two weeks"
The Avengers vs The Peter Factor,https://archiveofourown.org/works/24054550,midnightwolf2192,English,104632,35,No one could ever guess that The Avengers would fall to something known as The Peter Factor. This story tells of how each and every Avenger became wrapped around Peter Parker's finger without Peter even being aware of it.Also - please go to YouTube and check out the channel PJ’s Reads. This amazing human is turning this story into an audiobook!! Seriously - go give her a listen she is simply amazing!!,"No Archive Warnings Apply, Peter Parker & Tony Stark, Peter Parker & Avengers Team, Pepper Potts/Tony Stark, Peter Parker, Tony Stark, Pepper Potts, James ""Rhodey"" Rhodes, Happy Hogan, Natasha Romanov (Marvel), Clint Barton, Bruce Banner, Steve Rogers, James ""Bucky"" Barnes, Sam Wilson (Marvel), Thor (Marvel), Loki (Marvel), Brunnhilde | Valkyrie (Marvel), Wanda Maximoff, Stephen Strange, Shuri (Marvel), Okoye (Marvel), T'Challa (Marvel), Nebula (Marvel), Rocket Raccoon, Groot (Marvel), M'Baku (Marvel), Gamora (Marvel), Drax the Destroyer, Mantis (Marvel), Peter Quill, Maria Hill, Nick Fury, Carol Danvers, May Parker (Spider-Man), Darcy Lewis, Jane Foster (Marvel), Wong (Marvel), Ned Leeds, Michelle Jones, Hank Pym, Scott Lang, Hope Van Dyne, Cassie Lang, Cooper Barton, Lila Barton, Nathaniel Pietro Barton, Harley Keener, Eddie Brock | Venom, Peter Parker Needs a Hug, Precious Peter Parker, Tony Stark Has a Heart, Tony Stark Acting as Peter Parker's Parental Figure, Protective Natasha Romanov, Natasha Romanov Is Not A Robot, Peter is a Little Shit, BAMF Peter Parker, Not Captain America: Civil War (Movie) Compliant, Not Avengers: Endgame (Movie) Compliant, Not Avengers: Infinity War Part 1 (Movie) Compliant, Domestic Avengers, BAMF Pepper Potts, Not Spider-Man: Far From Home Compliant, Hurt Peter Parker, Protective May Parker (Spider-Man), May Parker (Spider-Man) & Tony Stark Coparenting Peter Parker, Peter Parker Acts Like a Spider, Peter Parker is a Little Shit, Pepper Potts Acting as Peter Parker's Parental Figure, Flash Thompson Being a Jerk, Flash Thompson Bullies Peter Parker, Peter Parker Whump, Peter Parker's Field Trip to Stark Industries"
Life In Reverse,https://archiveofourown.org/works/476291,Lise,English,228217,44,"Home is where you make it. Or, the AU where Loki falls to Earth after Thor, wanders around trying to work out what to do with himself, and somehow ends up working for SHIELD. (Mostly because supervillains are so plebian.)","No Archive Warnings Apply, Loki & Natasha Romanov, Loki & Steve Rogers, Clint Barton & Loki, Loki & Tony Stark, Clint Barton & Natasha Romanov, Jane Foster & Loki, Loki & Thor, Loki (Marvel), Phil Coulson, Original Characters, more to be added as they turn up, because they'll be here, Clint Barton, Natasha Romanov, Jane Foster, Victor von Doom, Nick Fury, Pepper Potts, Tony Stark, Norman Osborn, Maria Hill, Darcy Lewis, Steve Rogers, Thanos (Marvel), Loki's a goddamn mess, this fic is a goddamn mess, Post-Movie(s), Alternate Universe, everyone's gotta have one epic AU, exercises in self-loathing, Midgard is kinda like Witness Protection, I know where this starts and where it ends but the middle's kinda up in the air, will I regret this later probably, like a road trip without the cars, Loki can make friends when he tries, at least sort of, Canon-Typical Violence, Slow Build, the continuing adventures in writing plotlike things, seriously what even the hell, Assassination Attempt(s), Loki's not good but he's working on it, various villains from comicsverse used shamelessly, Character Development, Friendship, Shapeshifting, recklessness with one's own health and safety, Torture, am i just going to keep tacking on tags as I go, following canon timelines is for the weak, Therapy, Mental Health Issues, discussion of suicide, Anxiety, Depression, Panic Attacks, Developing Friendships, Hurt Loki, Loki-centric, Not Canon Compliant"
The Stark Truth,https://archiveofourown.org/works/2549801,misteeirene,English,229819,31,"Summer after 4th year Harry learns that James isn't exactly is father and Lily isn't his mother. Will his newly discovered family be able to help him recover from his violent, abusive childhood? Will he be able to trust again enough to find love?","Graphic Depictions Of Violence, Rape/Non-Con, Underage Sex, Harry Potter - Relationship, Avenger - Relationship, Harry/Fred/George, Harry Potter, Tony Stark, Slash, Mpreg, Abuse, Rape, Cutting, Language, Attempted Suicide, harry/Fred/George - Freeform, Dumbledore Bashing"
What I Used To Be,https://archiveofourown.org/works/6915553,thepinupchemist,English,117095,25,"When the police uncover a hidden sub-basement in the home of criminal Alexander Pierce and find a tortured omega and his three pups, they bring them to the Stark Omega Clinic, a non-profit dedicated to rehabilitating traumatized omegas.After dark in September 2005, fourteen year old Bucky Barnes vanished. Eleven years and three pups later, he is far from the boy that went missing from a suburban neighborhood outside of Denver.Steve Rogers is an alpha of some means. When he came into money, he decided to use what he had for good and sign up as a candidate to be a support alpha for his close friend Tony's charitable clinic. When he takes on the task of helping reintegrate Bucky and his pups into the world, he doesn't expect to fall so hard.","Rape/Non-Con, James ""Bucky"" Barnes/Steve Rogers, Tony Stark/Bruce Banner/Pepper Potts (background), James ""Bucky"" Barnes, Steve Rogers, Sam Wilson (Marvel), Tony Stark, Bruce Banner, Pepper Potts, Natasha Romanov, Clint Barton, Thor (Marvel), James ""Rhodey"" Rhodes, Alexander Pierce, Original Child Character(s), Winifred Barnes, George Barnes, Rebecca Barnes Proctor, T'Challa (Marvel), Jane Foster (Marvel), Original Barnes Siblings, Rape Recovery, Recovery, Rape Aftermath, Bucky Barnes Recovering, Hurt Bucky Barnes, Hurt/Comfort, Alpha/Beta/Omega Dynamics, Alpha/Omega, Omega Verse, Alpha Steve Rogers, Alpha Steve, Omega Bucky Barnes, Implied Mpreg, Post Mpreg, Forced Pregnancy, Kid Fic, Healing, Angst with a Happy Ending, Happy Ending, Dissociation, Panic Attacks, Anxiety, Cuddling & Snuggling, Nesting, Alternate Universe, Knotting, References to Knotting, Family, Family Feels, Alternate Universe - Domestic, Domestic, Domestic Fluff, Post-Serum Steve Rogers, Protective Steve Rogers, Slow Burn, Slow Build, Jewish Bucky Barnes, Post-Traumatic Stress Disorder - PTSD, Trauma, Depression, Eventual Sex, Eventual Happy Ending, Mates, Mating Cycles/In Heat, Mating, Mating Bond, Non-Traditional Alpha/Beta/Omega Dynamics"
The Days of Reckoning Are Upon Us,https://archiveofourown.org/works/10953375,Ana (Anafandom),English,302573,50,"Steve Rogers always does what he thinks is right. Unfortunately, believing he is right isn't the same as being right. Sometimes he's wrong. And sometimes he has to face the consequences of his actions.Or, what if Team Cap was actually called out on their poor decisions and had to deal with consequences instead of being rewarded? A series of unrelated drabbles of what might have been.And in case the tags aren't clear: this is not Steve or Team Cap friendly. If that's not your thing, just don't read it.","Graphic Depictions Of Violence, Major Character Death, Steve Rogers, James ""Bucky"" Barnes, Sam Wilson (Marvel), Natasha Romanov (Marvel), Tony Stark, Bruce Banner, Wanda Maximoff, Scott Lang, T'Challa (Marvel), Vision (Marvel), Pepper Potts, James ""Rhodey"" Rhodes, Clint Barton, Nick Fury, Jarvis (Iron Man movies), Shuri (Marvel), Peter Parker, Civil War Team Iron Man, Not Steve Friendly, Team Cap is full of shit, What-If, actions have consequences, And people have to deal with them, AU, Temporary Character Death, because this is about consequences, and sometimes those consequences are death, steve gets punched in the face, Not Wanda Friendly, not team Cap friendly, author is bitter and salty, Don't Like Don't Read, Not T'Challa Friendly, suicide and suicide ideation in some snippets, AUs snippets of most MCU movies, minor characters appear in some of the snippets, Canon-Typical Violence"
Frostbite,https://archiveofourown.org/works/22137838,writer168,English,145123,26,"Peter wasn’t going to let May pay the rent all on her own. Not when there was two of them, not when being Spider-Man made everything that much harder.And if that meant washing scratched up dishes and scrubbing old blood from the tile grout at Sister Margaret’s School for Wayward Girls, then so be it.But then one night, his skin turned blue.(If only his problems didn’t multiply from there.)","Creator Chose Not To Use Archive Warnings, Loki & Peter Parker, Peter Parker & Wade Wilson, Loki & Wade Wilson, Jack Hammer & Peter Parker, Peter Parker & Neena Thurman, Peter Parker, Wade Wilson, Loki (Marvel), May Parker (Spider-Man), Jack Hammer (Marvel), Neena Thurman, Tony Stark, Happy Hogan, Thor (Marvel), Alternate Universe - Canon Divergence, Protective Wade Wilson, BAMF Peter Parker, Protective Jack Hammer, Friendship, Family, Teen Peter Parker, Platonic Relationships, Parent Loki, Not Avengers: Infinity War Part 1 (Movie) Compliant, Not Avengers: Endgame (Movie) Compliant, Not Thor: The Dark World Compliant, Pre-Spider-Man: Far From Home (Movie), Post-Spider-Man: Homecoming, Pre-Thor: Ragnarok (2017), Not Thor: Ragnarok (2017) Compliant, Smart Peter Parker, Wade Wilson is a Good Bro, Precious Peter Parker, Genderfluid Loki (Marvel), Peter Parker Needs a Hug, Protective Peter Parker, Angst and Hurt/Comfort, Moral Ambiguity, Morally Grey Characters, Slow To Update, Rated For Violence"
3 Steps Back,https://archiveofourown.org/works/33135751,RavenOfRao,English,138540,59,"In Peter’s professional opinion, the world had gone to shit. When Tony had snapped, bringing back half of all life and stopping Thanos, everyone thought that the world would go back to the way it was. But nothing ever works out so nicely, does it?————When Peter is given the chance to go back and save everyone, he is sent back to before Civil War. All alone, Peter must find a way to save the avengers, and the world. Shit.","No Archive Warnings Apply, Peter Parker & Tony Stark, Peter Parker & Steve Rogers, Pepper Potts/Tony Stark, Avengers Team & Peter Parker, James ""Bucky"" Barnes & Peter Parker, Peter Parker, May Parker (Spider-Man), Ben Parker, Tony Stark, Steve Rogers, Pepper Potts, Ned Leeds, Michelle Jones, Avengers Team, Weasel, Wade Wilson, Angst, Time Travel, Peter Parker Needs a Hug, Peter Parker Needs a Break, Tony Stark Acting as Peter Parker's Parental Figure, Intern Peter Parker, Homeless Peter Parker, Protective Avengers, Not Spider-Man: Far From Home Compliant, Post-Avengers: Endgame (Movie), But also before endgame, youll see - Freeform, Existential Crisis, I can’t do summaries give it a go please, im so sorry, Time Travel Fix-It, peter goes back in time to stop thanos, Magic, Irondad, Peter Parker Whump, Teen Peter Parker, Protective Steve Rogers, Tony Stark Has a Heart, BAMF Peter Parker, Swearing, steve I said a bad language word, Protective Bucky Barnes, Bucky Barnes is a big brother"
The Lost Soldiers,https://archiveofourown.org/works/36118126,denimbeans,English,176590,51,"Bucky didn't quite believe the email when Shuri first showed it to him. Why on Earth would Tony Stark agree to house him? Not only that, but to help him? But if there was a chance, no matter how small, that he could get rid of the Soldier...Well, he just had to take it.  Percy's wasn't sure what to think. On one hand, he feels for Bucky Barnes. The man's been through hell and back; something Percy knows all too much about. But on the other, he's a ticking time bomb. Percy wants to help him, he really does. But if the Soldier made a reappearance...Percy knew he'd have no choice but to put his duty first. To kill James Barnes without hesitation.","No Archive Warnings Apply, Percy Jackson & Tony Stark, Percy Jackson & Peter Parker, Peter Parker & Tony Stark, Pepper Potts & Tony Stark, James ""Rhodey"" Rhodes & Tony Stark, Annabeth Chase & Percy Jackson, James ""Bucky"" Barnes & Tony Stark, James ""Bucky"" Barnes & Percy Jackson, James ""Bucky"" Barnes/Percy Jackson, Percy Jackson, Tony Stark, James ""Bucky"" Barnes, Peter Parker, Pepper Potts, James ""Rhodey"" Rhodes, Annabeth Chase (Percy Jackson), Mrs. O'Leary (Percy Jackson), Happy Hogan, Natasha Romanov (Marvel), Steve Rogers, Clint Barton, Shuri (Marvel), T'Challa (Marvel), Wade Wilson, Ned Leeds, Michelle Jones, Post-Captain America: Civil War (Movie), Canon Divergence - Post-Captain America: Civil War (Movie), Post-Captain America: The Winter Soldier, Past Annabeth Chase/Percy Jackson, Tony Stark Has a Heart, Tony Stark Acting as Peter Parker's Parental Figure, BAMF Tony Stark, Not Avengers: Infinity War Part 1 (Movie) Compliant, Not Avengers: Endgame (Movie) Compliant, Alternate Universe - Canon Divergence, Brazilian Percy Jackson, Hawaiian Percy Jackson, Bisexual Percy Jackson, Demisexual Percy Jackson, Angst, Sorry guys, Awesome James ""Rhodey"" Rhodes, BAMF Pepper Potts, James ""Rhodey"" Rhodes & Tony Stark Friendship, Trans Peter Parker, Precious Peter Parker, BAMF Percy Jackson, Powerful Percy Jackson, Bucky Barnes Needs a Hug, Gay Bucky Barnes, Protective Percy, Protective Tony Stark, Bloodbending, Percy Jackson Needs a Hug, and probably a prozac, BAMF Peter Parker, Wade Wilson is a Good Friend, ...you guys thought the last one was emotionally devastating?, well. get ready., Blind Percy Jackson"
just say you do,https://archiveofourown.org/works/4032415,biblionerd07,English,173153,26,Steve just wanted a job. He wasn't expecting a marriage proposal. And he certainly wasn't expecting to accept.,"No Archive Warnings Apply, James ""Bucky"" Barnes/Steve Rogers, Steve Rogers & Natasha Romanov, Steve Rogers & Sam Wilson, Steve Rogers, James ""Bucky"" Barnes, Natasha Romanov, Clint Barton, Sam Wilson (Marvel), Winifred Barnes, Peggy Carter, Alternate Universe - No Powers, Marriage of Convenience, Pre-Serum Steve Rogers, Mutual Pining, Fluff and Angst, Post-Traumatic Stress Disorder - PTSD, Depression, Past Character Death, Past Torture, Chronic Illness, Fake Marriage, Bisexual Steve Rogers, Slow Burn"
"War, Children",https://archiveofourown.org/works/5373050,Nonymos,English,106589,13,"After Bucky was released from the hospital, it only took him a couple of weeks to give up on himself. Difficult to believe in any kind of future when the simple act of staying alive was almost too big an effort.Out the frosted window, across the street, there was a tiny homeless guy burrowing under an awning.","No Archive Warnings Apply, James ""Bucky"" Barnes/Steve Rogers, James ""Bucky"" Barnes, Steve Rogers, Brock Rumlow, Sam Wilson (Marvel), Alexander Pierce, Kurt Wagner, Peggy Carter, Rebecca Barnes, Clint Barton, Natasha Romanov, Carol Danvers, Bruce Banner, Alternate Universe - Modern Setting, Alternate Universe - Modern: No Powers, Angst, Hurt/Comfort, Emotional Hurt/Comfort, Homelessness, Veterans, Mental Health Issues, Agoraphobia, Depression, Anxiety, Anxiety Attacks, Post-Traumatic Stress Disorder - PTSD, rape mention, Slow Burn, Touch-Starved, Trans Character, Implied/Referenced Transphobia, depictions of violence, Mutual Pining, Explicit Sexual Content, (at some point), Pre-Serum Steve Rogers, War Veteran Bucky Barnes, Steve Rogers Needs a Hug, Bucky Barnes Needs a Hug, Protective Sam Wilson, Alexander Pierce Is A Dick In Every Universe, steve and bucky will always help each other before helping themselves"
time flies by (bye),https://archiveofourown.org/works/49285267,WHYISEVERYNAMETAKEN,English,113538,13,"[BEING REWRITTEN AS 'OH FUCK TIME IS FLYING' BECAUSE WHAT WAS I ON THIS FIRST TIME AROUND????]""Maybe,"" Peter thought, ""I can make a life here.""Hence the tears and the guilt and the grief, because was Peter allowed to move on? Was he allowed to… to leave it all behind? Leave all the bad things in the past?Peter was ""The Friendly Neighborhood Spider-Man!"" after all, and wasn’t he letting Queens - his people - down if he didn’t fight tooth and nail to get back to them?orPeter's tired. He's so tired, and he doesn't know what to do, but maybe things will get better.(They do.)--ORSpider-Man: Finally Hometechnically inspired by Dark Matter by mysterycyclone but really only the ""Peter in the DC Universe"" part","No Archive Warnings Apply, Cassandra Cain & Peter Parker, Peter Parker & Jason Todd, Peter Parker & Bruce Wayne, Peter Parker & Johnny Storm, Miles Morales & Peter Parker, Faye ""Ma"" Gunn & Peter Parker, Peter Parker, Dick Grayson, Jason Todd, Kate Kane (DCU), Cassandra Cain, Bruce Wayne, Stephanie Brown, Barbara Gordon, Damian Wayne, Rogues Gallery (Batman), Duke Thomas, Joker (DCU), Oswald Cobblepot, Johnny Storm, Miles Morales, Faye ""Ma"" Gunn, Inspired by Dark Matter by mysterycyclone, Dimension Travel, Post-Movie: Spider-Man: No Way Home (2021), set like almost two years after, Panic Attacks, Peter Parker in the DCU, Crossover, Smart Peter Parker, Genius Peter Parker, he is on his own frfr, peter is like 19 in this, Homelessness, Alternate Universe - Canon Divergence, BAMF Peter Parker, Strong Peter Parker, do you get my vibe?, Crack, but then it randomly gets deep, Crack Treated Seriously, no beta we die like everyone in peter's life, Phone Calls & Telephones, wrong numbers, Secret Identity, Humor, Angst, Blood and Injury, Sarcastic Peter Parker, Introspection, youve heard of time travel fix it, what about, alternate universe therapy session, Healing, Found Family, Angst with a Happy Ending, granny is Ma Gunn but like 10 years later in the DC world, just to clarify :D, Peter Parker is a Little Shit, (fanart at the end of chapter 13!!), now translated into 中文-普通话 國語, Yippee!"
in technicolor,https://archiveofourown.org/works/16801942,deniigiq,English,120500,25,"Brett sighed and looked down at the folder in his hand.“Your name is Peter, right?”“Lawyer.”“Peter, we haven’t even started talking. Let’s just take a minute to ease up.”“Lawyer.”“Bud, we haven’t charged you with a crime. This is just talking.”“Law. Yer.”Goddamn.(Brett's encounters with Team Red/vigilantes and their weird fucking way of helping)","No Archive Warnings Apply, Brett Mahoney & Team Red, Brett Mahoney & Franklin ""Foggy"" Nelson, Brett Mahoney & Matt Murdock, Brett Mahoney & Wade Wilson, Franklin ""Foggy"" Nelson & Peter Parker, Foggy & All his vigilantes, Matt Murdock & Peter Parker & Wade Wilson, James ""Bucky"" Barnes/Steve Rogers/Sam Wilson, Clint Barton & Kate Bishop, Brett Mahoney, and his never ending team of detectives and officers, Peter Parker, Franklin ""Foggy"" Nelson, the AcaDec Team, Matt Murdock, Wade Wilson, a dickface, a thief - Character, we shall see who else joins the team, Sam Wilson (Marvel), Steve Rogers, James ""Bucky"" Barnes, Clint Barton, Kate Bishop, some references to the Defenders, Danny Rand, Jessica Jones, Rosalind Sharpe, Margaret Murdock, Case Fic, Interrogation, Identity Reveal, Police, Heist, well failed heist, Police & Vigilante Team Up, culture clash, Shenanigans, Team Bonding, Team Dynamics, Team Red, it's just a mess that entertains me yo, fuck its growing, that was not intentions, Missing Persons, Tracking, Piercings, Academia, an attempt to study this people is made, an 'attempt.', Gangs, Violence, Canon Disabled Character, Lucky makes his grand appearance, Community - Freeform, Underground, Murder, Attempted Murder, Going undercover, Dogs, Ghosts, Spirits, a bitty bit of witches, Illnesses, Hospitalization, Brain Surgery"
A Father's Son,https://archiveofourown.org/works/14066796,dnky,English,156350,42,JARVIS wakes up during infinity war.,"Creator Chose Not To Use Archive Warnings, Graphic Depictions Of Violence, Jarvis (Iron Man movies) & Tony Stark, James ""Rhodey"" Rhodes & Tony Stark, Pepper Potts & Tony Stark, Loki & Tony Stark, Pepper Potts/Tony Stark, Jarvis (Iron Man movies), Tony Stark, James ""Rhodey"" Rhodes, Pepper Potts, Nick Fury, Natasha Romanov (Marvel), Thor (Marvel), Phil Coulson, Jane Foster (Marvel), Darcy Lewis, Happy Hogan, Loki (Marvel), Steve Rogers, Ebony Maw, Maria Hill, Skye | Daisy Johnson, Lincoln Campbell, Friday (Marvel), Stephen Strange, Helen Cho, Bruce Banner, Sharon Carter (Marvel), Logan (X-Men), Erik Lehnsherr, Raven | Mystique, Time Travel Fix-It, Post-Captain America: Civil War (Movie), Infinity Gems, BAMF Jarvis (Iron Man movies), Team Tony, Tony Stark Has A Brain, X-men characters - Freeform, do not copy to another site"
The Limitations of Wax,https://archiveofourown.org/works/6606808,RayShippouUchiha,English,228224,21,"So Jarvis is the one who pulls her up onto her feet, presses a tool into one hand and a book into the other and tells her to create.  Tells her that if the numbers and the shapes and images in her mind hurt so bad then she should build them, should give them form so that they can finally leave her alone.Jarvis is the one who finally teaches her how to breathe.

Or



Toni Stark grows up with the tale of Icarus swirling in the back of her mind.  Instead of taking it as a precautionary tale about hubris and overreaching she decides it's more about the limitations of wax.



Years later when she builds herself wings of her own she makes sure to build them out of better material.","Creator Chose Not To Use Archive Warnings, Graphic Depictions Of Violence, Steve Rogers/Tony Stark, James ""Bucky"" Barnes/Tony Stark, Steve Rogers/Tony Stark/James ""Bucky"" Barnes, Tony Stark & Edwin Jarvis, Jarvis (Iron Man movies) & Tony Stark, Tony Stark & James ""Rhodey"" Rhodes, Clint Barton/Natasha Romanov, Tony Stark, Natasha Stark, Steve Rogers, James ""Bucky"" Barnes, James ""Rhodey"" Rhodes, Pepper Potts, Clint Barton, Thor, Natasha Romanov, Jarvis (Iron Man movies), Edwin Jarvis, Peggy Carter, Bruce Banner, Winter Soldier, Stark Robots (Marvel), Hurt Tony, Always Female Tony Stark, Howard Stark's A+ Parenting, Child Abuse, Attempted Sexual Assault, Violence, Sex, Tattoo Tony, Threesome - F/M/M, Tony Feels, Tony Angst, Protective Rhodey, Protective Jarvis (Iron Man movies), Canon-Typical Violence, Extremis Tony Stark, Arc Reactor, Scars, Protective Pepper Potts, canon character death, Possessive Behavior, Miscommunication, Tony Stark Needs a Hug, Torture, PTSD, Panic Attacks, Genius has a price, BAMF Tony Stark, Alcohol, Slightly skewed timeline, Pining, Misogyny, Betrayal, Stalking, BAMF JARVIS, Loneliness, Touch-Starved, Alternate Universe - Canon Divergence, Blood, Alternate Universe - Gender Changes, Self-Harm, Unhealthy Coping Mechanisms, Tags Contain Spoilers, Slow Build, Angst, Hurt/Comfort"
Winter's End,https://archiveofourown.org/works/11307321,ali_aliska,English,461625,73,"One year after the Civil War, Bucky Barnes is pardoned, thanks in large part to Tony Stark, and given a chance to return in order to remove the triggers in his head, courtesy of the upgraded BARF tech. Bucky is ready to heal and make amends, but can he atone for all the damage done? The path forward seems daunting and there are challenges ahead, but may be both he and Tony can find hope in the most unexpected place - each other. Because no matter how cold a winter, spring always follows.~~ON HIATUS, BUT NOT ABANDONED - Read through Ch. 63 for best/most complete reading experience and if you want to avoid the rude way I stopped on a cliffhanger~~","No Archive Warnings Apply, James ""Bucky"" Barnes/Tony Stark, James ""Bucky"" Barnes, Tony Stark, Post-Captain America: Civil War (Movie), Bucky Gets a Pardon, Team Iron Man, pro Accords, not team Cap friendly, Not Steve Friendly, Not Clint Friendly, Not Wanda Friendly, Appearances by Most MCU Characters, Morally Ambiguous Natasha, Mature Sexual Content, Tony Stark Has a Heart, Tony Stark Needs a Hug, Bucky Barnes Needs a Hug, B.A.R.F. | Binarily Augmented Retro Framing, Healing, Enemies to Friends to Lovers, Falling In Love, everyone has too many feelings, Slow Burn, Very Very Slow Burn, I'm Serious, Taking the Scenic Route to WinterIron, Hurt/Comfort, Some angst, Fluff, Romance, friendships, team iron man as family, brief descriptions of torture, Instances of Panic Attacks, Dealing with anxiety, Insecurity, Insecure Tony Stark, Protective Rhodey, Protective Bucky, Everyone's Protective of Tony, Winter Soldier as a Separate Personality, Unresolved Sexual Tension, Swearing, minor original characters, Additional Warnings In Author's Note"
The Guardian,https://archiveofourown.org/works/14428818,Emily_F6,English,234393,59,"Guardian: a person who guards, protects, or preserves.When a terrible accident claims the life of May Parker, Tony Stark steps up as Peter's guaridan. But it's not just a traumatized super-teen he'll have to worry about when he recieves a transmission from Thor.","No Archive Warnings Apply, Tony Stark & Peter Parker, Pepper Potts/Tony Stark, Tony Stark, Peter Parker, Thor (Marvel), Loki (Marvel), James ""Rhodey"" Rhodes, Pepper Potts, Steve Rogers, Natasha Romanov (Marvel), Bruce Banner, Irondad, Tony Stark Has a Heart, eventual Avengers fix-it, spiderson, Found Family, IronDad and SpiderSon"
Born from Chaos,https://archiveofourown.org/works/34080241,QueenOfALotOfDifferentWorlds,English,297693,75,"After surviving his life up to his eighteenth birthday, Harry wasn't really surprised when he got a letter that told him his biological father was Tony Stark.Exasperated? Absolutely. Surprised? Not so much.He had stopped thinking anything was too crazy to happen to him around the time he fought a fifty feet long Basilisk obeying a memory from a diary with an old hat and a sword. As a fucking twelve year old.Already on the search for himself outside of the boy who lived twice, Harry decides to visit his biological father.Tony thought after meeting literal gods, fighting against invading Aliens and flying a Nuke through a wormhole into space that nothing could shock him anymore.He is, of course, wrong. Trying to house the Avengers is anything but a piece of cake, especially while ignoring his crush on Captain America of all people.But nothing tops finding out that he has a son. A son he didn't know about. A son that has the same look in his startling green eyes that Tony recognizes from his own reflection.Tony has no idea if he can be a father, especially to someone who looks so lost but he will die trying, that's for sure.The story is completed! Updates weekly!","Graphic Depictions Of Violence, Harry Potter & Tony Stark, Tony Stark & Avengers Team, Harry Potter & Avengers Team, Steve Rogers/Tony Stark, Draco Malfoy/Harry Potter, Harry Potter, Tony Stark, Steve Rogers, Draco Malfoy, James ""Rhodey"" Rhodes, Pepper Potts, Natasha Romanov (Marvel), Clint Barton, Bruce Banner, Thor (Marvel), Teddy Lupin, Hermione Granger, Ron Weasley, Parent Tony Stark, Parent-Child Relationship, Howard Stark's A+ Parenting, changed timeline, harry is 18, Harry is a Little Shit, Healing, Trauma, Found Family, Avengers Family, Avengers Tower, Post-Avengers (2012), Learning to trust, Enemies to Friends to Lovers, Slow Burn, Sarcasm, Fluff, Fluff and Angst, Fluff and Crack, Existential Crisis, Finding a new Purpose in Life, Canon-Typical Violence, probably superhero fighting, Learning to become a Family, Learning to deal with trauma, Learning to have fun, There will be NO bashing, but a lot of critical thinking, more tags will be added as we go along, kidnappings, Torture, Protective Tony Stark, Protective Steve Rogers, Protective Avengers, baby steps, It Gets Worse Before It Gets Better, but eventually it will get better"
Butler Spider,https://archiveofourown.org/works/48337528,Danny_shells,English,118772,27,"Just before the battle with Thanos, Dr Strange pulls together enough power to send one person to a different dimension. A chance for that person to be safe from the destruction that Thanos was about to wrought on Earth. The group about to fight agreed that Peter Parker, for sheer virtual of being the only person not an adult there, would get the dubious honor.Which is how Peter finds himself waking up in Gotham City, a place even crueler and darker than New York City. Peter has to try to find a way to fit into this new universe at just sixteen years old.""I am still just your butler, and I cannot simply tell you that you will be adopting a new son. But I truly am not getting younger. You have seven children now, even if you haven’t adopted all of them legally. There is much more work than when it was just you and I. There is perhaps too much work for just myself, and then providence dropped a starving young man into my pathway for me to mold into a new generation of caretaker,” Alfred tried to explain himself.OrAlfred finds himself doing the adopting instead of Bruce, this time of a spider. Can Spider-Man become a first rate butler and keep his secret identity?","Graphic Depictions Of Violence, Batfamily Members & Peter Parker, Gotham City & Peter Parker, Peter Parker & Damian Wayne, Peter Parker & Alfred Pennyworth, Tim Drake & Peter Parker, Dick Grayson & Peter Parker, Peter Parker & Jason Todd, Dick Grayson/Peter Parker, Stephanie Brown/Cassandra Cain, Matt Murdock & Peter Parker & Wade Wilson & Other(s), Peter Parker, Alfred Pennyworth, Dick Grayson, Jason Todd, Tim Drake, Damian Wayne, Duke Thomas, Bruce Wayne, Stephanie Brown, Cassandra Cain, Barbara Gordon, Wade Wilson, Clark Kent, Daredevil, Matt Murdock, Inspired by Dark Matter, Peter Parker Needs a Hug, Peter in DC universe, Spiderman goes to Gotham, Dimension Travel, Crossover, Feral Damian Wayne, Air Vent Shenanigans, Damian Wayne hoards knives like a dragon hoards gold, BAMF Peter Parker, but peter parker is also oblivious as crap, Peter Parker is Trying His Best, Butler Peter Parker, Peter Parker as Alfred's apprentice, Humor, Peter thinks the Batfam is a gang, Meet the Batfamily (DCU), The batfamily is dramatic as crap, Bisexual Peter Parker, butler spider man, Jason Todd quotes Shakespeare unironically, tiny bit of nonconsensual kissing in one chapter, but Peter Parker shuts it down, not enough for the rape/non-con tag, Misunderstandings, Batfam thinks Peter has an abusive ex instead of being a vigilante, Dick is not a pedophile, Peter lied about his age, Dick is horrified when he finds out, Graphic Description, Graphic Torture, Team Red (Marvel), Oblivious Peter Parker, Peter Parker Gets a Hug, Hurt Peter Parker"
The File: Dumb Texts Behind The Scenes,https://archiveofourown.org/works/32460352,denimbeans,English,152037,51,PJ: i almost suplexed your child TS: what????? PJ: i was in the garage. he was in the garage. I was unaware of who he was TS: did you punch him? TS: i swear to god--YES i needed to make a gc fic to soothe my soul. do not question me.,"No Archive Warnings Apply, Percy Jackson & Tony Stark, Peter Parker & Tony Stark, Percy Jackson & Peter Parker, Percy Jackson, Peter Parker, Tony Stark, Friday (Marvel), Hazel Levesque, Jason Grace, Reyna Avila Ramírez-Arellano, Nico di Angelo, Piper McLean, Leo Valdez, Frank Zhang, Michelle Jones, Ned Leeds, Cindy Moon, Flash Thompson, Betty Brant, Abe Brown, Sally Avril, James ""Bucky"" Barnes, Natasha Romanov (Marvel), Pepper Potts, James ""Rhodey"" Rhodes, Post-Captain America: Civil War (Movie), Tony Stark Acting as Peter Parker's Parental Figure, Percy Jackson is a Good Friend, Tony Stark Has a Heart, Mrs. O'Leary is amazing, BAMF Percy Jackson, Humor, or at least, Attempt at Humor, just some dumb stuff, Fluff, Chatting & Messaging, Group chat, Chaotic Percy Jackson, Crack, Blind Percy Jackson"
The Cat Guardian: Licorice Stick,https://archiveofourown.org/works/15565041,I_Am_A_Silver_Lining,English,100591,29,"Summary: Kore wakes up. She’s a cat now. A big, fluffy cat with no idea how it happened or why. She thought things were crazy with just that, but then she meets a familiar face under a different name and things get even crazier.OR!In which a modern-girl falls into the Marvel Universe and is shifted into a cat. Bumps into Tony Stark and decided to follow him home because he's a magnet for trouble and she had a bleeding heart and a low-key-hero-worship-hard-on for Iron Man.Some mythological/magical bullshit happens later, but Marvel was already full of that before she got there, totally not her fault.(not abandoned! Just working on multiple fics at once)","Graphic Depictions Of Violence, Major Character Death, Tony Stark & Original Character(s), Pepper Potts & Tony Stark, James ""Rhodey"" Rhodes & Tony Stark, Tony Stark, Original Character(s) - Character, Pepper Potts, James ""Rhodey"" Rhodes, Obadiah Stane, Other character tags will be added later, BAMF Tony Stark, Tony Stark Has a Heart, Tony Stark Needs a Hug, Tony Stark Gets a Hug, Post-Traumatic Stress Disorder - PTSD, Trauma, grandiose use of innuendos, Puns and References, Therapy cat, T.S.D.S (Tony Stark Defense Squad), BAMF Pepper Potts, BAMF James ""Rhodey"" Rhodes, Overprotective OC, Oc will do everything and anything for Tony Stark, Hero Worship, Alternate Universe, Iron Man 1, shameless self-insert, Shameless, Girl falls into another universe trope, Platonic oc/Tony Stark, Probably gonna bash the avengers, Profanity, Digital Art, I cant draw cats, but i try, space travel, Space Adventure, Warlord Tony Stark, Protective Tony Stark, Good Parent Tony Stark, Aliens, Rebellion, Dubious Science"
Don't Look Down,https://archiveofourown.org/works/16654747,NamelesslyNightlock,English,256298,47,"When forced to decide between the lives of Tony Stark and Iron Man, Steve Rogers chose wrong. Tony is left to deal with the consequences, but it’s not like he’s helpless, and he certainly isn’t alone.","Graphic Depictions Of Violence, Loki/Tony Stark, Tony Stark, Loki (Marvel), James ""Bucky"" Barnes, James ""Rhodey"" Rhodes, Bruce Banner, Pepper Potts, Steve Rogers, Thor (Marvel), Jarvis (Iron Man movies), Enemies to Friends to Lovers, Not Iron Man 3 Compliant, Slow Burn, Secret Identity, Kidnapping, Trust Issues, Torture, Betrayal, Tony Stark Has Issues, Nightmares, Post-Traumatic Stress Disorder - PTSD, Aquaphobia, Tony Stark Needs a Hug, Protective Loki (Marvel), BAMF Loki (Marvel), Protective Tony Stark, BAMF Tony Stark, Dark Tony Stark, Dubious Morality, Dependency, Unhealthy Coping Mechanisms, Pining, Domestic Fluff, Cuddling, Jotunn Loki (Marvel), Love Confessions, Eventual Smut, Sex, Romantic Fluff, Angst with a Happy Ending, Separation Anxiety, Bananas, Families of Choice, Mental Link, Healing, Fluffy Ending"
Mr. Parker Declined to Comment,https://archiveofourown.org/works/19809970,apisdn,English,102138,30,"The events leading up to the embarrassing moments during the Doomed Field trip, and how Peter Parker accidentally ended up in charge of things. All the while the political machine moves on, the Avengers do not kiss and make up, and the future draws ever closer.","Creator Chose Not To Use Archive Warnings, Peter Parker & Tony Stark, Ned Leeds & Peter Parker, Michelle Jones & Peter Parker, Happy Hogan & Peter Parker, May Parker (Spider-Man) & Peter Parker, Peter Parker & Everyone, Peter Parker, Tony Stark, May Parker, Ned Leeds, Michelle Jones, Flash Thompson, Scientists, Steve Rogers, Scott Lang, James ""Rhodey"" Rhodes, Cassie Lang, Shuri, T'Challa (Marvel), Friday (Marvel), More Scientists, Accords people, Politicians - Character, Thor, Loki, The Entire MCU, Plus Comic Characters, Plus OC's for background positions, Except then some of them got important, The Tinkerer, Genius Peter Parker, Intern Peter Parker, Tony Stark Acting as Peter Parker's Parental Figure, Peter Parker's Field Trip to Stark Industries, Why Is That It's Own Tag, seriously, Why Is That The One Fic We All Write, plot heavy, Endgame will never happen, Ever - Freeform, I'm also mad about Endgame, Civil War Team Iron Man, not team Cap friendly, Irondad, spiderson, Peter Parker's Abs, Peter Parker Acts Like a Spider, Post-Spider-Man: Homecoming, Field Trip, why, BAMF Peter Parker, May is maybe not the best parent in this, she kinda sucks, but it's mostly that she's having a mental breakdown so..."
Get On Your Knees And Pray To Me,https://archiveofourown.org/works/22942099,shiningloki,English,338388,36,"When the Goddess of Sex dies, Odin is desperately searching for someone to fit her role. The lust and passion are disappearing from the realms and he needs a suitable replacement. Apparently, Loki is extremely interested.After becoming the God of Sex, Loki hears you praying to him about how you want to lose your virginity. He's curious about you and decides he'd like to your answer your prayers in a bit more personal manner.Loki comes to you, ravishes you, and when neither of you can resist the temptations of one another, you quickly enter into an intimate deal full of pleasure, lust, and your complete submission. *Started as a one shot, now a chaptered fic!*","Creator Chose Not To Use Archive Warnings, Loki (Marvel)/Reader, Loki (Marvel)/You, Tom Hiddleston/Loki/Original Female Character(s), Loki (Marvel)/Original Female Character(s), Loki (Marvel), Odin (Marvel), Reader, Thor (Marvel), Heimdall (Marvel), Frigga | Freyja (Marvel), Smut, Fluff, Angst, Oral Sex, Sex, Vaginal Sex, Hand Jobs, Blow Jobs, First Time, Body Worship, Loss of Virginity, Protective Loki (Marvel), Possessive Loki (Marvel), Dirty Talk, Fingerfucking, Dom/sub, Dom Loki (Marvel), Master/Pet, Masturbation, Teasing, Sexual Tension, Praise Kink, Orgasm Delay/Denial, Choking, Shower Sex, Showers, Violence, Floor Sex, Leashes, Aftercare, Rough Sex, Voice Kink, Bondage, Wall Sex, Clone Sex, Spanking, Morning Sex, Wake-Up Sex, Overstimulation, Forced Orgasm, Pain Kink, Sub Loki (Marvel), Breeding Kink, Throne Sex, Public Sex, Exhibitionism, Threesome, Threesome - F/M/M, Romance, Love, Falling In Love, Cock Warming, BDSM, Painplay, Drama, Jotunn Loki (Marvel), Altar Sex, Happy Ending"
Power and Paradox,https://archiveofourown.org/works/1063802,The_Kinky_Pet,English,286527,72,"“Billionaire, genius, engineer, philanthropist, submissive.  Yeah, submissive.  Any questions?”ORYet another BDSM-AU.NOTE: Due to RL this work was originally on hiatus until May 2020, but then there was a global pandemic and personal tragedy. I still have tons of notes to bring this to a close, but am behind where I'd hoped to be before COVID.  The last chapter here isn't a cliff-hanger, and even has a bit of a resolution, but there is still story to be told.  I'm not sure when I'll be able to write and post again.  My new plan is not to post anything more until the whole bloody fic is DONE.  To which end, cheer leading welcome and patience appreciated!  :)","Creator Chose Not To Use Archive Warnings, No Archive Warnings Apply, Steve Rogers/Tony Stark, Pepper Potts, Bruce Banner, Clint Barton, Fury - Character, James ""Rhodey"" Rhodes, Natasha Romanov, Alternate Universe - BDSM, Sub!Tony, Dom!Steve, Romance, Slow Build, sorry but no characters from Thor, very slow build"
The Red Thread,https://archiveofourown.org/works/12091260,PastaFossa,English,1006845,163,"It's said that every soul is connected to another by a red thread, and that these two souls are destined to meet. The thread, though it may tangle or stretch, will never break. That's not your experience, lucky or unlucky enough as you are to see the strings that bind people together. A red thread is developed and grown, not born, and you've worked hard to weed out any semblance of crimson that might cling to you. You pay your bills, you keep your head down, and you find whatever lost people or items you're hired to sniff out.Then the Devil of Hell's Kitchen tags along on a job, and your plan falls apart. Starts prior to Into the Ring, and loosely follows the canon timeline. There is eventually smut, so enter at your peril. Reader is never physically described but uses a false name and may be treated as an OC.","No Archive Warnings Apply, Matt Murdock/Reader, Daredevil/reader, Matt Murdock/AFAB Reader, Matt Murdock, Reader, Franklin ""Foggy"" Nelson, Karen Page, Claire Temple, Elektra Natchios, Wilson Fisk, James Wesley, Frank Castle, Peter Parker, Reader-Insert, Eventual Romance, Eventual Smut, Matt Murdock Needs a Hug, Humor, Fluff, Human Disaster Matt Murdock, Mutant Reader, Matt Murdock Gets Some God Damned Support, Hurt Matt Murdock, Emotional Hurt/Comfort, Attempted Sexual Assault, Canon-Typical Violence, Blood, Off screen Torture, Sharing a Bed, Miscommunication, Angst, Slow Burn, No use of y/n, Watch me make up legal shit, Friends to Lovers, Mutual Pining, BAMF Matt Murdock, Sleepy Cuddles, Eventual Happy Ending, psychic mutual masturbation oops, Touch-Starved Matt Murdock, Protective Matt Murdock, Vague references to child abuse (warning before chapter), PTSD, cuddling for warmth, Hypothermia, Scent Marking, Oral Sex, Drowning, unrelated to the aforementioned oral sex obviously, Found Family, Psychic oral sex, I INVENTED THAT TAG i would like to thank the Matt Murdock Appreciation Society, And Readers like you, Psychic Sex, playing whack-a-mole with repressed memories, warning before each smut chapter"
we're on a highway to hell (with a little bit of heaven),https://archiveofourown.org/works/14439504,dabblingwithwords,English,107557,22,"Hydra has had Peter in their custody for three years. Deadpool is hired to break him out. Throw in an alien symbiote, motels, and superhero explosions and things get gay.","Graphic Depictions Of Violence, Peter Parker/Wade Wilson, James ""Bucky"" Barnes/Steve Rogers, Pepper Potts/Tony Stark, Domino/Natasha Romanov, Peter Parker, Wade Wilson, Tony Stark, Steve Rogers, James ""Bucky"" Barnes, Venom Symbiote, Carnage Symbiote, Original Male Character(s), Clint Barton, Natasha Romanov (Marvel), Original Female Character(s), The Boxes, Thor Odinson, Bruce Banner, Francis ""Ajax"" Freeman, Domino, Deadpool, Death (Marvel), Pepper Potts, May Parker (Spider-Man), T'Challa, Shuri, Hawkeye (Marvel), Okoye (Marvel), Roadtrip, Violence, Language, Slow Burn, Eventual Smut, Dirty Talk, Size Kink, HYDRA shit, Action/Adventure, Romance, Friends to Lovers, basically everyone shows up at some point - Freeform, and there's kissing, and happiness, and a shit ton of gay, Dorks in Love, Wade Wilson Needs a Hug, Pansexual Wade Wilson, Bisexual Peter Parker, Implied/Referenced Suicide, Implied/Referenced Torture, PTSD, Mental Illness, Angst, Happy Ending, Hijinks & Shenanigans, Self-Harm, Virgin Peter Parker, Miscommunication, Aftermath of Torture, Gore, protective!wade, badass!Peter, Peter has gone through a lot of shit guys, Please read with caution, HYDRA is shit and evil, Kidnapping, Trauma, Dealing With Trauma, Mental Health Issues, Mental Instability, Psychologists & Psychiatrists, Starvation, disorientation, Sexuality Crisis, basically there's a lot of shit with HYDRA, Experimentation, Doctors, Therapy, Medication, Distressing Elements and Themes, Frottage, Blowjobs, Sexual Tension, disassociating, complex PTSD, bad pop culture references, also since Deadpool is in it, there will be gore, Hurt/Comfort, supportive friendships, Everyone loves Peter, and wants him safe, Humor, Sleepovers, Implied Sexual Content, Drinking, Voyeurism, Homophobic Language, Bottom Peter, Top Wade, Bottom Wade, Top Peter, Switching, Venom is asexual, so no tentacle porn sorry folks, Sexually assertive Peter, Daddy Kink, gay vacations, christmas time fluff, matching sweater sweetness, Memes, Spain, World Traveling, Venom watches the cooking channel, also Deadpool does die, but he comes back 'cause he can't die, Anxiety, Panic Attacks, Comfort, Peter's got a crussshhh, Temporary Character Death"
Superheroes,https://archiveofourown.org/works/22854970,riverchic1998,English,101035,30,"When Stiles reads the posts, he’s more confused. They’re older posts, back from his undergrad freshman year, but it was during a supernatural attack that a bunch of people got caught in. Stiles practically ran himself into the ground offering support, advice, and gathering information for Scott and Derek so they could do damage control.“This tells me nothing,” Stiles says. “Except that you can use Google and know how to take screenshots.”“I consider it your resume,” Fury tells him.Stiles freezes, because what.Fury doesn’t say anything else, doesn’t explain, even after Stiles gestures for more. “What the hell do you mean it’s my resume? If you haven’t realized it, I’m still in college.”He doesn’t look impressed. “You’ve been in college. You have two degrees, four separate certifications, and you’re on the fast-track for a PhD.”“I like learning,” Stiles deadpans.“You like helping, and it just so happens that I have someone you can help.”","No Archive Warnings Apply, Derek Hale/Stiles Stilinski, James ""Bucky"" Barnes/Steve Rogers, Stiles Stilinski, Derek Hale, James ""Bucky"" Barnes, Steve Rogers, Tony Stark, Scott McCall (Teen Wolf), Clint Barton, Natasha Romanov (Marvel), Thor (Marvel), Recovery, Post-Traumatic Stress Disorder - PTSD, Humor, BAMF Stiles, excessive sarcasm, Misunderstandings, Implied/Referenced Suicide, Assisted Suicide, Emotional Manipulation, Sarcasm, Not Captain America: Civil War (Movie) Compliant, Sheriff Stilinski's Name is John, Angst and Feels, Happy Ending"
The Teenage Vigilante's Guide to Saving New York (And Making Friends Along the Way),https://archiveofourown.org/works/17504579,candlesneedflame,English,103398,25,"While Tony's assistance with all of Peter's technological needs has been invaluable, he hasn't managed to be much of a mentor when it comes to the actual hero aspect of being a powered person. After a chance encounter, Peter finds himself being mentored by none other than Daredevil with no shortage of guest-taught lessons from the older vigilante's friends and acquaintances. This exposure to the grittier side of the city and vigilantism as a whole leads Peter to discover a conspiratorial plot to destroy New York City.","Graphic Depictions Of Violence, Matt Murdock & Peter Parker, Matt Murdock & Frank Castle, everyone is friends - Relationship, Peter Parker & Tony Stark, Ned Leeds & Peter Parker, Michelle Jones & Peter Parker, Frank Castle & Peter Parker, Luke Cage/Claire Temple, Matt Murdock & Franklin ""Foggy"" Nelson, Matt Murdock & Karen Page, Matt Murdock & Claire Temple, Matt Murdock & Franklin ""Foggy"" Nelson & Karen Page, Franklin ""Foggy"" Nelson & Karen Page, Matt Murdock & Melvin Potter, Matt Murdock & Wade Wilson, Peter Parker, Matt Murdock, Jessica Jones, Ned Leeds, Tony Stark, Karen Page, Franklin ""Foggy"" Nelson, Steve Rogers, James ""Bucky"" Barnes, Natasha Romanov (Marvel), Clint Barton, Frank Castle, Luke Cage, Claire Temple, Michelle Jones, Melvin Potter, Malcolm Ducasse, Danny Rand, Colleen Wing, Wade Wilson, vigilante mentorship, Matt is scary af but nice to kids, cats!!!, fuckin bad at tagging sorry kids, please leave comments with good tags, Protective Tony Stark, Mr. Miyagi Matt, Peter's networking like a real adult, Jessica Jones is not a good chaperone, Teenage Peter Parker, Teenage Rebellion, Peter is stickin' it to the man, badum tsss, GET IT???, because he's sticky??????, Parent Tony Stark, or at least surrogate parent, BAMF Matt Murdock, bc he always is a bamf, DevilDad and SpideySon, not spideypool, Peter is a child, THIS IS SPIDER-MAN: HOMECOMING PETER PARKER, he is a child, No Spideypool, THE ONLY ACCEPTABLE SPIDEYPOOL IS BETWEEN ADULT ITERATIONS OF PETER PARKER AND WADE, lots of sexual innuendos, because hello it contains deadpool, there are extremely brief mentions of child abuse and use of date rape drugs, but there is nothing explicit and each mention is like basically just a sentence or two, nothing extreme enough for me to add the rape/non-con tag, tony has character flaws, but I love him, not anti tony, just acknowledging that he fucked up, Team Red (Marvel)"
Cupboards and Cryogenics,https://archiveofourown.org/works/10668402,YodelingProspector,English,218674,78,"When HYDRA sends The Winter Soldier to bring them the four-year-old Boy Who Lived, the outcome is not what they expected.","Creator Chose Not To Use Archive Warnings, James ""Bucky"" Barnes & Harry Potter, Harry Potter & Tony Stark, James ""Bucky"" Barnes & Tony Stark, James ""Bucky"" Barnes & Logan (X-Men), James ""Bucky"" Barnes & Steve Rogers, Logan (X-Men) & Harry Potter, James ""Bucky"" Barnes, Harry Potter, Severus Snape, Albus Dumbledore, Hydra Agents, Minerva McGonagall, Rubeus Hagrid, Tony Stark, Jarvis (Iron Man movies), Pepper Potts, Natasha Romanov (Marvel), Phil Coulson, Alastor ""Mad-Eye"" Moody, Charles Xavier, Logan (X-Men), Steve Rogers, X-Men (Team), Loki (Marvel), Clint Barton, Thor (Marvel), Sirius Black, Background & Cameo Characters, Bruce Banner, Abusive Dursley Family, Bucky Barnes Feels, Protective Bucky Barnes, Harry Needs a Hug, Winter Soldier Bucky Barnes, Confused Bucky Barnes, Abused Harry, Child Harry Potter, Bucky Barnes Needs a Hug, Kid Fic, HP timeline is bumped back, Post-Iron Man 2, Bucky Barnes Recovering, Tony Stark Has a Heart, Families of Choice, Adopted Harry Potter, Parent Bucky Barnes, Protective Tony Stark, The New Fist of Harry, Pre-Hogwarts, Post-Traumatic Stress Disorder - PTSD, Bucky Barnes Has Issues, Kidnapping, Mind Control, Professor X Machina, Harry Potter was Raised by Other(s), Harry Potter was Adopted by Other(s), Xavier Institute, Sirius Black Gets a Trial, Hurt/Comfort, Charles Xavier in a Wheelchair, Winter Soldier Trial, Brainwashed Loki (Marvel), Raising Harry Potter, Fluff and Angst, Team as Family"
Dig No Graves,https://archiveofourown.org/works/11633517,miss_aphelion,English,142844,31,"""I'm here to kill you, Terminator,"" Tony said slowly, ""does that compute?""The soldier looked up at him with wide blue eyes and no expression. ""Okay.""Tony froze. ""Okay,"" he echoed. ""I tell you I came here to kill you and your response is 'okay'?""""I am being decommissioned,"" the soldier said, and for one horrible moment Tony thought he actually seemed relieved. ""I understand. I will comply.""(Or; Tony learns the Winter Soldier killed his parents and goes on a search for revenge, but ends up learning how to heal instead)","Creator Chose Not To Use Archive Warnings, James ""Bucky"" Barnes/Tony Stark, Tony Stark, James ""Bucky"" Barnes, Jarvis (Iron Man movies), Pepper Potts, Helen Cho, Natasha Romanov (Marvel), Nick Fury, Maria Hill, Steve Rogers, Sam Wilson (Marvel), Clint Barton, James ""Rhodey"" Rhodes, Thor (Marvel), Bruce Banner, Wanda Maximoff, Pietro Maximoff, Alternate Universe - Canon Divergence, Canon Divergence - Captain America: The Winter Soldier, Bucky Barnes Feels, Tony Stark Feels, Hurt/Comfort, Mind Control, Mind Control Aftermath & Recovery, Past Torture, Brainwashing, Tony Stark Has a Heart, Bucky Barnes Needs a Hug, Slow Build, POV Tony Stark"
The Sun Will Shine,https://archiveofourown.org/works/31297244,badwolfrise,English,121985,44,"Loki knew he was courting death when he decided to attempt to stab Thanos, so he lied to Thor about the sun shining on them again. He knew he was going to die. And he died under Thanos’s arms. But what he hadn’t expected was for him to wake up again, certainly not in the body of his younger self a week before Thor’s coronation. Given a second chance in life Loki decides to make a decision unlike his younger self...he runs away and hides in Midgard. With Asgard in chaos with the youngest prince missing, Thor becomes King and finds himself under hot water with lots of things going wrong. With a mission to tackle Thanos and get his revenge, Loki settles in Midgard with a new identity but the butterfly effect spreads as many things start changing, will Loki be able to plan Thanos’s demise?","Creator Chose Not To Use Archive Warnings, Loki/Tony Stark, Loki & Thor (Marvel), Peter Parker & Tony Stark, Loki & Peter Parker, Loki (Marvel), Tony Stark, Steve Rogers, Thor (Marvel), Natasha Romanov (Marvel), Clint Barton, Bruce Banner, Jane Foster (Marvel), Darcy Lewis, Peter Parker, Stephen Strange, Time Travel, Time Travel Fix-It, Back to the beginning, Sentient Infinity Stones (Marvel), Overpowered Loki, Jotunn Loki (Marvel), Infinity War (Marvel Comics), Alternate Universe - Canon Divergence"
Give Thanks to Broken Bones,https://archiveofourown.org/works/20128243,thepartyresponsible,English,109628,32,"The bodyguard is incredibly well-respected in the superhero single parent community. He is also, Tony’s realizing, something of an asshole.","Graphic Depictions Of Violence, Tony Stark/Jason Todd, Tony Stark, Jason Todd, Clint Barton, Steve Rogers, Natasha Romanov (Marvel), Bruce Banner, Bruce Wayne, Alternate Universe - Bodyguard, Alternate Timelines, Kid Fic, Domestic Fluff, Fluff and Angst, Slow Burn, Team as Family, Canon-Typical Violence"
Avenging an Avenger,https://archiveofourown.org/works/59333944,NinjaPandaScholar,English,184870,28,"Harry Potter was very lonely. Yes, he had friends, a good job, and just finished his mastery in defense, but it was usually just him and his son all alone at night when everyone else had families and lives apart from them. When he learned by chance that he may actually have some living family, it should have been an easy decision to reach out to them. Unfortunately, nothing comes easily to Harry. Harry's biological father just had to be the most difficult person in the world to get a meeting to see, and the absolutely most suspicious when confronted with a paternity claim.Tony Stark was very lonely. He and Pepper had recently broken up. His friends had betrayed him, and he was now forced to live with the very same people who had hurt him. He didn't think he could take one more blow and stay standing under it. Tony didn't have family; he didn't know what to do with family; too bad Tony's family wasn't sure what to do with him either, but they were going to give it a hell of a try anyway.","No Archive Warnings Apply, James ""Bucky"" Barnes/Harry Potter, Bruce Banner/Tony Stark, Hermione Granger/Ron Weasley, Harry Potter, Tony Stark, Teddy Lupin, James ""Bucky"" Barnes, Bruce Banner, Hermione Granger, Ron Weasley, Steve Rogers, James ""Rhodey"" Rhodes, Pepper Potts, Wanda Maximoff, Clint Barton, Natasha Romanov (Marvel), Thor (Marvel), Loki (Marvel), Tony Stark is Harry Potter's Parent, Harry Potter Raises Teddy Lupin, Auror Harry Potter, Bucky Barnes Has PTSD, Harry Potter Has PTSD, Found Family, Civil War Team Iron Man, Not Civil War Team Captain America Friendly, Tony Stark Has PTSD, Hand wavy science, Unreliable Narrator, Family Feels, Fluff, Numerology"
"God of Mischief, Master of Death",https://archiveofourown.org/works/36500893,CrazyArtChic,English,449022,130,"Loki gets a chance to change everything. The Norns, having become tired of Odin's meddling in the Weave, have decided enough is enough. Death sees this as a chance to plead their case, asking for Loki to go through the trials needed to become the Master of Death. In order to stop Thanos, Loki would agree to anything, knowing what is coming, and so he does. Hera Potter grows up not knowing who she'd been, what she is expected to go through, or that she's already fighting for something greater than herself. As the barriers fall between this life and the last, Hera will have to navigate through who she was to stay who she is. She was Loki once, but she is more than that now, and she will fight to keep it and the life she's made. If that means flinging her soul across time and space, or using the knowledge she has to navigate through a future she should not know, she'll do it. Who is Thanos to threaten everything she loves? Who is Dumbledore to think a child should be responsible to win a war? And where does Odin get off thinking he had any say at all?","Creator Chose Not To Use Archive Warnings, Female Harry Potter - Character, Hermione Granger, Weasley Family (Harry Potter), Sirius Black, Loki (Marvel), The Norns, Death - Character, The Potters - Character, The Dursleys, Tony Stark, Remus Lupin, Severus Snape, Jörmungandr | Jormungand | Midgard Serpent (Norse Religion & Lore), Jareth (Labyrinth), Thor, Hogun (Marvel), Fandral (Marvel), Sif (Marvel), Volstagg (Marvel), Heimdall (Marvel), Frigga | Freyja (Marvel), Albus Dumbledore, Minerva McGonagall, Filius Flitwick, Rubeus Hagrid, Tom Riddle | Voldemort, Malfoy Family (Harry Potter), Wade Wilson, Matt Murdock, Dolores Umbridge, Arabella Figg, Eir (Marvel), Hela (Marvel), Odin (Marvel), Obadiah Stane, Happy Hogan, Pepper Potts, Dobby (Harry Potter), Winky (Harry Potter), Fenrir (Marvel), Hogwarts Ghosts, Hogwarts Staff, Hogwarts Castle - Character, Logan (X-Men), Magneto, Raven | Mystique, Charles Xavier, Howling Commandos, Stephen Strange, God | Chuck Shurley, Dean Winchester, Sam Winchester, John Winchester, Rule 63, Time Travel Fix-It, Master of Death Harry Potter, Loki is Harry Potter, Female Harry Potter, mentions of child abuse, loose references to Norse Mythology, Minor Character Death, no betas we die like men, Redemption is a bitch, Inspired by Addams Family, loose references to Greek Mythology, Easter Eggs, hidden references, Mentions of rape in greek myths, Multiverse"
The End of Infinity,https://archiveofourown.org/works/18899449,FriendlyNeighborhoodFangirls,English,923788,295,"In 2023, the battle for the universe has been won. At a cost no one can forget, the fight is over—for all but one.Stephen Strange has an idea. An impossible idea spanning dimensions and timelines, life and death, and the lines of good and evil. But he's played impossible odds before—perhaps he never stopped.All that Loki wanted was to fight, one last time, for the fate of his universe. So when he finds himself fighting for another, crashing into the past, he has a few intended words for the wizard that forced him there.But not before he finds a boy. Or, more accurately, before the boy finds him.Peter Parker has been waiting for the next mission. He just doesn't expect it to come from the future, armed with a ridiculous story demanding a ridiculous quest. And he doesn't expect not to be able to tell Mr. Stark.Tony Stark is trying to rebuild from the Civil War, knowing that someday, something will come that he needs to be ready for. And he doesn't know it yet, but two universes are trying to rebuild around him, and that something is already here.Seven Stones. Five dead. Two universes. And one impossible quest to tie it all back together.","No Archive Warnings Apply, Peter Parker & Tony Stark, Loki & Peter Parker, Tony Stark & Stephen Strange, Loki & Tony Stark, Peter Parker & Stephen Strange, Loki & Stephen Strange, Tony Stark/Stephen Strange, (it takes a while but they make it), Michelle Jones/Peter Parker, Avengers Team & Guardians of the Galaxy Team, Pepper Potts/OMC, James ""Rhodey"" Rhodes & Tony Stark, Ned Leeds & Peter Parker, Stephen Strange & Wong, Loki & Thor (Marvel), Peter Parker, Loki (Marvel), Tony Stark, Stephen Strange, Pepper Potts, Morgan Stark (Marvel Cinematic Universe), Ned Leeds, Michelle Jones, James ""Rhodey"" Rhodes, Wong (Marvel), Steve Rogers, Natasha Romanov (Marvel), Guardians of the Galaxy Team, Avengers Team (MCU), Original Humans and Aliens, Time Travel, Time Shenanigans, Post-Avengers: Endgame (Movie), Tony Stark Has a Heart, Loki (Marvel) Needs a Hug, Stephen Strange Needs a Hug, Protective Peter Parker, Protective Tony Stark, Protective Loki (Marvel), Hurt Stephen Strange, Hurt Tony Stark, Hurt Loki (Marvel), Hurt Peter Parker, Angst, Hurt/Comfort, Fluff, Stephen Strange is Actually the Greatest, Pepper Potts deserves the universe, BAMF Stephen Strange, BAMF Loki (Marvel), BAMF Tony Stark, Mental Health Issues, Morally Ambiguous Character, Slow Burn, shape shifting, Irondad, Implied/Referenced Self-Harm, Protective Stephen Strange, Steve Rogers & Tony Stark Friendship, Tony Stark/Stephen Strange Parenting Peter Parker | Supremefamily | Strange Family, And Loki is like the problematic older brother and we love him, Fix-It, Character Death, DISCONTINUED: This will no longer be updated, At least not by the original author"
Revelations,https://archiveofourown.org/works/16508027,theproblematique,English,126830,19,"“I still don’t get it,” Ned says. “How you just... keep being ordinary in spite of all the craziness you’ve lived through. You were in space. You helped Iron Man save the universe. And nobody knows it was you.” His tone softens, becomes almost sad. As though he realizes that what he’s saying is so completely alien to him that he will never be able to understand this part of Peter’s life. “Peter, don’t you want people to know you for who you are?” An AU where they get the Gauntlet off of Thanos that first time, on Titan.","Creator Chose Not To Use Archive Warnings, Peter Parker/Tony Stark, Peter Parker, Tony Stark, Steve Rogers, Pepper Potts, Ned Leeds, Michelle Jones, Happy Hogan, May Parker (Spider-Man), James ""Bucky"" Barnes, Sam Wilson (Marvel), Bruce Banner, Thor (Marvel), Stephen Strange, Wanda Maximoff, Vision (Marvel), James ""Rhodey"" Rhodes, Maria Hill, Nick Fury, Natasha Romanov (Marvel), Alternate Universe - Canon Divergence, Power Imbalance, Age Difference, Peter is 18, Found Family, Slow Burn, Explicit Sexual Content, author has already arranged a ride to church trust me"
A Friend for A Week,https://archiveofourown.org/works/5183057,LokasennaHiddleston,English,165157,49,"A week before Thor's coronation, a drunk and depressed Loki decides he wants a genuine friend of his own. Of course, he turns to magic to solve his dilemma.There are only two problems. First, he is very aware that his current form isn't very lovable or trustworthy. Second, he actually needs a person to befriend.This is how Loki ends up in Tony Stark's living room, minutes after his disastrous birthday party, and in the shape of a cat. What will our favorite genius-billionaire-playboy-philanthropist make of the mysteriously appearing feline, and how will it all affect their lives, and those of the people around them?","Graphic Depictions Of Violence, Loki/Tony Stark, Jarvis (Iron Man movies) & Tony Stark, Frigga & Loki, Laufey & Loki (Marvel), Loki & Thor, Loki (Marvel), Tony Stark, Jarvis (Iron Man movies), Thor (Marvel), Odin (Marvel), Frigga (Marvel), Pepper Potts, Other Marvel Characters, Lokitty, Animal Transformation, Hurt/Comfort, Angst, Self-Esteem Issues, Friends to Lovers, Alternate Universe - Canon Divergence, Fluff and Angst, Loki Needs a Hug, Loki Gets a Hug, Cuddling & Snuggling, BAMF Loki, Protective Loki, Protective Kitty Loki, Cat Loki, Loki the badass cat, Fantastic Racism, Odin's Parenting, BAMF Tony, Laufey's Good Parenting, Fix-It, Politics, King Loki"
Just gonna let em hate,https://archiveofourown.org/works/18502681,StarryKitty013,English,367672,18,It’s not like anything changed much.Peter is usually great brushing off all the shit everyone gives him for being himself. It usually doesn’t matter what they think; what anyone thinks really.So why is it getting so hard for him to do that recently?,"Graphic Depictions Of Violence, Rape/Non-Con, Underage Sex, Peter Parker & Natasha Romonov & James ""Bucky"" Barnes, Peter Parker & Natasha Romanov, James ""Bucky"" Barnes & Peter Parker, James ""Bucky"" Barnes/Natasha Romanov, Peter Parker & Avengers Team, Peter Parker & Tony Stark, Harley Keener & Peter Parker, Wanda Maximoff & Peter Parker, Peter Parker & Wade Wilson, Matt Murdock & Peter Parker & Wade Wilson, Matt Murdock & Peter Parker, Michelle Jones & Ned Leeds & Peter Parker, Peter Parker, Natasha Romanov (Marvel), Nick Fury, James ""Bucky"" Barnes, Tony Stark, Harley Keener, Wanda Maximoff, Wade Wilson, Matt Murdock, Bruce Banner, Steve Rogers, Clint Barton, Thor (Marvel), Michelle Jones, Ned Leeds, Sam Wilson (Marvel), Shuri (Marvel), T'Challa (Marvel), Pepper Potts, Harley Keener's Sister, Slow Burn, Emotional Hurt/Comfort, Heavy Angst, Implied/Referenced Rape/Non-con, Peter Parker is a Little Shit, Genius Peter, Hurt Wanda Maximoff, Tony Stark is acting as Harley Keener's Parental Figure, inaccurate usage of political system, inaccurate usage of Science, Team Red, Tony Is a Good Bro, Tony Stark is kinda good with kids, BAMF Peter Parker, Implied/Referenced Drug Addiction, Starvation, Child Abuse, inaccurate usage of military system, Child Soldiers, Human Experimentation, Anxiety, Panic Attacks, Sensory Overload, Child Abandonment, cursing, Hydra Peter Parker, Dark Peter Parker, Controversial Topics, Not Canon Compliant, Parent Tony Stark, Parent Natasha Romanov, Parent Bucky Barnes, Kid Peter Parker, Fury cares just don't tell anyone, MAIN FIC!!, Russian!Peter Parker, Redemption, Wade Wilson is a Good Bro, Accepting podfics to whomever is insane enough to do it"
Say Goodbye to Yesterday,https://archiveofourown.org/works/603307,melonbutterfly,English,111713,4,"The day after the invasion Tony wakes up and his tower is intact again; everything is exactly the way it was before this whole mess went down. It doesn’t take him long to catch up but he can’t figure out why he’s in a time loop – so he does what anyone would: fuck things up while trying to find a way to fix this. Somewhere along the way, his priorities change and suddenly he finds himself involved neck-deep in Norse family drama, along with some other stuff.","No Archive Warnings Apply, Loki/Tony Stark, Jane Foster/Thor, Loki (Marvel), Tony Stark, Thor (Marvel), Nick Fury, Natasha Romanov, Phil Coulson, Steve Rogers, Clint Barton, Odin (Marvel), Frigga (Marvel), Fandral (Marvel), Sif (Marvel), Thanos, Pepper Potts, Jarvis (Iron Man movies), Bruce Banner, Sigyn (Marvel), Chitauri, Maria Hill, Time Loop, Marriage of Convenience, Marriage, Mind Control, Meet the Family, Teambuilding, Family Drama, Alien Invasion, Post-Traumatic Stress Disorder, Domestic, Politics, Diplomacy, Translation Available"
I'll Keep You Safe Here With Me.,https://archiveofourown.org/works/1907085,sara_holmes,English,110566,16,"Yes, Clint is avoiding the other Avengers. No, he does not want to go back to New York. But then again, he didn't exactly want to be kidnapped by the Winter Soldier either. Really, he just wants to go back to bed.","Creator Chose Not To Use Archive Warnings, James ""Bucky"" Barnes/Clint Barton, Steve Rogers, Tony Stark, Natasha Romanov, Kidnapping, Post-Traumatic Stress Disorder - PTSD, Canon-Typical Violence, Post-Captain America: The Winter Soldier, Where the hell was Clint Barton, Bucky Barnes Feels, Clint Barton Feels, Depression, Mind Control Aftermath & Recovery, Implied Relationships, Minor Steve Rogers/Tony Stark, Panic Attacks"
Wipe Your Tears Away,https://archiveofourown.org/works/3279998,SailorChibi,English,121545,58,"Steve likes taking care of his team. It gives him focus in a confusing new world. But one member of the team never learned that it's okay to be taken care of. Until the night Tony gets a concussion, and his deepest secret - that, when he's absolutely sure he's alone, he likes to role play being a toddler  - comes out into the open and affords Steve the perfect opportunity.","No Archive Warnings Apply, Steve Rogers & Tony Stark, Steve Rogers/Tony Stark, Clint Barton/Phil Coulson, Steve Rogers, Tony Stark, Phil Coulson, Natasha Romanov, Bruce Banner, Thor (Marvel), Clint Barton, Jarvis (Iron Man movies), Pepper Potts, Age Play, Non-Sexual Age Play, Little!Tony, Daddy!Steve, Hurt/Comfort, Emotional Hurt/Comfort, Adult baby, Fluff, Cuddling, Tony Stark Needs a Hug, Tony Stark Has Daddy Issues, Steve Rogers Has Issues, Diapers, bottles, Bathing, consensual ageplay, Daddy Issues, Howard Stark's A+ Parenting, Angst, Fluff and Angst, Cuddling & Snuggling, Platonic Cuddling, Pacifiers, Wetting, Accidents, Bathing/Washing, No Sex, Self-Esteem Issues, Thumb-sucking, firm Steve, tony feels like he has to do everything alone, but that's not true, Vulnerability, issues with vulnerability, safe words, Infantilism, non sexual infantilism"
"The Old Gods Called, They'd Like Their Kingdom Back",https://archiveofourown.org/works/31758358,Rhino (RhinoMouse),English,486568,130,"When two individuals explode out of the heart tree at Winterfell, the Bolton's think it's a blessing from the gods. It certainly is a change in their fortunes. Sansa expected to die the day the Bolton's did after their guest made the ground shake with her fury. Only she didn't, and now she is nominally the one in charge. With no army, no support outside of those men who saw an angry god and decided not to help their liege Lord, and said god is now her terrifying guest.Daisy would like to stop being mistaken for a god, and also reiterate flaying innocent people alive is not an acceptable practice. It would help if Fitz would wake up already because she's clearly not going to be able to get them out of the medieval hellscape they're now trapped in. Although Fitz wouldn't be her first choice of companion to be stranded with. And magic ice zombies, because of course there's magic ice zombies.","Graphic Depictions Of Violence, Major Character Death, Rape/Non-Con, Jon Snow & Sansa Stark & Arya Stark & Rickon Stark, Leo Fitz & Skye | Daisy Johnson, Sansa Stark/Skye | Daisy Johnson, Jon Snow/Daenerys Targaryen (minor), Sansa Stark, Jon Snow, Skye | Daisy Johnson, Davos Seaworth, Jon ""The Greatjon"" Umber, Wyman Manderly, Tormund Giantsbane, Brienne of Tarth, Podrick Payne, Robett Glover, Rickon Stark, Osha (ASoIaF), Theon Greyjoy, Barbrey Dustin, Ned Umber, Alys Karstark, Meera Reed, Bran Stark, Arya Stark, Leo Fitz, Daenerys Targaryen, Missandei (A Song of Ice and Fire), Tyrion Lannister, Varys (A Song of Ice and Fire), Petyr Baelish, Olenna Tyrell, Willas Tyrell, Garlan Tyrell, Leonette Fossoway, Yara Greyjoy, Grey Worm (A Song of Ice and Fire), Manderlys (ASoIaF), Jorah Mormont, Lyanna Mormont, Jamie Lannister, Gendry (A Song of Ice and Fire), Accidental Portals, Family Bonding, The Boltons Are Very Dead, Women In Power, Northern politics, There must always be a Stark in Winterfell, Old Gods, Daisy Cause's a Religious Crisis, Court Politics, Logistics of Country Building and Winter Preparations, Fitz and Daisy Have a Pack of Issues, s6 Agents of SHIELD, s6 Game of Thrones, Jon Snow Needs a Hug, Sansa Stark Needs a Hug, Weird Mix of Book and Show, Skye | Daisy Johnson is Bi, How To Build a Cult, Slow Burn, medieval warfare, Logistics and Trade Agreements, Negotiations, Medieval Legal Code, Religious Chaos, Empire Building, Some Graphic Violence But Its Not Lingering Or Frequent, Dragons in War and for Fun, Daenerys Targaryen Is Not a Mad Queen, Shenanigans, Mostly Not a Tragedy"
Missing Links,https://archiveofourown.org/works/30824393,spagbol99,English,424509,77,"The Rogues are back; Tony Stark couldn't even be mad about it - it was his idea after all. He's an Avenger and that means protecting the Earth at any cost - even if he has to deal with a certain star-spangled man and his sullen sidekick. After all, he's been through worse in his life; the loss of his wife and the disappearance of his son 12 years ago. Compared to that, this would be a walk in the park.Bucky Barnes is back on US soil as a free man. But freedom is more than just physical. On top of that, Steve is desperate for him to be the man he was before. The only problem is; that man is long dead.Peter Parker has been through the mill but he knows he just had to adapt, roll with the (many) punches and keep going. Spider-man is his safe place now, the one time he could truly feel like himself. Like he is making a difference. He'd make sure no one would suffer like he has, even if he has to track down the perpetrator himself.","Creator Chose Not To Use Archive Warnings, Peter Parker & Tony Stark, Steve Rogers & Tony Stark, James ""Bucky"" Barnes & Steve Rogers, James ""Bucky"" Barnes/Steve Rogers, Pepper Potts/Tony Stark, James ""Bucky"" Barnes & Tony Stark, James ""Bucky"" Barnes & Peter Parker, Tony Stark, Peter Parker, James ""Bucky"" Barnes, Steve Rogers, James ""Rhodey"" Rhodes, Pepper Potts, Natasha Romanov (Marvel), May Parker (Spider-Man), Ned Leeds, Michelle Jones, Sam Wilson (Marvel), Harley Keener, Happy Hogan, Clint Barton, Laura Barton, Tony Stark Needs a Hug, Peter Parker is Tony Stark's Biological Child, Protective Bucky Barnes, POV Bucky Barnes, Hurt Bucky Barnes, Peter Parker Needs a Hug, Homeless Peter Parker, Foster Care, Not Captain America: Civil War (Movie) Compliant, Not Canon Compliant, Hurt/Comfort, Angst, Tony Stark Has a Heart, Post-Captain America: Civil War (Movie), Angst and Hurt/Comfort, Implied/Referenced Child Abuse, Child Abuse, Physical Abuse, POV Tony, POV Peter Parker, Swearing, Tony Stark Acting as Peter Parker's Parental Figure, Parent Tony Stark, Kidnapping, Kidnapped Peter Parker, Natasha Romanov Is a Good Bro, Abused Peter Parker, Slow Burn, Slow Build, Character Death, Grief/Mourning"
Of Spiders and Super-Soldiers,https://archiveofourown.org/works/5897374,AuddieAussie,English,147256,28,"After the hell that was Ultron and the Sokovia Accords, Tony doesn't blame the team for wanting nothing to do with him. To make up for past mistakes, Tony disappears into his lab and focuses on using his money and brains to provide the Avengers with more fancy tech than they'll ever need. By doing this, he also doesn't have to worry about Steve's grim frown, Bucky's hateful gaze, or everyone else's cold annoyance. For six long months, this formula worked, but then fate decided to be a Loki-like dick and Tony wasn't sure how it happened, but in the span of one week, he'd somehow acquired a kid.","Creator Chose Not To Use Archive Warnings, Steve Rogers/Tony Stark, James ""Bucky"" Barnes/Steve Rogers, James ""Bucky"" Barnes/Tony Stark, James ""Bucky"" Barnes/Steve Rogers/Tony Stark, Happy Hogan/Pepper Potts, Tony Stark, Steve Rogers, James ""Bucky"" Barnes, Peter Parker, Bruce Banner, Natasha Romanov, Clint Barton, Thor (Marvel), Sam Wilson (Marvel), Wanda Maximoff, Phil Coulson, Pepper Potts, James ""Rhodey"" Rhodes, Happy Hogan, Jarvis (Iron Man movies), Nick Fury, Tiberius Stone, Canon Character(s), Tony Stark Has a Heart, Insecure Tony Stark, Protective Steve Rogers, Protective Bucky Barnes, Parent Tony Stark, Kid Peter Parker, Post-Traumatic Stress Disorder - PTSD, Hurt/Comfort, Mutual Pining, Polyamory, Superfamily, Adoption, Slow Build, Post-Captain America: Civil War (Movie)"
Identity Theft,https://archiveofourown.org/works/14559489,KitCat992,English,266101,30,"It's been months since the events of Civil War, and the Avengers are doing their best to remain a team, having promised to forgive and forget. Unfortunately for them, Tony Stark's latest invention has been stolen and recovering it causes tension to reappear.Meanwhile, in Queens, Peter Parker has two main priorities on his plate — complete his midterm finals, and track down a fishbowl wearing criminal that may or may not lead him right into the hands of the Avengers.Somehow between all of this, Spider-Man's identity is revealed to the Avengers, Steve and Tony's friendship may permanently be damaged due to continued hidden secrets, and Happy struggles to buy a youth-sized casket for Peter's funeral.Things were a lot easier when they were fighting over Bucky Barnes.(Or: The Avengers welcome Peter into their crazy superhero family and will do anything to protect him.)","Graphic Depictions Of Violence, Peter Parker & Tony Stark, Pepper Potts/Tony Stark, Steve Rogers & Tony Stark, Peter Parker & Steve Rogers & Tony Stark, Peter Parker & Avengers Team, Avengers Team & Peter Parker & Tony Stark, Peter Parker, Tony Stark, Steve Rogers, Clint Barton, Natasha Romanov (Marvel), Bruce Banner, Wanda Maximoff, Sam Wilson (Marvel), James ""Rhodey"" Rhodes, May Parker (Spider-Man), Helen Cho, Karen (Spider-Man: Homecoming), Friday (Marvel), Pepper Potts, Happy Hogan, Stephen Strange, Mysterio, Ned Leeds, James ""Bucky"" Barnes (mentioned), Norman Osborn, Michelle Jones, Angst, Suspense, Hurt/Comfort, Coping, Not Really Character Death, Hurt Peter, Tony Stark Has a Heart, Kidnapping, Peter Parker Needs a Hug, Whump, Civil War Fix-It, Post-Spider-Man: Homecoming, Protective Tony Stark, Peter Parker Whump, Pain, Grief/Mourning, Fluff, Action, Emotional Hurt/Comfort, Angst and Hurt/Comfort, Hurt Peter Parker, Not Avengers: Infinity War Part 1 (Movie) Compliant, Avengers Family, Protective Avengers, Comic Book Science, Fake Character Death, Protective Steve Rogers, Panic Attacks, Graphic Description of Injuries, Blood and Injury, Iron Dad, Found Family, Tony Stark Acting as Peter Parker's Parental Figure, Not Spider-Man: Far From Home Compliant, Angst with a Happy Ending, Synder Cut Length Story of making the Avengers a real team because canon sure as hell didn't, Slow burn of Tony Stark and Steve Rogers becoming bros because canon spat on them, Irondad"
The Fool in the Mirror,https://archiveofourown.org/works/16457597,thepinupchemist,English,111489,22,"The Avengers, SHIELD, and the world at large have underestimated the pain that Steve Rogers is in.The night after a near brush with a suicide attempt, Steve discovers the world of support omegas, and in his desperation for relief from the battlefield of his brain, demands to have one.Enter Bucky Barnes: retired marine, millennial, amputee, brother, son, and support omega. He maybe, just maybe, can help a broken alpha heal in the twenty-first century.","Graphic Depictions Of Violence, James ""Bucky"" Barnes/Steve Rogers, Steve Rogers, James ""Bucky"" Barnes, Tony Stark, Nick Fury, Natasha Romanov (Marvel), Sam Wilson (Marvel), Clint Barton, Bruce Banner, Rebecca Barnes Proctor, Winifred Barnes, George Barnes (Marvel), Original Barnes Sisters - Character, Wanda Maximoff, Pietro Maximoff, T'Challa (Marvel), Shuri (Marvel), Alpha/Beta/Omega Dynamics, Alpha/Omega, Shrunkyclunks, Captain America Steve Rogers/Modern Bucky Barnes, Suicidal Thoughts, Post-Traumatic Stress Disorder - PTSD, Panic Attacks, Suicidal Steve, Bearded Steve Rogers, Depression, Omega Bucky Barnes, Alpha Steve Rogers, Omega Tony Stark, Healing, Hurt/Comfort, Emotional Hurt/Comfort, Avengers Tower, Trauma, Mental Health Issues, Tony Stark Has a Heart, Touch-Starved, Self-Harm, Jewish Bucky Barnes, Memes, Awkward First Times, No mpreg, Switching, Non-Traditional Alpha/Beta/Omega Dynamics, Dom/sub Undertones, Angst with a Happy Ending, Happy Ending, Family, Comic Book Science"
"Breathe, then Repeat",https://archiveofourown.org/works/14460936,TheSecretUchiha,English,102501,31,"[Infinity War Spoilers]Peter exhales and his body turns to dust.Then, he breathes.~Peter remembers it all; sneaking into a spaceship, the fight against Thanos, losing... (the way Mr Stark's face had crumpled while holding him).That's not going to happen again, he'll do anything to stop it. Anything.","Creator Chose Not To Use Archive Warnings, Peter Parker & Tony Stark, May Parker (Spider-Man) & Peter Parker, Peter Parker, Tony Stark, Stephen Strange, May Parker (Spider-Man), Steve Rogers, Ned Leeds, Michelle Jones, Jane Foster (Marvel), Darcy Lewis, Spoilers, Avengers: Infinity War Part 1 (Movie) Spoilers, Fix-It, Time Travel Fix-It, protect this boy, Tony and Peter taking care of each other has become my life, but seriously, Don't read if you haven't seen the movie!!, Now a chaptered fic, what is my life, take care of Peter, discussions of mental health, Time Travel, so brace yourself?, there's a lot of ups and downs here, it's a rollercoaster ride"
The Ghosts of the Gotham Opera house,https://archiveofourown.org/works/56190433,Unctrlablyalt (tay_tay19),English,135360,50,"In the aftermath of the battle atop the Statue of Liberty, Peter Parker is thrust into a new reality where he's a stranger without an identity. Homeless and displaced in the alleys of Gotham, he must navigate a city overrun by crime to forge a new path.Meanwhile, Gotham's shaking with the arrival of Red Hood. Fueled by years of grudge holding and a burning desire to settle the score with his old man, he's back in town and ready to cause chaos. But as he grapples with memories and family ties he thought he'd left behind, keeping that vengeance alive gets trickier than he ever imagined.When they stumble upon each other amidst the shattered remains of the Gotham Opera House, an unlikely bond forms. Amid the wreckage, they forge a peculiar friendship, joining forces to navigate the tangled web of obstacles ahead.","No Archive Warnings Apply, Peter Parker & Jason Todd, Jason Todd & Bruce Wayne, Dick Grayson & Jason Todd, Dick Grayson & Peter Parker, Batfamily Members & Peter Parker, Cassandra Cain & Tim Drake & Dick Grayson & Duke Thomas & Jason Todd & Bruce Wayne & Damian Wayne, Peter Parker & Damian Wayne, Peter Parker, Jason Todd, Bruce Wayne, Dick Grayson, Tim Drake, Cassandra Cain, Damian Wayne, Alfred Pennyworth, Barbara Gordon, Clark Kent, Kate Kane (DCU), Stephanie Brown, Post-Movie: Spider-Man: No Way Home (2021), Multiverse, Not Canon Compliant, Hurt/Comfort, Found Family, Dick Grayson is Peter Parker's Biological Parent, Protective Batfamily (DCU), Alfred Pennyworth is the Best, Protective Jason Todd, Time Shenanigans, Peter Parker Needs a Hug, Jason Todd Needs A Hug, Canon-Typical Violence, Non-Graphic Violence, Fluff, Angst, Bruce Wayne is Bad at Feelings, Canon Divergence - Under the Red Hood Arc, Lazarus Pit Side Effects (DCU), Jason Todd and Damian Wayne Meet in the League of Assassins, Post-Traumatic Stress Disorder - PTSD, Peter Parker Has Sensory Issues, Good Sibling Dick Grayson, Dick Grayson Needs a Hug, Canon Temporary Character Death, Temporary Character Death, Time Travel, Minor Dick Grayson/Wally West, No Beta"
"Darkness, My Old Friend... and Silence",https://archiveofourown.org/works/16878510,IronStrange_Tales (RavenCall70),English,220603,120,"Tony is getting tired of cleaning up the messes the other Avengers keep dumping in his lap, expecting him to deal with it all. They say change is healthy, but Tony wants to vehemently disagree when he finds himself alone and gravely injured in an abandoned bunker in one of the coldest places on Earth.My first MCU story 😏*Chapter 1 posted Dec. 6/18*Comments moderated.","Creator Chose Not To Use Archive Warnings, Tony Stark/Stephen Strange, Jessica Jones & Matt Murdock, Tony Stark & Avengers Team, Stephen Strange & Wong, Tony Stark & Stark Robots, Dummy (Iron Man movies), Friday (Marvel), Avengers Team (MCU), Nick Fury, MCU Cast Ensemble, Jarvis (Iron Man movies), Tony Stark, Stephen Strange, Thor (Marvel), Loki (Marvel), Nebula (Marvel), Guardians of the Galaxy Team, Slow Burn, Post-Traumatic Stress Disorder - PTSD, Anxiety Attacks, Tony-centric, POV Multiple, Civil War Team Iron Man, Cloak of Levitation (Marvel), Dialogue Heavy, Post-Avengers: Age of Ultron (Movie), Eventual Romance, Angst and Hurt/Comfort, BAMF Jessica Jones, BAMF Tony Stark, Cloak has a personality, This story should be canon, Salty author, BAMF Stephen Strange, Not King T'Challa Friendly, BAMF Wong, IronStrange, Stephen-centric, screw endgame, Not Beta Read, Chronic Pain, Chronic Stress and Abuse Issues, Post-Captain America: Civil War (Movie), Not Avengers: Infinity War Part 1 (Movie) Compliant, Not Avengers: Endgame (Movie) Compliant, Pre-Relationship, Don't copy to another site, Free to read on AO3, Fluff and Angst, Character Death, Violence, Torture, Cameos by Loki Nebula and Gamora, Can't Be Stressed Enough This is a Team Ironman Story, Not Steve Rogers Friendly, Not Natasha Romanov Friendly (Marvel), Not Clint Barton Friendly, Not Sam Wilson Friendly, Not Wanda Maximoff Friendly, Not Vision Positive"
Everything She Didn't Know She Wanted,https://archiveofourown.org/works/4245780,bluecurls,English,137994,41,Knowing she had two soulmates comforted Darcy Lewis during the toughest moments of her life. Then she met them.,"Creator Chose Not To Use Archive Warnings, Darcy Lewis/Steve Rogers, James ""Bucky"" Barnes/Darcy Lewis, James ""Bucky"" Barnes/Darcy Lewis/Steve Rogers, James ""Bucky"" Barnes/Steve Rogers, Darcy Lewis, Clint Barton, Steve Rogers, James ""Bucky"" Barnes, Jane Foster (Marvel), Tony Stark, Thor (Marvel), Bruce Banner, Natasha Romanov, Pepper Potts, Nick Fury, Soulmate-Identifying Marks, Threesome - F/M/M, Protective Steve Rogers, Protective Bucky Barnes, Awesome Darcy Lewis, Clint Is a Good Bro, Jane Foster Loves Science, Bruce Needs a Hug, Thor Is Not Stupid, Protective Thor, Darcy is the fandom bicycle and I love it, BAMF Natasha Romanov, Tony Being Tony, Bucky Barnes Has Issues, Drama, Eventual Happy Ending, Eventual Smut, Not Captain America: The Winter Soldier Compliant, We are family"
If I Could Start Again,https://archiveofourown.org/works/14873238,Taaroko,English,261253,88,"Stormbreaker strikes Thanos a couple inches to the left of where it does in canon, with much more satisfying results. However, revenge alone won't fill the voids left behind by all that Thor has lost. The Time Stone might be able to help with that.Infinity War Thor is thrown back into his younger body on the night of the botched coronation. He's going to be doing things a lot differently this time.","No Archive Warnings Apply, Loki & Thor (Marvel), Thor & The Warriors Three, Sif & Thor (Marvel), Frigga | Freyja & Thor (Marvel), Odin & Thor (Marvel), Loki & Odin (Marvel), Frigga | Freyja & Loki & Odin & Thor (Marvel), Brunnhilde | Valkyrie/Loki (Marvel), Thor & Avengers Team, Loki & Avengers Team, Clint Barton & Natasha Romanov, Steve Rogers & Natasha Romanov, Bruce Banner/Betty Ross, Clint Barton & Ava Starr, Loki & Tony Stark, Brunnhilde | Valkyrie & Heimdall (Marvel), Thor (Marvel), Loki (Marvel), Frigga (Marvel), Sif (Marvel), Heimdall (Marvel), Warriors Three (Marvel), Phil Coulson, Clint Barton, Nick Fury, Tony Stark, Natasha Romanov (Marvel), Bruce Banner, Brunnhilde | Valkyrie (Marvel), Steve Rogers, Odin, Lots of other characters but they're more minor so I'm not tagging them individually, Also some of them are surprises, Any character from the MCU (shows included) could appear at any point, Brodinsons, Alternate Universe, Time Travel, Thor (Marvel) Needs a Hug, Thor (Marvel) is a Good Bro, Canon Divergence - Thor (2011), brand new timeline, Snowball effect, Asgardian Culture (Marvel), Asgardian politics, Jotunn Loki (Marvel), Time Travel Fix-It, Podfic Available"
Tintype,https://archiveofourown.org/works/12984054,EllOnWheels,English,144978,26,"Tony meets Stephen Strange in the aftermath of Civil War, and finds common ground with the sorcerer. Stephen, as is his way, ends up finding trouble, and Wong finds this all rather tedious.Then Tony decides to put himself in charge and save the world.","No Archive Warnings Apply, Tony Stark/Stephen Strange, Tony Stark, Stephen Strange, Wong (Marvel), James ""Rhodey"" Rhodes, Happy Hogan, Pepper Potts, Howard Stark, Maria Stark, Natasha Romanov (Marvel), Vision (Marvel), T'Challa (Marvel), Shuri (Marvel), Dummy (Iron Man movies), You (Iron Man movies), Stark Robots (Marvel), Sam Wilson (Marvel), Steve Rogers, Scott Lang, Wanda Maximoff, Clint Barton, Peter Quill, Gamora (Marvel), Rocket Raccoon, Drax the Destroyer, Groot (Marvel), Nebula (Marvel), Mantis (Marvel), Peter Parker, Phil Coulson, Nick Fury, Friday (Marvel), Thor (Marvel), Heimdall (Marvel), Brunnhilde | Valkyrie (Marvel), Bruce Banner, Hulk (Marvel), Korg of Krona, Miek (Marvel), Carol Danvers, Captain Marvel, Loki (Marvel), Thanos (Marvel), Post-Civil War (Marvel), Post-Spider-Man: Homecoming, not kind to steve rogers, Infinity War trailer got me thinking, salty Iron Man, salty Doctor Strange, Tony Stark is Done with This Shit, Tony Stark Needs a Hug, Tony Stark Gets a Hug, Curiosity gets the better of Stephen Strange, Civil War Team Iron Man, Infinity Gems, Infinity Stones, Just where the heck is the Soul Stone?, Tony Stark-centric, Tony Stark Feels, BAMF Tony Stark, Happy Tony Stark, Non-Human Tony Stark, Tony Stark Has a Heart, Tony Stark Defense Squad, Thor: Ragnarok (2017) Compliant, Tony gets a word in edgewise, Hint: Tony is the Soul Stone, How the hell did this get so fluffy?, IronStrange, Domestic Avengers, Tony is a strong independent Avenger who don't need no Captain, BAMF James ""Rhodey"" Rhodes, Tony has a lot to be pissed off about, Tony takes a kick at religion using logic and compassion, BAMF Stephen Strange, BAMF Doctor Strange, BAMF Loki (Marvel), Gamora has a Time To Be The Captain moment, schmoop and fluff, Not Avengers: Infinity War Part 1 (Movie) Compliant, No Avengers: Endgame (Movie) Spoilers, Not Avengers: Endgame (Movie) Compliant, don't spoil the endgame"
If They Haven't Learned Your Name,https://archiveofourown.org/works/6329503,silentwalrus,English,237623,18,"Steve gets out of the hospital in two days, but just barely. “I’m fine,” he tells Sam, Nurse Eunjung and the phalanx of doctors assigned to make sure Captain America didn’t bleed out and die and get bad PR all over their nice clean hospital. “I have an advanced healing factor. It’s fine. See? I’m standing.”“That is not standing,” Sam tells him.“You’re bending the IV stand,” Nurse Eunjung adds pointedly. “Let go and sit down, they don’t grow on trees.” aka Steve and Bucky's Global Honeymoon Revenge World Tour.Podfic of this story available by the incredible quietnight!","Graphic Depictions Of Violence, James ""Bucky"" Barnes/Steve Rogers, Steve Rogers, James ""Bucky"" Barnes, Sam Wilson (Marvel), Natasha Romanova, Tony Stark, James ""Rhodey"" Rhodes, Pepper Potts, Maria Hill, Clint Barton, Nick Fury, Peggy Carter, Phil Coulson, Thor, Post-Captain America: The Winter Soldier, Post-Traumatic Stress Disorder - PTSD, standard Winter Soldier trauma umbrella, POV Alternating, Bucky Barnes's Metal Arm, Weirdness, Llamas, Bucky Barnes Has A Complicated Relationship With UFOs, Thirty Korean Grandmothers, Steve And Sam Vs. Canoe, Natasha Is Taking It Personally, Consent Issues, One (1) Orgasm, Podfic Available, Russian Translation Available, do not copy to another site"
Adopting Identities,https://archiveofourown.org/works/8210240,Thisisentertaining,English,147281,32,"No one's surprised when Pepper suggests an alternative to the Sokovian accords before the councilman can even propose the idea. It’s Pepper after all. Of course, she waits until the councilman leaves before dropping the real bomb. The public needs to see a deliberate, personal movement. They need to see the lives of the Avengers be affected by the losses they leave.When Peter Parker gets a call from his social worker, he just knows he's being kicked out of yet another foster home. When he burst into her office to see the Avengers waiting to adopt him, he’s sure that it was their way of inviting Spiderman to join the team. Luckily the Avenger’s like to discuss vigilantes over breakfast. A small tingle of non-spidey-sense-related nerves flutter in his stomach when Tony complains about the lack of cameras in Queens, but it isn’t until the heroes start suggesting possible people or personalities for the man behind the spider mask that he realizes he has no clue what’s going on.","Graphic Depictions Of Violence, Major Character Death, Pepper Potts/Tony Stark, Clint Barton/Laura Barton, Past Peter Parker/Gwen Stacy - Relationship, past Steve/peggy - Relationship, Peter Parker/Mary Jane Watson, Peter Parker, Tony Stark, Steve Rogers, Pepper Potts, Sam Wilson, Natasha Romanov, Wanda Maximoff, James ""Rhodey"" Rhodes, Vision, T'Challa (Marvel), Scott Lang, Matt Murdock, Franklin ""Foggy"" Nelson, Bucky, Mary Jane Watson, Civil War AU, Canon Divergence, Post-Captain America: Civil War (Movie), Orphan Peter, Character death refers to pre-story events, Aunt May is dead, It's all the Averngers' fault, Secret Identities, Miscommunication, Hurt and comfort, Family Fluff, Domestic Fluff, Canon-Typical Violence, Awkward Peter, adoption to help public image"
And all that’s best of dark and bright,https://archiveofourown.org/works/16202717,kaaterinapetrova,English,179108,37,"When Steve Rogers leaves her to die in Siberia, Toni Stark hacks her soulmark apart, tears the flesh and veins until she is blinded with pain, and waits to die. Up above, somewhere in the universe, something fractures.Trigger warning for cutting, suicidal thoughts, breakdown.","No Archive Warnings Apply, Tony Stark, James ""Rhodey"" Rhodes, Steve Rogers, Maria Hill, Natasha Romanov (Marvel), Wanda Maximoff, Brock Rumlow, Howard Stark, Maria Stark, Friday (Marvel), Thanos (Marvel), Stephen Strange, Clint Barton, Sam Wilson (Marvel), James ""Bucky"" Barnes, Christine Everhart, Thaddeus Ross, Vision (Marvel), Scott Lang, Hope Van Dyne, Ebony Maw, Cull Obsidian, Thor (Marvel), Loki (Marvel), Brunnhilde | Valkyrie (Marvel), Bruce Banner, Proxima Midnight, Corvus Glaive, Gamora (Marvel), Peter Quill, Rocket Raccoon, Groot (Marvel), Drax the Destroyer, Mantis (Marvel), Hela (Marvel), Female Tony Stark, Tony Stark Has a Heart, Tony Stark Needs a Hug, Civil War Team Iron Man, Tony Stark Angst, Alternate Universe - Soulmates, Soulmate-Identifying Marks, Flashbacks, Nightmares, Post-Traumatic Stress Disorder - PTSD, Tony Stark Has Issues, BAMF Tony Stark, BAMF James ""Rhodey"" Rhodes, Protective James ""Rhodey"" Rhodes, BAMF Maria Hill, Maria Hill is a Good Bro, Emotional Hurt/Comfort, Emotional Hurt, Emotional Baggage, Platonic Relationships, Mental Health Issues, Depression, Loneliness, Lonely Tony Stark, Slow Build, Angst, Post-Captain America: Civil War (Movie), Angst with a Happy Ending, Eventual Happy Ending, Sad with a Happy Ending, Triggers, Suicidal Thoughts"
Drabbles,https://archiveofourown.org/works/17591705,Anonymous,English,347819,179,"These are all my tumblr drabbles/stories in one collection. Aside from the Mafia Boss One. My tumblr is: @starkerforlife6969 so you know I'm classy and you can come hang out with me. Each chapter will be tagged! Mostly starker, but there will be winterspider and spidershield and spiderstrange.","Creator Chose Not To Use Archive Warnings, Peter Parker/Tony Stark, Peter Parker/Steve Rogers, Peter Parker/Stephen Strange, James ""Bucky"" Barnes/Peter Parker, Clint Barton/Peter Parker, Harry Osborn/Peter Parker, Norman Osborn/Peter Parker, Peter/?, Peter Parker/Flash Thompson, Peter Parker, Tony Stark, Steve Rogers, James ""Bucky"" Barnes, Stephen Strange, Clint Barton, Bruce Banner, Harry Osborn, Norman Osborn, Smut, Fluff, Angst, Happy endings always, fairy peter, mob boss tony, Protective Tony, Possessive Tony, Sub Peter, Bottom Peter, Top Tony, peter is always a bottom, everyone has a boner for peter parker, each chapter will be tagged, sugar daddy tony, Sugar Baby Peter, spoilt peter, slut peter, Alpha/Beta/Omega Dynamics, Alpha Tony, Alpha Steve, Omega Peter"
The Ones Burnt,https://archiveofourown.org/works/50770141,This_is_lovin,English,199292,35,"“Thank you, sir.” Peter turned facing M.J. and Ned’s silhouettes that wobbled against the rising sun.“Call me Stephen,” Doctor Strange said.Peter smiled, “Thank you, Stephen.” The name felt odd coming out of his mouth.The laugh was slight, barely even one. “Still feels weird.” Stephen smiled; it was small and didn’t cause the edges of his eyes to crease.“I’ll see you around.”The Magician stared at him, eyes mourning something already lost. “Good luck kid.”—Or: spider-man in gotham, just with identity.","Graphic Depictions Of Violence, Major Character Death, Dick Grayson & Peter Parker, Peter Parker & Bruce Wayne, Peter Parker & Jason Todd, Tim Drake & Peter Parker, Tim Drake & Peter Parker & Duke Thomas, Peter Parker & Damian Wayne, Peter Parker & Alfred Pennyworth, Selina Kyle/Bruce Wayne, Barbara Gordon/Dick Grayson, Selina Kyle & Peter Parker, Peter Parker, Bruce Wayne, Dick Grayson, Jason Todd, Tim Drake, Duke Thomas, Damian Wayne, Alfred Pennyworth, Selina Kyle, Uncle Ben Parker (Marvel), Aunt May Parker (Marvel), Tony Stark, Joker (DCU), Justice League (DCU), Wally West, Crystal Brown, Post-Movie: Spider-Man: No Way Home (2021), Hurt Peter Parker, Lot of Hurt, Crossover, Angst, Child Abuse, Loss of Identity, LITERALLY, Mild Gore, Selina Kyle Knows Bruce Wayne is Batman, heavy on the science fiction, i made some minor adjustments to the mcu lore, everyone lowkey connects after civil war :), Dysfunctional Family, Justice League is aware of identities, Suicidal Thoughts, Not Beta Read, Angst with a Happy Ending, listen this wasnt suppose to be so bruce neg, but i promise he improves and he becomes the worlds best okayish father, Pedophilia, Grooming, it doesn’t happen to peter or anything, it is there though"
Point of No Return,https://archiveofourown.org/works/15260064,Brickgirl101,English,198744,68,"The bridges are burning, the heat's on my faceMaking the past an unreachable placePouring the fuel, fanning the flamesI know, this is the point of no returnBruce was right... they were just a chemical mixture. A bomb set to explode.Tony sat in the wake of it all...No he still had a promise to fulfill... his life wouldn’t be put to waste.Watch out world Tony ‘Fucking’ Stark is back... Iron Man Lives AgainNote: On a Hiatus.","Creator Chose Not To Use Archive Warnings, Tony Stark & Avengers Team, IronStrange - Relationship, Tony Stark/Stephen Strange, Darejones - Relationship, Jessica Jones/Matt Murdock, Tony Stark & Stark Robots, Harley Keener & Tony Stark, Harley Keener & Peter Parker, Harley Keener & Kamala Khan & Peter Parker & Tony Stark, Carol Danvers/James ""Rhodey"" Rhodes, Darcy Lewis/ Johnny Storm, Reed Richards/Susan Storm (Fantastic Four), Vision/Jennifer Walters, Nebula & Tony Stark, Rocket Racoon & Tony Stark, Gamora/Peter Quill, Michelle Jones/Peter Parker, Kamala Khan/Shuri, Hope Van Dyne/ James “Bucky” Barnes, Tony Stark, Stephen Strange, James ""Rhodey"" Rhodes, Vision (Marvel), Peter Parker, X-Men (Team), Jessica Jones, Matt Murdock, Luke Cage, Danny Rand, Hope Van Dyne, Carol Danvers, Fantastic Four (Team), Jennifer Walters, Harley Keener, Kamala Khan, Stark Robots (Marvel), Friday (Marvel), Steve Rogers, Wanda Maximoff, James ""Bucky"" Barnes, BAMF Tony Stark, Post-Captain America: Civil War (Movie), Civil War Team Iron Man, New Avengers, Team as Family, Established Relationship, IronStrange, Tony-centric, Extremis Tony Stark, Tony Stark is Good With Kids, Protective FRIDAY, Protective Stephen Strange, Stephen gives Tony the comfort he deserves, Protective Cloak of Levitation, Levi is it’s name, not team Cap friendly, Not Steve Friendly, Bucky Barnes Is a Good Bro, Winter Soldier separate entity, Not Wanda Friendly, Team Bonding, Jealous Steve Rogers, Fluff and Smut, Fluff and Angst, Family Fluff, Tony Stark Defense Squad"
Once more with feeling,https://archiveofourown.org/works/31879927,Mei (Ima1),English,154843,38,"Harry can't say he was exactly thrilled about being thrust into a new world and leaving everything behind, but slowly, sometimes quite so, he carves out his place and makes a new life for himself. That said life somehow includes his long-lost godfather, a team of superheroes, a Norse god for a best friend, and a magical shop that caters to Muggles was not what he was expecting. That he ends up falling in love and getting a new family out of it was even less expected.He thinks it all might end up being worth it.","No Archive Warnings Apply, Harry Potter/Tony Stark, Minor or Background Relationship(s), Loki/Stephen Strange, Sirius Black/Maria Hill, Harry Potter, Tony Stark, Sirius Black, Loki (Marvel), Morgan Stark (Marvel Cinematic Universe), Peter Parker, All the Avengers basically, Maria Hill, Alternate Universe, Alternate Universe - Canon Divergence, Harry Potter Epilogue What Epilogue | EWE, The Avengers (2012) Compliant, mostly - Freeform, playing fast and loose with canon after that, Slow Burn, Bisexual Harry Potter, Bisexual Tony Stark, Wandless Magic (Harry Potter), Shopkeeper Harry"
Tony's Girl,https://archiveofourown.org/works/10312091,Crosshairs,English,130331,33,"When Tony Stark finally opens his eyes after being rescued from Siberia, he isn't the same man anymore. What happened in that abandoned Hydra base has broken him in ways that even Afghanistan hadn't.But Tony is famous for his innate ability to fix things, even himself. Slowly, with the help of friends old and new, he learns to deal with his new status quo, picks up the pieces of his destroyed existence and rebuilds it from the ground up.Until an unusual accident puts a new, interesting spin to his already interesting life.","No Archive Warnings Apply, Friday & Tony Stark, Tony Stark & Avengers Team, Pepper Potts/Tony Stark, Tony Stark, Friday (Marvel), Pepper Potts, James ""Rhodey"" Rhodes, Steve Rogers, Peter Parker, Helen Cho, Vision (Marvel), Natasha Romanov (Marvel), Nick Fury, Sharon Carter (Marvel), James ""Bucky"" Barnes, Clint Barton, Sam Wilson (Marvel), Wanda Maximoff, Scott Lang, T'Challa (Marvel), Shuri (Marvel), Phineas Mason, Thaddeus Ross, Hope Van Dyne, Hank Pym, Laura Barton, Cooper Barton, Lila Barton, Nathaniel Pietro Barton, Cassie Lang, Maggie Lang, Jim Paxton, Howard Stark, Maria Stark, Happy Hogan, Stephen Strange, Sokovia Accords Committee (OCs), Post-Captain America: Civil War (Movie), Pro-Accords, Civil War Team Iron Man, Rebuilding, Extremis Tony Stark, Friday is Tony's daughter, Alternate Ending, New Avengers, not team Cap friendly, Not Steve Friendly, Not Wanda Friendly, Not Clint Friendly, Fix-It of Sorts, Tony Stark-centric, BAMF Tony Stark, BAMF FRIDAY, BAMF Team Iron Man, Awesome Tony Stark, Tony Stark Is a Good Bro, Tony Stark Has a Heart, Technobabble, BAMF Pepper Potts"
Chrysalis,https://archiveofourown.org/works/1970511,cunninglingus,English,177083,19,"The aging, widowed Allfather has found himself a sweet little pet, and Thor's not jealous. Nope.","Rape/Non-Con, Loki/Thor, Loki & Odin (Marvel), Loki (Marvel), Thor (Marvel), Odin (Marvel), Helblindi (Marvel), slave!Loki, Dark!Thor, Gratuitous Smut, Dubious Consent, Intersex Loki, Mpreg, Jotunn Loki (Marvel), Slow Burn"
Do Every Stupid Thing,https://archiveofourown.org/works/10593966,thepartyresponsible,English,108287,26,"Jason doesn’t mean for the Winter Soldier to be a present for Tony Stark. The youngest Stark isn’t supposed to be involved at all. The plan is simple: intervene before the Winter Soldier can murder Howard and Maria, tranq the Winter Soldier until he’s sufficiently incapacitated, and then drag him off for further study and let the Starks carry on with their fraught, bourgeoisie bullshit.","Graphic Depictions Of Violence, James ""Bucky"" Barnes/Tony Stark, Tony Stark/Jason Todd, James ""Bucky"" Barnes/Jason Todd, James ""Bucky"" Barnes/Jason Todd/Tony Stark, James ""Bucky"" Barnes, Tony Stark, Jason Todd, Phil Coulson, Clint Barton, Dick Grayson, Tim Drake, Alternate Universe, Alternate Timelines, Canon-Typical Violence, Slow Burn, Canonical Character Death, Imprisonment, Idiots in Love, Threesome - M/M/M, Alternate Universe - Canon Divergence, Drug Use, Emotional Hurt/Comfort, Internalized Homophobia"
Damaged Defenders,https://archiveofourown.org/works/816544,Sherza,English,354417,141,"Thor takes a good look at Loki once he has hauled him back onto the quinjet, and realizes that there is something odd about Loki's eyes. Thor has grown and changed much in the last year, and no longer takes anything for granted. So he starts asking questions. It doesn't take long to figure out that Loki is not acting of his own free will.Tony Stark knows what it is to be forced to do as an enemy commands. Steve Rogers has seen the atrocities manipulative madmen are willing to commit. Clint, Logan, Bruce and Natasha have been subjected to said madmen. They all know what it is to lose themselves, and to seek redemption.Together, this band of broken heroes draws a line in the sand. They will not tolerate any tyrant, foreign or domestic. That includes Nick Fury and the WSC, who have used everyone on the team for their own aims. It includes Thaddeus 'Thunderbolt' Ross, who has hunted Bruce against all reason. It includes Odin, who treats his sons like commodities. And it includes Thanos, who has delusions of conquering Earth.Along the way, they learn to trust each other. They learn to help each other. They become a family.","Creator Chose Not To Use Archive Warnings, Pepper Potts/Tony Stark, Bruce Banner/Betty Ross, Jane Foster/Thor, Jean Grey/Scott Summers, Tony Stark, Nick Fury, Pepper Potts, Bruce Banner, Betty Ross, Thor, Jane Foster, Natasha Romanov, Clint Barton, Phil Coulson, Charles Xavier, Scott Summers, Jean Grey, Ororo Munroe, Remy LeBeau, Logan (X-Men), Warren Worthington III, Hank McCoy, Kurt Wagner, Thanos, Darcy Lewis, Erik Selvig, Steve Rogers, Jarvis (Iron Man movies), Dummy (Iron Man movies), Butterfingers (Iron Man movies), You (Iron Man movies), Thaddeus Ross, Loki (Marvel), Hulk (Marvel), Odin (Marvel), Frigga (Marvel), Heimdall (Marvel), Sif (Marvel), Warriors Three, James ""Rhodey"" Rhodes, John Allerdyce, Rogue (X-Men), Tyr (Marvel), Farbauti (Marvel), Byleistr (Marvel), Cecelia Reyes, James ""Bucky"" Barnes, Sam Wilson, Peter Parker, Laura Kinney, X-23, May Parker, Baron Zemo, Helblindi (Marvel), Movie AU, Fix-It, Do not fuck with the Avengers, Friendship, Families of Choice, Team Dynamics, Team Bonding, Team as Family, Odin's A+ Parenting, Howard Stark's A+ Parenting, PTSD, Amnesia, Aftermath of Torture, Mention of torture, Mention of past suicidal ideation, References to Brainwashing, Past Brainwashing, past human experimentation, References to Past Child Abuse, Flashbacks, References to Underage Prostitution, Rampant Badassery, All the Mutants, Internalized racism, Hydra, Red Room, Objectification, Dehumanization, BUCKY BARNES POV FEELS, science geekery, Fanboying, Women Being Badass and Awesome"
A Parent Apparent,https://archiveofourown.org/works/18003677,happyaspie,English,529000,155,"In which the author indulges herself in some shameless Irondad/Spiderson with fluff, angst and everything in between because she needs more of that in her life.ORJust another one of those, oh so overdone, fanfics where Tony and Peter's relationship grows into more of a father/son relationship after an accident involving Aunt May (who lives)","No Archive Warnings Apply, Peter Parker & Tony Stark, May Parker (Spider-Man) & Peter Parker & Tony Stark, James ""Rhodey"" Rhodes & Tony Stark, Pepper Potts/Tony Stark, Peter Parker & Pepper Potts, May Parker (Spider-Man) & Pepper Potts, Ned Leeds & Peter Parker, Bruce Banner & Tony Stark, Bruce Banner & Peter Parker, Michelle Jones/Peter Parker, Peter Parker, Tony Stark, May Parker (Spider-Man), James Rhodes, Happy Hogan, Pepper Potts, Friday (Marvel), Ned Leeds, Thor (Marvel), Bruce Banner, Nick Fury, Loki (Marvel), Michelle Jones, Flash Thompson, Steve Rogers, Sam Wilson (Marvel), Natasha Romanov (Marvel), Clint Barton, Hurt Aunt May, Protective Peter Parker, Tony Stark Acting as Peter Parker's Parental Figure, Not Canon Compliant, Angst, Language, Peter Parker Needs a Hug, Nightmares, Self-Doubt, Tony Stark Has a Heart, Peter Parker Gets a Hug, Anxious Peter Parker, Platonic Cuddling, Panic Attacks, Precious Peter Parker, Peter Parker is a Little Shit, Awesome Pepper Potts, Hurt Peter Parker, May Parker (Spider-Man) & Tony Stark Coparenting Peter Parker, Ned Leeds is a Good Bro, In this house there is no infinity war, Endgame never happens, Headaches & Migraines, Sick Peter Parker, Vomiting, Peter Can Talk Tony into Anything, Road Trips, Illnesses, Sick Character, Intergalactic Refugees, Peter Turns Sixteen, Flash Thompson Being a Jerk, Hurt Tony Stark, Protective Tony Stark, Adopted Peter Parker, Mentions of Under-aged Drinking, Sick Tony Stark, Christmas Morning, Protective Pepper Potts, Sensory Overload, Complete, Emotional Hurt/Comfort, Hurt/Comfort, Fluff, Wedding Fluff"
If They Knew All About You,https://archiveofourown.org/works/16757809,MsHermia,English,521071,96,"Tony Stark had lost his son when he was only 2 years old, stolen away in broad daylight with nobody the wiser of what exactly happened. Years later, Tony has just made it through the disaster with Ultron. He is trying to keep himself and the team together but relationships are strained and tempers are running high.Then a random turn of events leads to his path crossing with that of a particular vigilante. They are strangers to each other, or so they think. Peter Parker is on top of the world. After a few shitty years, losing his parents and then losing his Uncle, things are finally looking up. Sure he lives in a crappy little apartment with his Aunt but he might have just found his mission in life.------This is an AU story obvious by some of the tags. I'm starting out a few weeks after Age of Ultron took place. Civil War will be a thing.","No Archive Warnings Apply, Pepper Potts/Tony Stark, Tony Stark & Avengers Team, Peter Parker & Tony Stark, Steve Rogers & Tony Stark, May Parker (Spider-Man) & Peter Parker, Pepper Potts, Tony Stark, Steve Rogers, Happy Hogan, Peter Parker, Natasha Romanov (Marvel), Clint Barton, May Parker (Spider-Man), Sam Wilson (Marvel), James Rhodes, Other Marvel Characters, Thaddeus Ross, Ned Leeds, James ""Bucky"" Barnes, Post-Avengers: Age of Ultron (Movie), Tony-centric, Parent Tony Stark, Civil War Team Iron Man, Peter Parker is Tony Stark's Biological Child, AU, Fix-It of Sorts, Hurt Tony Stark, Not Spider-Man: Homecoming Compliant, Sort of Captain America: Civil War (Movie) Compliant, Tony Stark Needs a Hug, Protective Pepper Potts, Irondad, Hurt Peter Parker, Kidnapping, Past Pepper Potts/Tony Stark, Clint Barton Is a Good Bro, Panic Attacks, Anxiety Attacks, Protective Tony Stark, Pepperony - Freeform, spiderson, Whump, Peter Parker Whump, Slow Burn, Canon-Typical Violence, Tony Stark Has a Heart, Tony Stark Acting as Peter Parker's Parental Figure, Peter Parker Angst, Tony Stark Feels, Natasha Romanov Is Not A Robot, Long, Minor Character Death"
for a hundred visions and revisions,https://archiveofourown.org/works/23624704,aventria,English,181331,7,"Dr. Strange looks at the world after Thanos and, faced with its seemingly irreparable brokenness, breaks his own oath. Tony, Stephen, and Loki go back in time for one more chance - an intentional choice, because they are each other's insurance against repeating the same mistakes. Tony wakes up shortly before the Stark Expo with the reactor's palladium core still poisoning him. Stephen wakes up with undamaged hands and a flourishing medical career. Loki wakes up in Asgard one day before Thor's coronation. 
""Do I dare disturb the universe? / In a minute there is time / for decisions and revisions which a minute will reverse.""
 
[  Yet another take on that time travel fic with lots of worldbuilding, hand-wavey comic book science, political intrigue, inventing, nerding out, and a broken Tony trying to fix a broken world - but this time he's not alone. ]","Graphic Depictions Of Violence, Major Character Death, Tony Stark/Stephen Strange, Tony Stark & Stephen Strange, Pepper Potts & Tony Stark, James ""Rhodey"" Rhodes & Tony Stark, Jane Foster/Thor, Loki & Thor (Marvel), Christine Palmer & Stephen Strange, Harley Keener & Peter Parker, Tony Stark, Stephen Strange, Loki (Marvel), Pepper Potts, James ""Rhodey"" Rhodes, Peter Parker, Avengers Team (MCU), Christine Palmer, Jarvis (Iron Man movies), James ""Bucky"" Barnes, Ancient One (Marvel), Wong (Marvel), Harley Keener, Slow Burn, Worldbuilding, Comic Book Science, Canon-Typical Violence, Time Travel, Alternate Universe - Time Travel, Time Travel Fix-It, Plotty, So wildly AU it's in a different dimension, Politics, Morally Ambiguous Character, Moral Ambiguity, Fix-It, Self-Indulgent, People may be out of character, Alternate Universe, Alternate Universe - Canon Divergence, BAMF Tony Stark, BAMF Stephen Strange, BAMF Loki (Marvel), Intersex Loki (Marvel), Asgardian Culture (Marvel), Asgardian Magic (Marvel), IronStrange, Jotunn Loki (Marvel)"
Poetic Justice,https://archiveofourown.org/works/635514,Limmet,English,311470,142,"When the time comes to pass sentence on Loki after the events in The Avengers, Odin decides to go for the poetic justice angle. For his attempt to enslave humanity, Loki has his magic and powers bound, and is sent back to Midgard and given over to Tony Stark to be his slave. This was not a turn of events Tony had ever seen coming. Eventually Tony/Loki.","No Archive Warnings Apply, Loki/Tony Stark, Loki (Marvel), Tony Stark, Other Avengers, Slavery, Angst, Drama, Romance, Slash, FrostIron - Freeform"
Empathic Responses,https://archiveofourown.org/works/15118655,waterbird13,English,137394,34,"In a world that still considers alphas the protectors, betas the every-day masses to fill out the ranks, and omegas as homemakers and glorified objects, Tony Stark is born.Tony is born an omega in a world where that means he’s a homemaker, a provider, with limited opportunities and a lack of autonomy.Tony says fuck that, no matter what the rest of the world is telling him.As the Rogues return, Tony is left dealing with the world coming down around his ears. The Accords, Aliens, and, of course, the alpha who somehow just moved into his life.","No Archive Warnings Apply, James ""Bucky"" Barnes/Tony Stark, James ""Rhodey"" Rhodes & Tony Stark, Pepper Potts & Tony Stark, Peter Parker & Tony Stark, one sided Tony Stark/Thanos, Tony Stark, James ""Bucky"" Barnes, James ""Rhodey"" Rhodes, Pepper Potts, Peter Parker, Steve Rogers, Thaddeus Ross, Natasha Romanov (Marvel), Clint Barton, Scott Lang, Vision (Marvel), Wanda Maximoff, T'Challa (Marvel), Shuri (Marvel), Sam Wilson, Christine Everhart, Okoye (Marvel), Thanos, Gamora, Nakia, Carol Danvers, Nebula, Thor, Alpha/Beta/Omega Dynamics, Omega Tony Stark, Alpha Bucky Barnes, Alpha Steve Rogers, Alpha James ""Rhodey"" Rhodes, Omega Peter Parker, Consent Issues, Oppression, fucked up dynamics, serious study and subversion of the trope, attemped forced mating, (not between Tony and Bucky), Tony is a badass, Tony Stark Needs a Hug, former Pepper Potts/Tony Stark, Former Steve Rogers/Tony Stark, Overcoming Obstacles, good guy Bucky Barnes, alpha voice, Post Civil War, Civil War Team Iron Man, team accords, even when they're being dicks to Tony, Tony sees them as a brighter future, will always be team accords, Steve Rogers is not always a good guy, like he doesn't think he's bad but he doesn't get it, I'll add more tags as needed, Slow Burn, Background Pepper Potts/Happy Hogan - Freeform, Aliens, build up to Infinity War, NSFW, chapter twelve is nsfw, chapter eighteen is nsfw, chapter twenty-three is nsfw, Infinity War, chapter twenty-four reaches infinity war, Temporary Character Death, Attempted Rape/Non-Con, thanos is awful, Minor Carol Danvers/James ""Rhodey"" Rhodes"
When The Stars Come Calling,https://archiveofourown.org/works/8616445,lazywriter7,English,108314,17,"The man who, fuck knows, sprouted fully formed out of the ground in the middle of the Fort Knox times a zillion highly secured Avengers facility- gaped at the earbuds trailing from Tony's ears. ""Is that tiny stick playing music .""A very slow, ominous kind of horror was starting to dawn over Tony's mind. "" Please don't tell me you were frozen in ice for ninety years.""""Don't be ridiculous- I was in space."" The man said. He plucked a plastic bag off of Tony's counter and proffered it. ""Blueberry?""~Or, how Tony Stark got his groove back, with the assistance of one Peter Quill.","Creator Chose Not To Use Archive Warnings, Peter Quill/Tony Stark, James ""Rhodey"" Rhodes & Tony Stark, Tony Stark & Guardians of the Galaxy Team, Tony Stark, Peter Quill, James ""Rhodey"" Rhodes, Pepper Potts, Friday (Marvel), Steve Rogers, Rocket Raccoon, Gamora (Marvel), Groot (Marvel), Drax the Destroyer, Avengers Team, Vision (Marvel), Peter Parker, Post-Captain America: Civil War (Movie), Tony Stark Has a Heart, Peter Quill Feels, Peter Quill Fixes Things, BAMF Tony Stark, Companionable Snark, Protective Bots, Eventually Happy Stark, Team as Family, Stark In Space, Flying, Spaceships, Healing, Friendship/Love, Angst and Humor, Not Guardians of the Galaxy Vol. 2 Compliant, Not Avengers: Infinity War Part 1 (Movie) Compliant, Past Steve Rogers/Tony Stark"
A Deal with the Devil,https://archiveofourown.org/works/1163358,IBegToDreamAndDiffer,English,341278,81,... or with the Norse God of Mischief and Lies. Tony has a proposition for Loki. Loki would be lying if he said he wasn't intrigued.,"Graphic Depictions Of Violence, Loki/Tony Stark, Tony Stark, Loki (Marvel), Bruce Banner, Clint Barton, Steve Rogers, Natasha Romanov, Thor (Marvel), Pepper Potts, Nick Fury, Phil Coulson, Stephen Strange, James ""Rhodey"" Rhodes, Dark!Tony, Dark!Loki, Magic, Tony and Loki are not nice people in this story, Explicit Sexual Content, Explicit Language, Magical Contracts, Romance, Avengers!bashing, Magic!Tony, God!Tony, SHIELD will fall"
"oh don't you dare look back, just keep your eyes on me",https://archiveofourown.org/works/3670266,suzukiblu,English,187430,30,"Darcy is thirty feet out of Stark-cum-Avengers Tower when she starts craving cinnamon rolls--the sticky-sweet iced-up old-fashioned kind, yummy and messy and dripping gooshy icing all over your mouth and hands and down your yuuuup, yup, that is a super, super fertile omega that she is smelling, holy shit is it ever. “Jesus Christ,” she groans in frustration, then follows her alpha instincts (and, more easily and importantly, her nose) to go track them down. They’re in the middle of New York City; middle of the day or not, not checking on somebody who smells like that is, like, the ultimate dick move.","Creator Chose Not To Use Archive Warnings, James ""Bucky"" Barnes/Darcy Lewis, references to past Darcy Lewis/Ian Boothby, references to past James ""Bucky"" Barnes/Steve Rogers, brief Darcy Lewis/Johnny Storm, Steve Rogers/Natasha Romanov/Sam Wilson, James ""Bucky"" Barnes/Darcy Lewis/Steve Rogers, Darcy Lewis, James ""Bucky"" Barnes, Steve Rogers, Jane Foster, Thor, Natasha Romanov, Sam Wilson, Johnny Storm, and varied and sundry other Avengers and Avenger-affiliates, Alpha/Beta/Omega Dynamics, Mating Cycles/In Heat, post-CATWS, Dubious Consent Due To Identity Issues, references to past rape, Discussion of Abortion, references to past forced abortion, Kink Negotiation, Dirty Talk, Praise Kink, Mpreg, Fantasy Gender Roles, Courting Rituals, healing cock, Healing Knot, Everyone Is Poly Because Avengers, Alpha Darcy Lewis, Omega Bucky Barnes, Darcy Lewis can't lose, Bucky Barnes Needs a Hug, Fuck Yeah Female Alphas"
A Peter Parker Problem,https://archiveofourown.org/works/26649073,spagbol99,English,176955,41,"Peter Parker was back from the dead.  At least that is what everybody told him.  He'd been snapped out of existence until some sort of time travel and an active death wish by his mentor had saved him and the universe.  Just your average sort of life for a 16 year old from Queens.  Peter comes back to find May has a husband and a kid.  A new family he has to fit into.  But he has done it before, he can do it again.The only thing that feels solid is Tony: the Blip and fatherhood have mellowed him and Peter loves the bond they have now.  He knows Tony would be there for him through anything.  But Tony needs to focus on his own recovery - not small time Peter Parker problems.  When things at home take a turn for the worse, Peter decides that he'll handle it himself.  He is Spider-man.  He's been to space and fought aliens.  He can get through anything.  After all, if May is happy, he is happy, right?  Right?","No Archive Warnings Apply, Peter Parker & Tony Stark, Pepper Potts/Tony Stark, May Parker (Spider-Man) & Peter Parker, May Parker (Spider-Man) & Peter Parker & Pepper Potts & Tony Stark, May Parker (Spider-Man)/Original Male Character(s), Peter Parker, Tony Stark, May Parker (Spider-Man), Pepper Potts, Ned Leeds, Michelle Jones, James ""Rhodey"" Rhodes, James ""Bucky"" Barnes, Steve Rogers, Bruce Banner, Sam Wilson (Marvel), Stephen Strange, Clint Barton, Lila Barton, Laura Barton, Cooper Barton, Nathaniel Pietro Barton, Morgan Stark (Marvel Cinematic Universe), Happy Hogan, Helen Cho (Marvel), Child Abuse, Past Child Abuse, Emotional/Psychological Abuse, Physical Abuse, Angst, Hurt/Comfort, Hurt Peter Parker, Peter Parker Needs a Hug, Protective Peter Parker, Parent Tony Stark, Peter Parker Whump, Peter Parker is a Mess, Found Family, Not Avengers: Endgame (Movie) Compliant, Not Spider-Man: Far From Home Compliant, Post-Spider-Man: Homecoming, Alternate Universe, May Parker Has an Abusive Partner (Spider-Man), Irondad, Wordcount: Over 100.000, Slow Build, Abused Peter Parker"
Sugar Sweet,https://archiveofourown.org/works/9683708,ColorCoated,English,173400,20,"""What's your name?"" It wasn't even a line. He was just pretty and Bucky wanted a name to go with that face. With that strong jawline. With those deep blue eyes.  A little smirk, ""Steve.""  Awww, Steve. He looked like a Steve. Bucky pursed his lips in a way he hoped was attractive, ""You should buy me a drink."" ______College Student Bucky finds himself immediately attracted to Steve. He knows that Steve's a bit older than him, and that Steve himself is put off by the age difference. . . But that doesn't stop Bucky from wanting to climb him like a tree.AKA a Sugar Daddy AU that no one was asking for.","No Archive Warnings Apply, James ""Bucky"" Barnes & Steve Rogers, James ""Bucky"" Barnes/Steve Rogers, James ""Bucky"" Barnes, Steve Rogers, Clint Barton, Peggy Carter, Peter Quill, Natasha Romanov, Sharon Carter (Marvel), Alternate Universe, Romance, Bucky Barnes Feels, Gay Bucky Barnes, Bisexual Steve Rogers, Sugar Daddy, Age Difference, Bucky is 21, Steve is 34, Explicit Consent, Top Steve Rogers, Bottom Bucky Barnes, Daddy Kink, Blow Jobs, Anal Fingering, Anal Sex, Happy Endings For Everyone, Slow Burn, but not too slow, Medium normal paced burn, Past Relationship(s), Humor, Sassy Bucky Barnes, SugarDaddy!Steve, SugarBaby!Bucky, Spanking, Kissing, Touching, Drinking, Size Kink, Angst and Humor, But only angst for like one chapter, cheese puffs, Schmoop"
Illuminate Me,https://archiveofourown.org/works/13462872,Half_SubmergedinPurgatory,English,130119,38,"Tony isn't a healthy man. He's fine with that, really. It makes perfect sense. Unfortunately, he has a job to do that kind of has his health as a major requirement. So he unmakes himself, remakes the Accords, protects every single child super that enters his field of view, and hopes ferociously that the Avengers never come back to the US. He doesn't spend any time at all rebuilding Bucky Barnes' life. Not a single second. Anything he does that contributes to him is simply an accident. Bucky is a patient man. It's ok if Tony wants to ignore him for now. He won't be able to forever.(Somewhere in the world, a sense of dread crawls up the back of Tony's spine)","No Archive Warnings Apply, James ""Bucky"" Barnes/Tony Stark, James ""Bucky"" Barnes & Steve Rogers, James ""Rhodey"" Rhodes & Tony Stark, AI Squad as Family, Side Pairing Carol Danvers/James ""Rhodey"" Rhodes, Past Almost Steve Rogers/Tony Stark, Tony Stark, James ""Rhodey"" Rhodes, James ""Bucky"" Barnes, Steve Rogers, Wanda Maximoff, Natasha Romanov (Marvel), T'Challa (Marvel), Pepper Potts, All of the Iron Kids, Vision (Marvel), Friday (Marvel), Helen Cho, Jessica Jones, Sam Wilson, Luke Cage, Petty Tony Stark, Murder Kitten Bucky, Literature Nerd Tony Stark, Slow Burn, Post-Captain America: Civil War (Movie), Extremis Tony Stark, Therapy, Tony Stark-centric, Tony Stark Feels, Bucky is weird but he's trying his best, Possessive Bucky Barnes, Bucky: A Man of Many Fixations, Pining Bucky Barnes, Number One Robo-Dad Tony Stark, James ""Rhodey"" Rhodes Is a Good Bro, Rhodey Dreams of Finally Having a Goddamn Vacation, Cussing, I'll make you cry, I'll Make You Laugh, I'll Take Y'all to a Literature Class, Frankly Excessive Use of Quotes, Significantly More Serious Than Expected, Mention of Red Room BuckyNat"
Top Harry Drabbles,https://archiveofourown.org/works/9602087,stridermagic,English,226945,91,What it says on the tin. Drabbles devoted to top Harry.Most chapters will contain sex.,"No Archive Warnings Apply, Harry Potter/Thorin Oakenshield, Harry Potter/Rhaegar Targaryen, Harry Potter/Loki (Marvel), Harry Potter/Oliver Queen, James ""Bucky"" Barnes/Harry Potter, Harry Potter/Anakin Skywalker, Harry Potter/Viserys Targaryen, Harry Potter/Lex Luthor, Derek Hale/Harry Potter, Jack Harkness/Harry Potter, Harry Potter/Harvey Specter, Harry Potter/Thranduil (Tolkien), Harry Potter/Tom Riddle | Voldemort, Harry Potter/Bruce Wayne, Harry Potter/Steve Rogers, Harry Potter/Zuko (Avatar), Harry Potter/Stiles Stilinski, Harry Potter/Sam Winchester, Clark Kent/Harry Potter, Oberyn Martell/Harry Potter, George O'Malley/Harry Potter, Alex Karev/Harry Potter, Harry Potter/Brandon Stark, Harry Potter/Danny ""Danno"" Williams, Steve McGarrett/Harry Potter, Steve McGarrett/Harry Potter/Danny ""Danno"" Williams, Clark Kent/Harry Potter/Oliver Queen, Clint Barton/Harry Potter, Harry Potter/Dean Winchester, Harry Potter/Spencer Reid, Aaron Hotchner/Harry Potter, Arthur Curry/Harry Potter, Harry Potter/Stephen Strange, Luke Castellan/Harry Potter, Harry Potter/Jace Wayland, Lucius Malfoy/Harry Potter, Anthony DiNozzo/Harry Potter, Harry Potter/Shane Walsh, Harry Potter/Kylo Ren, The Homelander | John/Harry Potter, Evan ""Buck"" Buckley/Harry Potter, Evan ""Buck"" Buckley/Eddie Diaz/Harry Potter, Sirius Black/Harry Potter, Angel (BtVS)/Harry Potter, Harry Potter/Clay Spenser, Harry Potter/Severus Snape, Owen Grady/Harry Potter, Harry Potter/Dominic Toretto, Brian O'Conner/Harry Potter, Arthur Pendragon (Merlin)/Harry Potter, Harry Potter/Jax Teller, Raleigh Becket/Harry Potter, Harry Potter/Arthur (King Arthur: Legend of the Sword), Juice Ortiz/Harry Potter, Harry Potter/Raymond Smith, Neal Caffrey/Harry Potter, Harry Potter"
Per Aspera Ad Astra,https://archiveofourown.org/works/29970729,Mast3rofd3ath,English,147782,24,hadriana made a different choice. she chose herself. she chose life and happiness. death has a funny way of giving it to her.,"Graphic Depictions Of Violence, Harry Potter & Tony Stark, James ""Rhodey"" Rhodes & Tony Stark, Harry Potter & James ""Rhodey"" Rhodes, James ""Bucky"" Barnes/Harry Potter, Loki/Harry Potter, Harry Potter/Loki/Bucky Barnes, Harry Potter & Hope Van Dyne, Harry Potter, Tony Stark, James ""Rhodey"" Rhodes, Mama Rhodes, Papa Rhodes, Hope Van Dyne, Pepper Potts, Steve Rogers, Nick Fury, Phil Coulson, Natasha Romanov (Marvel), Thor (Marvel), Loki (Marvel), Obadiah Stane, Original Characters, James ""Bucky"" Barnes, Brock Rumlow, Sharon Carter (Marvel), Peggy Carter, Hank Pym, SHIELD Agents & Staff, Hydra Agents, Alexander Pierce, Odin (Marvel), Frigga | Freyja (Marvel), Jarvis (Iron Man movies), You (Iron Man movies), Butterfingers (Iron Man movies), Friday (Marvel), Wanda Maximoff, Clint Barton, Bruce Banner, Female Harry Potter, tony stark is hadriana's brother, rhodey is hadriana's brother, Civil War Team Iron Man, Not Steve Rogers Friendly, not team Cap friendly, hadriana hates shield, she's suspicious of shady government spy organisations, BAMF Harry Potter, BAMF Tony Stark, Tony Stark Has Issues, Tony Stark Has Post-Traumatic Stress Disorder, tony stark is the world's best big bro, Bisexual Harry Potter, Bisexual Tony Stark, Harry Potter Has Issues, basically everyone is gay as fuck, Genderfluid Loki (Marvel), Bisexual Bucky Barnes, Homophobia, Period-Typical Homophobia, Period-Typical Sexism, Mental Health Issues, Panic Attacks, Anxiety, Depression, Jotunn Loki (Marvel), BAMF Loki (Marvel), Hurt Loki (Marvel), Loki Needs a Hug (Marvel), hadriana and james team up to destroy hydra, hydra is revealed a lot sooner, Angst and Fluff and Smut"
Fix You,https://archiveofourown.org/works/24167713,ZappyTiel,English,493986,56,"Loki escaped the Allfather's eternal captivity by assuming a new identity in New York City. He lives an isolated existence, one that necessitates resignation to a life of monotony. But two years building a new life have made him complacent. For months, Tony Stark has been following him to his favorite sandwich shop, and he had no idea.","Graphic Depictions Of Violence, Rape/Non-Con, Loki/Tony Stark, Loki & Steve Rogers, Loki & JARVIS, Happy Hogan & Loki, Loki & Natasha Romanov, James ""Bucky"" Barnes & Loki, Loki (Marvel), Tony Stark, Steve Rogers, Happy Hogan, Natasha Romanov (Marvel), Pepper Potts, Jarvis (Iron Man movies), Clint Barton, Bruce Banner, Hurt Loki (Marvel), Protective Tony Stark, Loki (Marvel) Needs a Hug, Tony Stark Has a Heart, Odin (Marvel)'s A+ Parenting, Protective Loki (Marvel), Tony Stark Needs a Hug, Sick Loki (Marvel), Torture, Hurt/Comfort, Angst, Psychological Torture, Aftermath of Torture, Pining Tony Stark, Post-Traumatic Stress Disorder - PTSD, Secret Identity, Loki (Marvel) Feels, Enemies to Friends to Lovers, Fluff and Angst, Slow Burn, Avengers Family, Domestic Avengers, Angst with a Happy Ending"
Walking The Wire,https://archiveofourown.org/works/14217207,emquin,English,372760,168,"“I knew your mother,” Tony said, figuring it was the right way to start. “You know this. She used to work for me and I liked her a lot. We were friends and she sort of reached a part of me that very few people could in those days. I think it was partly because she was brilliant and because she didn’t bore me like most people did. I didn’t love her -- not like that, but I cherished her friendship.”“Mr. Stark why are you telling me--”“She left when she found out she was pregnant,” Tony said and had to glance up, “and didn’t even bother to tell me about it.”-It was a one night stand and Tony had a lot of them, but this one changed everything. Tony always knew Peter Parker existed. He had no idea that Peter would become Spider-Man, but he kept tabs on his son, even when he couldn't meet him. Peter Parker grew up unaware of his superhero father, admiring Iron Man from afar and unaware that one day he would too become a super-hero - an Avenger. Spanning the entirety of the MCU , this fic covers a canonical view of what it would be like if Peter was Tony's biological son dwelving heavily into the canon. AU post-Infinity War with an AU version of Endgame and with a Stony endgame.","Creator Chose Not To Use Archive Warnings, No Archive Warnings Apply, Peter Parker & Tony Stark, Pepper Potts/Tony Stark, Steve Rogers/Tony Stark, Mary Parker/Tony Stark, Peter Parker & Steve Rogers, Tony Stark, Peter Parker, Pepper Potts, Steve Rogers, May Parker, Ben Parker, Avengers Team (MCU), Ned Leeds, Michelle Jones, Tony is Peter's Dad, Father-Son Relationship, Canon Compliant, Stony endgame, Tony Stark-centric, POV Multiple, Fix It Fic, Iron Dad, Minor Character Death, Parent Tony Stark, canon through Infinity War, AU Post Infinity War, NOT endgame compliant, Peter Parker is Tony Stark's Biological Child, Stony - Freeform, Superfamily (Marvel), Angst and Fluff, slowburn"
The Spider and the Sorcerer,https://archiveofourown.org/works/14201691,WIX2,English,117551,39,"When Peter Parker is badly hurt, he knows he is going to die. He doesn't want to, but he knows. Until a mysterious man, weirdly named ''Doctor Strange'' comes to the rescue... At that moment, Peter doesn't know that this sorcerer will become a friend, and even more. His father.He doesn't know either that later on, his dear mentor, Tony Stark, will become quite interested in Stephen Strange, in every sense of the word...A collection of one-shot ficlets involving Doctor Strange, Spider-Man, and Iron-Man, featuring their friendship and their evolution as a family.","Graphic Depictions Of Violence, Peter Parker & Stephen Strange, Peter Parker & Tony Stark, Tony Stark/Stephen Strange, Stephen Strange, Peter Parker, Tony Stark, Wong (Marvel), Cloak of Levitation - Character, Friendship, Slow Trust, Hurt/Comfort, Emotional Hurt/Comfort, Angst and Hurt/Comfort, Humor, Fluff and Angst, Alternate Universe - Different First Meeting, Help, Support, Mentor/Protégé, Father-Son Relationship, Cute, Action/Adventure, Rescue, Tony Feels, IronStrange, Team as Family, Tony Being Tony, Protective Tony Stark, Protective Stephen Strange, Father Figures, Slow Burn, Tony Stark/Stephen Strange Parenting Peter Parker | Supremefamily | Strange Family, Bisexual Tony Stark, Bisexual Stephen Strange"
I. Am. Spider-Man.,https://archiveofourown.org/works/18806527,lisa_yo,English,101108,12,"“What exactly do you see here?”It is a calculated question. Jim Morita, Principal of Midtown Science and Tech High, is more than capable of answering. But he let his mind wander for a bit.He sees his students, five years gone in a flash. All dark clouds, and bad grades, and empty smiles.And when Jim Morita looked into the eyes of that one student, the one who seems the most harrowed by it, that kid, Peter Parker, he couldn’t just stand by anymore.He knew he had to do something.--Or, Peter’s school goes not only on a field trip but also on a two-day camping trip to the Stark Tower and Avenger’s Compound upstate, a year after the events of Endgame.And Peter, well, Peter doesn’t want to go.","Graphic Depictions Of Violence, Major Character Death, Peter Parker & Tony Stark, Ned Leeds & Peter Parker, Michelle Jones & Peter Parker, Michelle Jones & Ned Leeds & Peter Parker, Michelle Jones/Peter Parker, Pepper Potts/Tony Stark, May Parker & Peter Parker, Harley Keener & Peter Parker & Pepper Potts, Harley Keener & Peter Parker, Peter Parker, Michelle Jones, Ned Leeds, Tony Stark, Jim Morita, Pepper Potts, Principal Morita, May Parker (Spider-Man), Flash Thompson, Betty Brant, Academic Decathlon Team (Spider-Man: Homecoming), Cindy Moon, Sally Avril, Abe Brown, Charles Murphy (Spider-Man: Homecoming), Harley Keener, Shuri (Marvel), Natasha Romanov (Marvel), Steve Rogers, James ""Rhodey"" Rhodes, Bruce Banner, Morgan Stark (Marvel Cinematic Universe), Clint Barton, Peter Parker's Field Trip to Stark Industries, Field Trip, With a twist!, Canonical Character Death, Canon Compliant, Peter Parker Has Panic Attacks, Peter Parker Needs a Hug, Ned Leeds is a Good Bro, Michelle Jones Is a Good Bro, BAMF Pepper Potts, Pepper Potts Needs a Hug, Protective Peter Parker, Hurt Peter Parker, hes not just hurt hes fucking dying inside, Principal Morita is a Good Bro, Hologram ghosts, Precious Morgan Stark, Harley Keener is cool, MJ/Peter if you squint, Spider-Man Identity Reveal, action! well i tried, Tony Stark Acting as Peter Parker's Parental Figure, Avengers: Endgame (Movie) Spoilers, Post-Avengers: Endgame (Movie), Peter Parker meets Harley, Peter Parker meets Morgan, I am Iron Man, Peter Parker Whump, whuMP SO MUCH WHUMP, Flash Thompson Redemption, Violence, terrorist attack in a school setting, recovery :), villain insults person with disability in his monologue, Implied/Referenced Self-Harm, Implied/Referenced Suicide, Suicidal Thoughts, suicidal attempt"
We Can Do Better,https://archiveofourown.org/works/23688328,Zeethulhu,English,298951,108,"14,000,605 universes and only one win in the time Doctor Strange had to look.This is not the universe where they won against Thanos. Sitting in the ruins of their battlefield, knowing everything he swore to protect, his universe was coming to an end, Stephen makes a choice.Sacrificing his body for a spell, he takes the only souls he knows can orchestrate a victory back in time. A spell created by his own hands, fueled with his sacrifice, he catapults himself and Tony Stark back to the moments of their birth.With their reality at stake, they need to create a chance for their time-line to win. After all, their universe wasn't the one that won.","Creator Chose Not To Use Archive Warnings, Tony Stark & Stephen Strange, Tony Stark/Stephen Strange, Stephen Strange, Tony Stark, Maria Stark, Howard Stark, Beverly Strange, Eugene Strange, Donna Strange, Ancient One (Marvel), Karl Mordo, James ""Rhodey"" Rhodes, Wong (Marvel), The One Above All (Marvel), Death (Marvel), James ""Bucky"" Barnes, Victor Strange, Bruce Banner, Betty Ross, Reincarnation, Rebirth, Fix-It of Sorts, Time Travel, Butterfly Effect, Canon - Comics, Canon Compliant, Not Canon Compliant, Complicated Relationships, Do-Over, Eventual Relationships, Slow Burn, Howard Stark's Bad Parenting, Howard Stark's Good Parenting, Friendship, so much cute, Male Bonding, LMAO, Mentions of Racism, Roommates, Angst, Donna lives, jazz hands, real talks, First Kiss, Matter of Life and Death, Self-Sacrifice, Good Dad Howard Stark, THE BEST, Canonical Character Death, we can't have everything, even if we want to, the smut is here, Slow burn no longer slow, Donna is best sister, Vic is a shit, World Shattering Concepts of Reality, Stephen makes the rules., Bc he's Sorcerer Supreme, even when he's not, Supportive Tony Stark, supportive Stephen, Smut, Finally at MCU MOVIES, Pre-Movie: Iron Man (2008), Canon Divergence - Movie: The Incredible Hulk (2008)"
"Man of Iron, Child of Magic",https://archiveofourown.org/works/25390249,zathara001,English,107753,33,"In the aftermath of the Chitauri invasion, Tony Stark sorts out his priorities - including one he didn't think he had.","No Archive Warnings Apply, Harry Potter, Tony Stark, Steve Rogers, Sirius Black, Alternate Universe, Alternate Universe - Canon Divergence, Crossover"
The Triumph of These Tired Eyes,https://archiveofourown.org/works/1369690,AnarchicMuse,English,324570,33,"In the several millennia he had existed Loki Odinson, Norse God of Mischief and Lies, had been many things, he had been a liar, a warrior, and a trickster, just to name a few, but never before, in his thousands of years of existence had he been a loving father, but all it took was a single glance at the perfect little creature before him and he knew, he was gone.","No Archive Warnings Apply, Loki (Marvel), Harry Potter, Hermione Granger, Neville Longbottom, Ron Weasley, Draco Malfoy, Blaise Zabini, Thor (Marvel), Fenrisúlfr | Fenris, Jörmungandr | Jormungand | Midgard Serpent, Sleipnir, Hel | Hela"
Chaos Reign,https://archiveofourown.org/works/18634708,fourth_rose,English,110534,32,Thor once told Loki that he could be more than the God of Mischief – forgetting that Loki has been more than that from the very beginning.,"Creator Chose Not To Use Archive Warnings, Loki & Asgard, Frigga | Freyja & Loki & Odin & Thor (Marvel), Loki & Tesseract (Marvel), Loki (Marvel), Frigga (Marvel), Odin (Marvel), Thor (Marvel), Sif (Marvel), Hela (Marvel), Other Marvel Characters, Endgame Fix-It, Avengers: Endgame (Movie) Spoilers, Post-Avengers: Endgame (Movie), all the fix-its basically, might as well fix everything while I'm at it, Loki (Marvel) Needs a Hug, BAMF Loki (Marvel), Loki (Marvel)-centric, Angst and Feels, Angst with a Happy Ending, King Loki (Marvel), Asgardian politics, Canon-Typical Violence, Family Issues, Odin (Marvel)'s A+ Parenting, Brothers, Fantastic Racism, Jotunn Loki (Marvel), Infinity Gems (Marvel), Loki trilogy characterization, POV Loki (Marvel)"
Our Own Demons,https://archiveofourown.org/works/2704532,Emmalie22,English,124702,25,"Tony Stark. Genius. Billionaire. Philanthropist. Ironman. (Reckless. Lonely. Father.)Harry Potter. The Boy Who Lived. The Chosen One. Wizard. (The Master of Death. Survivor. Breaking.)Tony Stark never thought he would be a father. But when a lawyer comes knocking and truths become evident, he realizes that he can’t let his son walk out of his life. For Harry, acknowledging his relationship with Tony is a last-ditch effort to gain freedom and control over his life. Although the journey might not be easy, Tony and Harry learn to heal and become a family, facing trials and tribulations on the way such as a scheming Death, a Mad Titian, Dark Wizards, dangerous Doctors, and living Wards. Minor Peter Parker/Harry Potter. No pairings for Tony. Strong T rating for talk of sensitive subject matter. No explicit sexual content, but an author who uses too much bad language.(Look forward to Runic magic, Quantum Theory, Peter Parker, lots of Marvel villains, and a author who tries too hard.)","Graphic Depictions Of Violence, Lily Evans Potter/Tony Stark, Harry Potter & Tony Stark, minor Harry Potter/Peter Parker, Tony Stark, Harry Potter, Lily Potter, James Potter, Loki (Marvel), Thor (Marvel), Steve Rogers, Bruce Banner, Natasha Romanov, Clint Barton, Nick Fury, Phil Coulson, Death - Character, Albus Dumbledore, Peter Parker, Matt Murdock, Stephen Strange, Tony Stark Has Issues, Parent Tony Stark, BAMF Tony Stark, BAMF Harry, Dark Harry Potter, Abused Harry, Physical Abuse, Past Abuse, Implied/Referenced Child Abuse, Alcohol Abuse/Alcoholism, Additional Warnings Apply, Implied/Referenced Rape/Non-con, Past Rape/Non-con, Smart Harry, Angst with a Happy Ending, Pseudoscience, Magical Realism, Runes, Powerful Harry, Master of Death, Tony Stark Needs a Hug, This isn't as dark as it sounds, it's about healing, Family, Peter Parker Needs a Hug, Precious Peter Parker, Peter Parker is a Mess, Smart Harry Potter, Tony Stark Has a Heart, Science Bros"
Go Ugly Early,https://archiveofourown.org/works/4388126,just_another_tinker,English,252965,75,"He’s The Captain?This was not good. This was so not good. There were theories of course, of what The Captain would look like. Most followed the typical Hollywoodesque belief that he was some version of the Godfather, sitting in a dark room with a cigar, commanding his forces with a flick of his wrist.  There were even some that even thought that The Captain was not one person, but a whole network of people with eyes and ears everywhere.The blonde Adonis in front of him was definitely not what Tony was expecting. Of course, in the end it didn’t matter. There was a reason no one knew what The Captain looked like. Because anyone who saw his face never lived to tell the tale.","Graphic Depictions Of Violence, Steve Rogers/Tony Stark, Minor or Background Relationship(s), Clint Barton/Phil Coulson, James ""Bucky"" Barnes/Natasha Romanov, Steve Rogers, Tony Stark, Clint Barton, James ""Bucky"" Barnes, Natasha Romanov, Thor (Marvel), Loki (Marvel), Phil Coulson, Maria Hill, Nick Fury, Obadiah Stane, Justin Hammer, Johann Schmidt, James ""Rhodey"" Rhodes, Pepper Potts, Peggy Carter, Sam Wilson (Marvel), Alexander Pierce, Brock Rumlow, Arnim Zola, Abraham Erskine, Violence, Murder, Character Death, Blood and Gore, Torture, Kidnapping, Alternate Universe - Mob, Hurt/Comfort, Hydra (Marvel), Hurt Steve Rogers, Hurt Tony Stark, Enemies to Friends to Lovers, Howard Stark's A+ Parenting, Emotional Hurt/Comfort, Lies, Guns, Everyone Needs A Hug, Protective Steve Rogers, Protective Tony Stark, Protective Bucky Barnes, Not Canon Compliant, POV Multiple"
Spider-man Reborn,https://archiveofourown.org/works/54900004,Karireiin,English,180159,42,"The spell Dr. Stephen Strange cast did not only make the world forget Peter Parker- it unmade him.Peter is reborn in Gotham, born into a new family with a second chance at life. Could he save them from Parker Luck before he loses his family again? Can Peter survive Gotham and it's Rogues?Incomplete: Part 1 is done but it splits to two separate endings which are still being written.","Creator Chose Not To Use Archive Warnings, Peter Parker & Bruce Wayne, Dick Grayson & Peter Parker, Peter Parker & Jason Todd, Selina Kyle & Peter Parker, Tim Drake, Stephanie Brown, Duke Thomas, Damian Wayne, Cassandra Cain, Bruce Wayne, Peter Parker, Kid Fic, Kid Peter Parker, Baby Peter Parker, Batfamily (DCU) Feels, Precious Peter Parker, Reincarnation, Good Parent Bruce Wayne, Alternate Universe - Reincarnation, Fluff and Angst, Warning: Skip Westcott, Implied/Referenced Rape/Non-con, Bruce Wayne Tries to Be a Good Parent, Peter Parker Needs a Hug"
The Prodigal Son,https://archiveofourown.org/works/42576558,denimbeans,English,133875,39,"The Winter Soldier was an omen. He was unstoppable in his goals, vicious in his execution. Cold and unfeeling as his name. He was a herald of death, a shadow in the night, a name only in the words of dying men, whispered syllables on blood-coated lips. The Winter Soldier was also dead.It's been months. Bucky should feel better. But standing next to Percy on the other side of the police tape, looking over the tally of bodies that just keeps growing, he can't help but feel anything but dread. The Winter Soldier was gone. But it was becoming brutally apparent that he was not the only ghost who had taken up clawing his way through innocents.","No Archive Warnings Apply, James ""Bucky"" Barnes/Percy Jackson, Percy Jackson & Tony Stark, James ""Bucky"" Barnes & Tony Stark, Peter Parker & Tony Stark, Percy Jackson & Peter Parker, James ""Bucky"" Barnes & Peter Parker, Percy Jackson, James ""Bucky"" Barnes, Tony Stark, Peter Parker, Mrs. O'Leary (Percy Jackson), Natasha Romanov (Marvel), Michelle Jones, Ned Leeds, Poseidon (Percy Jackson), Clint Barton, Steve Rogers, Wanda Maximoff, Sam Wilson (Marvel), T'Challa (Marvel), Shuri (Marvel), Pepper Potts, James ""Rhodey"" Rhodes, Wade Wilson, Matt Murdock, Stephen Strange, Franklin ""Foggy"" Nelson, Karen Page, Post-Captain America: Civil War (Movie), Canon Divergence - Captain America: Civil War (Movie), Post-Captain America: The Winter Soldier, Tony Stark Has a Heart, Tony Stark Acting as Peter Parker's Parental Figure, BAMF Tony Stark, Alternate Universe - Canon Divergence, Brazilian Percy Jackson, Hawaiian Percy Jackson, Bisexual Percy Jackson, Demisexual Percy Jackson, Awesome James ""Rhodey"" Rhodes, BAMF Peter Parker, Trans Peter Parker, Peter Parker Needs a Hug, Bucky Barnes Needs a Hug, BAMF Bucky Barnes, Gay Bucky Barnes, Percy Jackson Needs a Hug, Wade Wilson is a Good Friend, Powerful Percy Jackson, BAMF Percy Jackson, Bloodbending (Percy Jackson), Fluff and Angst, get ready boys, this ones a doozy, but i did listen to hozier while writing literally all of this so, theres that, Blind Percy Jackson"
